date,family,forecast,lower_ci,upper_ci
2017-08-16,GROCERY I,227115.37357142862,0,641600.9303392858
2017-08-17,GROCERY I,229546.46936734696,0,648468.7759627551
2017-08-18,GROCERY I,234502.5241341108,0,662469.6306788629
2017-08-19,GROCERY I,233971.18158184094,0,660968.5879687006
2017-08-20,GROCERY I,233305.97423638962,0,659089.3772178006
2017-08-21,GROCERY I,229715.04884158814,0,648945.0129774865
2017-08-22,GROCERY I,230337.81381895786,0,650704.3240385558
2017-08-23,GROCERY I,231213.48365023755,0,653178.091311921
2017-08-24,GROCERY I,231798.9279472103,0,654831.971450869
2017-08-25,GROCERY I,232120.70774433363,0,655740.9993777424
2017-08-26,GROCERY I,231780.44826007975,0,654779.7663347252
2017-08-27,GROCERY I,231467.486356971,0,653895.648958443
2017-08-28,GROCERY I,231204.84523133977,0,653153.6877785348
2017-08-29,GROCERY I,231417.67328701858,0,653754.9270358274
2017-08-30,GROCERY I,231571.93892531298,0,654190.7274640091
2017-08-31,GROCERY I,231623.14682175228,0,654335.3897714501
2017-09-01,GROCERY I,231598.03523240116,0,654264.4495315332
2017-09-02,GROCERY I,231523.36773069648,0,654053.5138392175
2017-09-03,GROCERY I,231486.6419407846,0,653949.7634827165
2017-09-04,GROCERY I,231489.37845275798,0,653957.4941290412
2017-09-05,GROCERY I,231530.02605581773,0,654072.323607685
2017-09-06,GROCERY I,231546.07645136048,0,654117.6659750933
2017-09-07,GROCERY I,231542.3818122244,0,654107.2286195338
2017-09-08,GROCERY I,231530.84395372044,0,654074.6341692602
2017-09-09,GROCERY I,231521.2451996232,0,654047.5176889355
2017-09-10,GROCERY I,231520.94198089844,0,654046.6610960381
2017-09-11,GROCERY I,231525.84198662895,0,654060.5036122267
2017-09-12,GROCERY I,231531.0510628962,0,654075.2192526817
2017-09-13,GROCERY I,231531.19749247885,0,654075.6329162527
2017-09-14,GROCERY I,231529.07192692434,0,654069.6281935612
2017-09-15,GROCERY I,231527.17051473865,0,654064.2567041366
2017-09-16,GROCERY I,231526.64573774123,0,654062.7742091189
2017-09-17,GROCERY I,231527.41724318665,0,654064.9537120023
2017-09-18,GROCERY I,231528.3422806564,0,654067.5669428542
2017-09-19,GROCERY I,231528.69946551745,0,654068.5759900868
2017-09-20,GROCERY I,231528.3635230348,0,654067.6269525732
2017-09-21,GROCERY I,231527.95867025707,0,654066.4832434761
2017-09-22,GROCERY I,231527.79963359033,0,654066.0339648926
2017-09-23,GROCERY I,231527.889507712,0,654066.2878592864
2017-09-24,GROCERY I,231528.06718913637,0,654066.7898093102
2017-09-25,GROCERY I,231528.16003855778,0,654067.0521089257
2017-09-26,GROCERY I,231528.13400397226,0,654066.9785612215
2017-09-27,GROCERY I,231528.0532237515,0,654066.750357098
2017-09-28,GROCERY I,231528.00889528246,0,654066.6251291729
2017-09-29,GROCERY I,231528.01607028607,0,654066.6453985581
2017-09-30,GROCERY I,231528.0469898141,0,654066.7327462247
2017-10-01,GROCERY I,231528.06948725722,0,654066.7963015016
2017-10-02,GROCERY I,231528.0698155602,0,654066.7972289574
2017-10-03,GROCERY I,231528.05692656056,0,654066.7608175335
2017-10-04,GROCERY I,231528.04591550172,0,654066.7297112923
2017-10-05,GROCERY I,231528.04487146603,0,654066.7267618915
2017-10-06,GROCERY I,231528.05001092082,0,654066.7412808513
2017-10-07,GROCERY I,231528.05485958295,0,654066.7549783217
2017-10-08,GROCERY I,231528.05598383563,0,654066.7581543355
2017-10-09,GROCERY I,231528.05405477542,0,654066.7527047405
2017-10-10,GROCERY I,231528.05180323473,0,654066.746344138
2017-10-11,GROCERY I,231528.05107133108,0,654066.7442765102
2017-10-12,GROCERY I,231528.0518078781,0,654066.7463572556
2017-10-13,GROCERY I,231528.0527987941,0,654066.7491565932
2017-10-14,GROCERY I,231528.0531970617,0,654066.7502816992
2017-10-15,GROCERY I,231528.0529595587,0,654066.7496107533
2017-10-16,GROCERY I,231528.05252751912,0,654066.7483902414
2017-10-17,GROCERY I,231528.05230933966,0,654066.7477738844
2017-10-18,GROCERY I,231528.05238164036,0,654066.747978134
2017-10-19,GROCERY I,231528.05256882735,0,654066.7485069372
2017-10-20,GROCERY I,231528.05267753438,0,654066.7488140345
2017-10-21,GROCERY I,231528.0526602116,0,654066.7487650977
2017-10-22,GROCERY I,231528.05258351873,0,654066.7485484404
2017-10-23,GROCERY I,231528.05252979873,0,654066.7483966814
2017-10-24,GROCERY I,231528.0525301244,0,654066.7483976014
2017-10-25,GROCERY I,231528.0525616651,0,654066.7484867038
2017-10-26,GROCERY I,231528.0525873829,0,654066.7485593567
2017-10-27,GROCERY I,231528.0525900337,0,654066.7485668452
2017-10-28,GROCERY I,231528.0525775336,0,654066.7485315324
2017-10-29,GROCERY I,231528.05256572246,0,654066.7484981659
2017-10-30,GROCERY I,231528.05256318013,0,654066.7484909839
2017-10-31,GROCERY I,231528.0525679489,0,654066.7485044556
2017-11-01,GROCERY I,231528.0525733524,0,654066.7485197205
2017-11-02,GROCERY I,231528.052575022,0,654066.7485244371
2017-11-03,GROCERY I,231528.05257325617,0,654066.7485194486
2017-11-04,GROCERY I,231528.0525708594,0,654066.7485126777
2017-11-05,GROCERY I,231528.05256990594,0,654066.7485099842
2017-11-06,GROCERY I,231528.05257050358,0,654066.7485116726
2017-11-07,GROCERY I,231528.05257154978,0,654066.748514628
2017-11-08,GROCERY I,231528.0525720642,0,654066.7485160813
2017-11-09,GROCERY I,231528.05257188017,0,654066.7485155615
2017-11-10,GROCERY I,231528.0525714313,0,654066.7485142933
2017-11-11,GROCERY I,231528.05257117058,0,654066.7485135568
2017-11-12,GROCERY I,231528.05257121506,0,654066.7485136825
2017-11-13,GROCERY I,231528.05257140208,0,654066.7485142108
2017-11-14,GROCERY I,231528.05257153045,0,654066.7485145734
2017-11-15,GROCERY I,231528.0525715277,0,654066.7485145656
2017-11-16,GROCERY I,231528.05257145106,0,654066.7485143492
2017-11-17,GROCERY I,231528.05257138974,0,654066.748514176
2017-11-18,GROCERY I,231528.05257138383,0,654066.7485141592
2017-11-19,GROCERY I,231528.05257141427,0,654066.7485142453
2017-11-20,GROCERY I,231528.0525714427,0,654066.7485143256
2017-11-21,GROCERY I,231528.05257144853,0,654066.748514342
2017-11-22,GROCERY I,231528.05257143683,0,654066.748514309
2017-11-23,GROCERY I,231528.05257142385,0,654066.7485142723
2017-11-24,GROCERY I,231528.05257141995,0,654066.7485142613
2017-11-25,GROCERY I,231528.05257142425,0,654066.7485142734
2017-11-26,GROCERY I,231528.05257143005,0,654066.7485142899
2017-11-27,GROCERY I,231528.0525714323,0,654066.7485142961
2017-11-28,GROCERY I,231528.0525714308,0,654066.748514292
2017-11-29,GROCERY I,231528.05257142827,0,654066.7485142848
2017-11-30,GROCERY I,231528.05257142705,0,654066.7485142814
2017-12-01,GROCERY I,231528.0525714275,0,654066.7485142826
2017-12-02,GROCERY I,231528.05257142862,0,654066.7485142858
2017-12-03,GROCERY I,231528.05257142923,0,654066.7485142875
2017-12-04,GROCERY I,231528.0525714291,0,654066.7485142872
2017-12-05,GROCERY I,231528.05257142868,0,654066.748514286
2017-12-06,GROCERY I,231528.0525714284,0,654066.7485142851
2017-12-07,GROCERY I,231528.05257142842,0,654066.7485142852
2017-12-08,GROCERY I,231528.05257142862,0,654066.7485142858
2017-12-09,GROCERY I,231528.05257142877,0,654066.7485142862
2017-12-10,GROCERY I,231528.05257142874,0,654066.7485142861
2017-12-11,GROCERY I,231528.05257142868,0,654066.748514286
2017-12-12,GROCERY I,231528.05257142862,0,654066.7485142858
2017-12-13,GROCERY I,231528.05257142862,0,654066.7485142858
2017-12-14,GROCERY I,231528.05257142868,0,654066.748514286
2017-12-15,GROCERY I,231528.0525714287,0,654066.748514286
2017-12-16,GROCERY I,231528.0525714287,0,654066.748514286
2017-12-17,GROCERY I,231528.05257142868,0,654066.748514286
2017-12-18,GROCERY I,231528.05257142868,0,654066.748514286
2017-12-19,GROCERY I,231528.05257142868,0,654066.748514286
2017-12-20,GROCERY I,231528.05257142868,0,654066.748514286
2017-12-21,GROCERY I,231528.0525714287,0,654066.748514286
2017-12-22,GROCERY I,231528.0525714287,0,654066.748514286
2017-12-23,GROCERY I,231528.0525714287,0,654066.748514286
2017-12-24,GROCERY I,231528.05257142868,0,654066.748514286
2017-12-25,GROCERY I,231528.05257142868,0,654066.748514286
2017-12-26,GROCERY I,231528.0525714287,0,654066.748514286
2017-12-27,GROCERY I,231528.0525714287,0,654066.748514286
2017-12-28,GROCERY I,231528.0525714287,0,654066.748514286
2017-12-29,GROCERY I,231528.0525714287,0,654066.748514286
2017-12-30,GROCERY I,231528.0525714287,0,654066.748514286
2017-12-31,GROCERY I,231528.0525714287,0,654066.748514286
2018-01-01,GROCERY I,231528.0525714287,0,654066.748514286
2018-01-02,GROCERY I,231528.0525714287,0,654066.748514286
2018-01-03,GROCERY I,231528.0525714287,0,654066.748514286
2018-01-04,GROCERY I,231528.0525714287,0,654066.748514286
2018-01-05,GROCERY I,231528.0525714287,0,654066.748514286
2018-01-06,GROCERY I,231528.0525714287,0,654066.748514286
2018-01-07,GROCERY I,231528.0525714287,0,654066.748514286
2018-01-08,GROCERY I,231528.0525714287,0,654066.748514286
2018-01-09,GROCERY I,231528.0525714287,0,654066.748514286
2018-01-10,GROCERY I,231528.0525714287,0,654066.748514286
2018-01-11,GROCERY I,231528.0525714287,0,654066.748514286
2018-01-12,GROCERY I,231528.0525714287,0,654066.748514286
2018-01-13,GROCERY I,231528.0525714287,0,654066.748514286
2018-01-14,GROCERY I,231528.0525714287,0,654066.748514286
2018-01-15,GROCERY I,231528.0525714287,0,654066.748514286
2018-01-16,GROCERY I,231528.0525714287,0,654066.748514286
2018-01-17,GROCERY I,231528.0525714287,0,654066.748514286
2018-01-18,GROCERY I,231528.0525714287,0,654066.748514286
2018-01-19,GROCERY I,231528.0525714287,0,654066.748514286
2018-01-20,GROCERY I,231528.0525714287,0,654066.748514286
2018-01-21,GROCERY I,231528.0525714287,0,654066.748514286
2018-01-22,GROCERY I,231528.0525714287,0,654066.748514286
2018-01-23,GROCERY I,231528.0525714287,0,654066.748514286
2018-01-24,GROCERY I,231528.0525714287,0,654066.748514286
2018-01-25,GROCERY I,231528.0525714287,0,654066.748514286
2018-01-26,GROCERY I,231528.0525714287,0,654066.748514286
2018-01-27,GROCERY I,231528.0525714287,0,654066.748514286
2018-01-28,GROCERY I,231528.0525714287,0,654066.748514286
2018-01-29,GROCERY I,231528.0525714287,0,654066.748514286
2018-01-30,GROCERY I,231528.0525714287,0,654066.748514286
2018-01-31,GROCERY I,231528.0525714287,0,654066.748514286
2018-02-01,GROCERY I,231528.0525714287,0,654066.748514286
2018-02-02,GROCERY I,231528.0525714287,0,654066.748514286
2018-02-03,GROCERY I,231528.0525714287,0,654066.748514286
2018-02-04,GROCERY I,231528.0525714287,0,654066.748514286
2018-02-05,GROCERY I,231528.0525714287,0,654066.748514286
2018-02-06,GROCERY I,231528.0525714287,0,654066.748514286
2018-02-07,GROCERY I,231528.0525714287,0,654066.748514286
2018-02-08,GROCERY I,231528.0525714287,0,654066.748514286
2018-02-09,GROCERY I,231528.0525714287,0,654066.748514286
2018-02-10,GROCERY I,231528.0525714287,0,654066.748514286
2018-02-11,GROCERY I,231528.0525714287,0,654066.748514286
2018-02-12,GROCERY I,231528.0525714287,0,654066.748514286
2018-02-13,GROCERY I,231528.0525714287,0,654066.748514286
2018-02-14,GROCERY I,231528.0525714287,0,654066.748514286
2018-02-15,GROCERY I,231528.0525714287,0,654066.748514286
2018-02-16,GROCERY I,231528.0525714287,0,654066.748514286
2018-02-17,GROCERY I,231528.0525714287,0,654066.748514286
2018-02-18,GROCERY I,231528.0525714287,0,654066.748514286
2018-02-19,GROCERY I,231528.0525714287,0,654066.748514286
2018-02-20,GROCERY I,231528.0525714287,0,654066.748514286
2018-02-21,GROCERY I,231528.0525714287,0,654066.748514286
2018-02-22,GROCERY I,231528.0525714287,0,654066.748514286
2018-02-23,GROCERY I,231528.0525714287,0,654066.748514286
2018-02-24,GROCERY I,231528.0525714287,0,654066.748514286
2018-02-25,GROCERY I,231528.0525714287,0,654066.748514286
2018-02-26,GROCERY I,231528.0525714287,0,654066.748514286
2018-02-27,GROCERY I,231528.0525714287,0,654066.748514286
2018-02-28,GROCERY I,231528.0525714287,0,654066.748514286
2018-03-01,GROCERY I,231528.0525714287,0,654066.748514286
2018-03-02,GROCERY I,231528.0525714287,0,654066.748514286
2018-03-03,GROCERY I,231528.0525714287,0,654066.748514286
2018-03-04,GROCERY I,231528.0525714287,0,654066.748514286
2018-03-05,GROCERY I,231528.0525714287,0,654066.748514286
2018-03-06,GROCERY I,231528.0525714287,0,654066.748514286
2018-03-07,GROCERY I,231528.0525714287,0,654066.748514286
2018-03-08,GROCERY I,231528.0525714287,0,654066.748514286
2018-03-09,GROCERY I,231528.0525714287,0,654066.748514286
2018-03-10,GROCERY I,231528.0525714287,0,654066.748514286
2018-03-11,GROCERY I,231528.0525714287,0,654066.748514286
2018-03-12,GROCERY I,231528.0525714287,0,654066.748514286
2018-03-13,GROCERY I,231528.0525714287,0,654066.748514286
2018-03-14,GROCERY I,231528.0525714287,0,654066.748514286
2018-03-15,GROCERY I,231528.0525714287,0,654066.748514286
2018-03-16,GROCERY I,231528.0525714287,0,654066.748514286
2018-03-17,GROCERY I,231528.0525714287,0,654066.748514286
2018-03-18,GROCERY I,231528.0525714287,0,654066.748514286
2018-03-19,GROCERY I,231528.0525714287,0,654066.748514286
2018-03-20,GROCERY I,231528.0525714287,0,654066.748514286
2018-03-21,GROCERY I,231528.0525714287,0,654066.748514286
2018-03-22,GROCERY I,231528.0525714287,0,654066.748514286
2018-03-23,GROCERY I,231528.0525714287,0,654066.748514286
2018-03-24,GROCERY I,231528.0525714287,0,654066.748514286
2018-03-25,GROCERY I,231528.0525714287,0,654066.748514286
2018-03-26,GROCERY I,231528.0525714287,0,654066.748514286
2018-03-27,GROCERY I,231528.0525714287,0,654066.748514286
2018-03-28,GROCERY I,231528.0525714287,0,654066.748514286
2018-03-29,GROCERY I,231528.0525714287,0,654066.748514286
2018-03-30,GROCERY I,231528.0525714287,0,654066.748514286
2018-03-31,GROCERY I,231528.0525714287,0,654066.748514286
2018-04-01,GROCERY I,231528.0525714287,0,654066.748514286
2018-04-02,GROCERY I,231528.0525714287,0,654066.748514286
2018-04-03,GROCERY I,231528.0525714287,0,654066.748514286
2018-04-04,GROCERY I,231528.0525714287,0,654066.748514286
2018-04-05,GROCERY I,231528.0525714287,0,654066.748514286
2018-04-06,GROCERY I,231528.0525714287,0,654066.748514286
2018-04-07,GROCERY I,231528.0525714287,0,654066.748514286
2018-04-08,GROCERY I,231528.0525714287,0,654066.748514286
2018-04-09,GROCERY I,231528.0525714287,0,654066.748514286
2018-04-10,GROCERY I,231528.0525714287,0,654066.748514286
2018-04-11,GROCERY I,231528.0525714287,0,654066.748514286
2018-04-12,GROCERY I,231528.0525714287,0,654066.748514286
2018-04-13,GROCERY I,231528.0525714287,0,654066.748514286
2018-04-14,GROCERY I,231528.0525714287,0,654066.748514286
2018-04-15,GROCERY I,231528.0525714287,0,654066.748514286
2018-04-16,GROCERY I,231528.0525714287,0,654066.748514286
2018-04-17,GROCERY I,231528.0525714287,0,654066.748514286
2018-04-18,GROCERY I,231528.0525714287,0,654066.748514286
2018-04-19,GROCERY I,231528.0525714287,0,654066.748514286
2018-04-20,GROCERY I,231528.0525714287,0,654066.748514286
2018-04-21,GROCERY I,231528.0525714287,0,654066.748514286
2018-04-22,GROCERY I,231528.0525714287,0,654066.748514286
2018-04-23,GROCERY I,231528.0525714287,0,654066.748514286
2018-04-24,GROCERY I,231528.0525714287,0,654066.748514286
2018-04-25,GROCERY I,231528.0525714287,0,654066.748514286
2018-04-26,GROCERY I,231528.0525714287,0,654066.748514286
2018-04-27,GROCERY I,231528.0525714287,0,654066.748514286
2018-04-28,GROCERY I,231528.0525714287,0,654066.748514286
2018-04-29,GROCERY I,231528.0525714287,0,654066.748514286
2018-04-30,GROCERY I,231528.0525714287,0,654066.748514286
2018-05-01,GROCERY I,231528.0525714287,0,654066.748514286
2018-05-02,GROCERY I,231528.0525714287,0,654066.748514286
2018-05-03,GROCERY I,231528.0525714287,0,654066.748514286
2018-05-04,GROCERY I,231528.0525714287,0,654066.748514286
2018-05-05,GROCERY I,231528.0525714287,0,654066.748514286
2018-05-06,GROCERY I,231528.0525714287,0,654066.748514286
2018-05-07,GROCERY I,231528.0525714287,0,654066.748514286
2018-05-08,GROCERY I,231528.0525714287,0,654066.748514286
2018-05-09,GROCERY I,231528.0525714287,0,654066.748514286
2018-05-10,GROCERY I,231528.0525714287,0,654066.748514286
2018-05-11,GROCERY I,231528.0525714287,0,654066.748514286
2018-05-12,GROCERY I,231528.0525714287,0,654066.748514286
2018-05-13,GROCERY I,231528.0525714287,0,654066.748514286
2018-05-14,GROCERY I,231528.0525714287,0,654066.748514286
2018-05-15,GROCERY I,231528.0525714287,0,654066.748514286
2018-05-16,GROCERY I,231528.0525714287,0,654066.748514286
2018-05-17,GROCERY I,231528.0525714287,0,654066.748514286
2018-05-18,GROCERY I,231528.0525714287,0,654066.748514286
2018-05-19,GROCERY I,231528.0525714287,0,654066.748514286
2018-05-20,GROCERY I,231528.0525714287,0,654066.748514286
2018-05-21,GROCERY I,231528.0525714287,0,654066.748514286
2018-05-22,GROCERY I,231528.0525714287,0,654066.748514286
2018-05-23,GROCERY I,231528.0525714287,0,654066.748514286
2018-05-24,GROCERY I,231528.0525714287,0,654066.748514286
2018-05-25,GROCERY I,231528.0525714287,0,654066.748514286
2018-05-26,GROCERY I,231528.0525714287,0,654066.748514286
2018-05-27,GROCERY I,231528.0525714287,0,654066.748514286
2018-05-28,GROCERY I,231528.0525714287,0,654066.748514286
2018-05-29,GROCERY I,231528.0525714287,0,654066.748514286
2018-05-30,GROCERY I,231528.0525714287,0,654066.748514286
2018-05-31,GROCERY I,231528.0525714287,0,654066.748514286
2018-06-01,GROCERY I,231528.0525714287,0,654066.748514286
2018-06-02,GROCERY I,231528.0525714287,0,654066.748514286
2018-06-03,GROCERY I,231528.0525714287,0,654066.748514286
2018-06-04,GROCERY I,231528.0525714287,0,654066.748514286
2018-06-05,GROCERY I,231528.0525714287,0,654066.748514286
2018-06-06,GROCERY I,231528.0525714287,0,654066.748514286
2018-06-07,GROCERY I,231528.0525714287,0,654066.748514286
2018-06-08,GROCERY I,231528.0525714287,0,654066.748514286
2018-06-09,GROCERY I,231528.0525714287,0,654066.748514286
2018-06-10,GROCERY I,231528.0525714287,0,654066.748514286
2018-06-11,GROCERY I,231528.0525714287,0,654066.748514286
2018-06-12,GROCERY I,231528.0525714287,0,654066.748514286
2018-06-13,GROCERY I,231528.0525714287,0,654066.748514286
2018-06-14,GROCERY I,231528.0525714287,0,654066.748514286
2018-06-15,GROCERY I,231528.0525714287,0,654066.748514286
2018-06-16,GROCERY I,231528.0525714287,0,654066.748514286
2018-06-17,GROCERY I,231528.0525714287,0,654066.748514286
2018-06-18,GROCERY I,231528.0525714287,0,654066.748514286
2018-06-19,GROCERY I,231528.0525714287,0,654066.748514286
2018-06-20,GROCERY I,231528.0525714287,0,654066.748514286
2018-06-21,GROCERY I,231528.0525714287,0,654066.748514286
2018-06-22,GROCERY I,231528.0525714287,0,654066.748514286
2018-06-23,GROCERY I,231528.0525714287,0,654066.748514286
2018-06-24,GROCERY I,231528.0525714287,0,654066.748514286
2018-06-25,GROCERY I,231528.0525714287,0,654066.748514286
2018-06-26,GROCERY I,231528.0525714287,0,654066.748514286
2018-06-27,GROCERY I,231528.0525714287,0,654066.748514286
2018-06-28,GROCERY I,231528.0525714287,0,654066.748514286
2018-06-29,GROCERY I,231528.0525714287,0,654066.748514286
2018-06-30,GROCERY I,231528.0525714287,0,654066.748514286
2018-07-01,GROCERY I,231528.0525714287,0,654066.748514286
2018-07-02,GROCERY I,231528.0525714287,0,654066.748514286
2018-07-03,GROCERY I,231528.0525714287,0,654066.748514286
2018-07-04,GROCERY I,231528.0525714287,0,654066.748514286
2018-07-05,GROCERY I,231528.0525714287,0,654066.748514286
2018-07-06,GROCERY I,231528.0525714287,0,654066.748514286
2018-07-07,GROCERY I,231528.0525714287,0,654066.748514286
2018-07-08,GROCERY I,231528.0525714287,0,654066.748514286
2018-07-09,GROCERY I,231528.0525714287,0,654066.748514286
2018-07-10,GROCERY I,231528.0525714287,0,654066.748514286
2018-07-11,GROCERY I,231528.0525714287,0,654066.748514286
2018-07-12,GROCERY I,231528.0525714287,0,654066.748514286
2018-07-13,GROCERY I,231528.0525714287,0,654066.748514286
2018-07-14,GROCERY I,231528.0525714287,0,654066.748514286
2018-07-15,GROCERY I,231528.0525714287,0,654066.748514286
2018-07-16,GROCERY I,231528.0525714287,0,654066.748514286
2018-07-17,GROCERY I,231528.0525714287,0,654066.748514286
2018-07-18,GROCERY I,231528.0525714287,0,654066.748514286
2018-07-19,GROCERY I,231528.0525714287,0,654066.748514286
2018-07-20,GROCERY I,231528.0525714287,0,654066.748514286
2018-07-21,GROCERY I,231528.0525714287,0,654066.748514286
2018-07-22,GROCERY I,231528.0525714287,0,654066.748514286
2018-07-23,GROCERY I,231528.0525714287,0,654066.748514286
2018-07-24,GROCERY I,231528.0525714287,0,654066.748514286
2018-07-25,GROCERY I,231528.0525714287,0,654066.748514286
2018-07-26,GROCERY I,231528.0525714287,0,654066.748514286
2018-07-27,GROCERY I,231528.0525714287,0,654066.748514286
2018-07-28,GROCERY I,231528.0525714287,0,654066.748514286
2018-07-29,GROCERY I,231528.0525714287,0,654066.748514286
2018-07-30,GROCERY I,231528.0525714287,0,654066.748514286
2018-07-31,GROCERY I,231528.0525714287,0,654066.748514286
2018-08-01,GROCERY I,231528.0525714287,0,654066.748514286
2018-08-02,GROCERY I,231528.0525714287,0,654066.748514286
2018-08-03,GROCERY I,231528.0525714287,0,654066.748514286
2018-08-04,GROCERY I,231528.0525714287,0,654066.748514286
2018-08-05,GROCERY I,231528.0525714287,0,654066.748514286
2018-08-06,GROCERY I,231528.0525714287,0,654066.748514286
2018-08-07,GROCERY I,231528.0525714287,0,654066.748514286
2018-08-08,GROCERY I,231528.0525714287,0,654066.748514286
2018-08-09,GROCERY I,231528.0525714287,0,654066.748514286
2018-08-10,GROCERY I,231528.0525714287,0,654066.748514286
2018-08-11,GROCERY I,231528.0525714287,0,654066.748514286
2018-08-12,GROCERY I,231528.0525714287,0,654066.748514286
2018-08-13,GROCERY I,231528.0525714287,0,654066.748514286
2018-08-14,GROCERY I,231528.0525714287,0,654066.748514286
2018-08-15,GROCERY I,231528.0525714287,0,654066.748514286
2017-08-16,BEVERAGES,175549.57142857142,0,495927.5392857142
2017-08-17,BEVERAGES,178769.51020408163,0,505023.8663265305
2017-08-18,BEVERAGES,181958.15451895044,0,514031.7865160349
2017-08-19,BEVERAGES,180936.3194502291,0,511145.10244689713
2017-08-20,BEVERAGES,180738.93651454753,0,510587.4956535967
2017-08-21,BEVERAGES,177651.07030234003,0,501864.2736041105
2017-08-22,BEVERAGES,178053.79463124572,0,503001.96983326913
2017-08-23,BEVERAGES,179093.90814999514,0,505940.2905237362
2017-08-24,BEVERAGES,179600.24196734137,0,507370.6835577393
2017-08-25,BEVERAGES,179718.91793352136,0,507705.9431621978
2017-08-26,BEVERAGES,179399.02699274576,0,506802.2512545067
2017-08-27,BEVERAGES,179179.41378453383,0,506181.84394130803
2017-08-28,BEVERAGES,178956.62482310328,0,505552.4651252667
2017-08-29,BEVERAGES,179143.13261178375,0,506079.34962828906
2017-08-30,BEVERAGES,179298.7523232892,0,506518.97531329194
2017-08-31,BEVERAGES,179328.01577661693,0,506601.6445689428
2017-09-01,BEVERAGES,179289.12632079917,0,506491.78185625764
2017-09-02,BEVERAGES,179227.7275189817,0,506318.3302411233
2017-09-03,BEVERAGES,179203.25616558685,0,506249.1986677828
2017-09-04,BEVERAGES,179206.66222002296,0,506258.82077156485
2017-09-05,BEVERAGES,179242.38184815433,0,506359.72872103594
2017-09-06,BEVERAGES,179256.56031049302,0,506399.7828771427
2017-09-07,BEVERAGES,179250.53288009358,0,506382.7553862643
2017-09-08,BEVERAGES,179239.46389487598,0,506351.4855030246
2017-09-09,BEVERAGES,179232.36926260122,0,506331.4431668484
2017-09-10,BEVERAGES,179233.03236883256,0,506333.31644195196
2017-09-11,BEVERAGES,179237.28611215338,0,506345.3332668333
2017-09-12,BEVERAGES,179241.6609538863,0,506357.69219472876
2017-09-13,BEVERAGES,179241.55796899088,0,506357.40126239916
2017-09-14,BEVERAGES,179239.41477734773,0,506351.3467460073
2017-09-15,BEVERAGES,179237.82647695547,0,506346.85979739914
2017-09-16,BEVERAGES,179237.59256010968,0,506346.1989823098
2017-09-17,BEVERAGES,179238.338745468,0,506348.3069559471
2017-09-18,BEVERAGES,179239.09679927307,0,506350.44845794636
2017-09-19,BEVERAGES,179239.35546886158,0,506351.17919953394
2017-09-20,BEVERAGES,179239.02611385804,0,506350.2487716489
2017-09-21,BEVERAGES,179238.66442026763,0,506349.22698725597
2017-09-22,BEVERAGES,179238.55722639902,0,506348.92416457715
2017-09-23,BEVERAGES,179238.66161917668,0,506349.21907417406
2017-09-24,BEVERAGES,179238.81434190055,0,506349.650515869
2017-09-25,BEVERAGES,179238.88228424807,0,506349.8424530008
2017-09-26,BEVERAGES,179238.8516392445,0,506349.7558808657
2017-09-27,BEVERAGES,179238.77966358492,0,506349.5525496274
2017-09-28,BEVERAGES,179238.74445640304,0,506349.45308933855
2017-09-29,BEVERAGES,179238.75589013664,0,506349.48538963596
2017-09-30,BEVERAGES,179238.78427067059,0,506349.56556464435
2017-10-01,BEVERAGES,179238.80179231262,0,506349.61506328307
2017-10-02,BEVERAGES,179238.79999951433,0,506349.6099986279
2017-10-03,BEVERAGES,179238.7882445524,0,506349.57679086045
2017-10-04,BEVERAGES,179238.7791881678,0,506349.55120657396
2017-10-05,BEVERAGES,179238.77912025107,0,506349.5510147092
2017-10-06,BEVERAGES,179238.78407222935,0,506349.5650040479
2017-10-07,BEVERAGES,179238.7880982426,0,506349.5763775353
2017-10-08,BEVERAGES,179238.78864503858,0,506349.57792223396
2017-10-09,BEVERAGES,179238.7867668566,0,506349.5726163698
2017-10-10,BEVERAGES,179238.78487647694,0,506349.5672760473
2017-10-11,BEVERAGES,179238.7843953233,0,506349.5659167883
2017-10-12,BEVERAGES,179238.78513920264,0,506349.5680182474
2017-10-13,BEVERAGES,179238.78599905287,0,506349.5704473243
2017-10-14,BEVERAGES,179238.78627431337,0,506349.57122493524
2017-10-15,BEVERAGES,179238.78601375205,0,506349.5704888495
2017-10-16,BEVERAGES,179238.78563785396,0,506349.5694269374
2017-10-17,BEVERAGES,179238.78547656786,0,506349.56897130416
2017-10-18,BEVERAGES,179238.78556229518,0,506349.56921348383
2017-10-19,BEVERAGES,179238.78572900544,0,506349.5696844403
2017-10-20,BEVERAGES,179238.78581326298,0,506349.56992246787
2017-10-21,BEVERAGES,179238.78578672156,0,506349.56984748837
2017-10-22,BEVERAGES,179238.7857170656,0,506349.56965071027
2017-10-23,BEVERAGES,179238.78567468183,0,506349.5695309761
2017-10-24,BEVERAGES,179238.78567994296,0,506349.5695458388
2017-10-25,BEVERAGES,179238.7857089965,0,506349.56962791504
2017-10-26,BEVERAGES,179238.78572995382,0,506349.56968711945
2017-10-27,BEVERAGES,179238.7857300893,0,506349.5696875022
2017-10-28,BEVERAGES,179238.78571820733,0,506349.5696539357
2017-10-29,BEVERAGES,179238.78570841957,0,506349.5696262852
2017-10-30,BEVERAGES,179238.78570718443,0,506349.56962279597
2017-10-31,BEVERAGES,179238.7857118277,0,506349.5696359132
2017-11-01,BEVERAGES,179238.78571638264,0,506349.5696487809
2017-11-02,BEVERAGES,179238.7857174378,0,506349.56965176173
2017-11-03,BEVERAGES,179238.78571564984,0,506349.56964671076
2017-11-04,BEVERAGES,179238.78571358704,0,506349.56964088336
2017-11-05,BEVERAGES,179238.78571292697,0,506349.5696390186
2017-11-06,BEVERAGES,179238.7857135709,0,506349.5696408377
2017-11-07,BEVERAGES,179238.7857144833,0,506349.5696434153
2017-11-08,BEVERAGES,179238.78571486266,0,506349.569644487
2017-11-09,BEVERAGES,179238.7857146455,0,506349.5696438735
2017-11-10,BEVERAGES,179238.7857142466,0,506349.5696427466
2017-11-11,BEVERAGES,179238.78571404613,0,506349.5696421803
2017-11-12,BEVERAGES,179238.78571411173,0,506349.56964236556
2017-11-13,BEVERAGES,179238.785714281,0,506349.56964284374
2017-11-14,BEVERAGES,179238.7857143824,0,506349.56964313023
2017-11-15,BEVERAGES,179238.78571436796,0,506349.56964308943
2017-11-16,BEVERAGES,179238.78571429732,0,506349.5696428899
2017-11-17,BEVERAGES,179238.78571424758,0,506349.5696427494
2017-11-18,BEVERAGES,179238.78571424773,0,506349.5696427498
2017-11-19,BEVERAGES,179238.78571427654,0,506349.56964283116
2017-11-20,BEVERAGES,179238.7857143001,0,506349.5696428977
2017-11-21,BEVERAGES,179238.78571430282,0,506349.56964290544
2017-11-22,BEVERAGES,179238.78571429147,0,506349.56964287336
2017-11-23,BEVERAGES,179238.78571428053,0,506349.56964284246
2017-11-24,BEVERAGES,179238.78571427808,0,506349.56964283553
2017-11-25,BEVERAGES,179238.78571428245,0,506349.56964284787
2017-11-26,BEVERAGES,179238.7857142874,0,506349.56964286184
2017-11-27,BEVERAGES,179238.78571428897,0,506349.56964286626
2017-11-28,BEVERAGES,179238.78571428737,0,506349.5696428618
2017-11-29,BEVERAGES,179238.7857142852,0,506349.5696428556
2017-11-30,BEVERAGES,179238.78571428428,0,506349.56964285305
2017-12-01,BEVERAGES,179238.7857142848,0,506349.56964285456
2017-12-02,BEVERAGES,179238.78571428577,0,506349.56964285724
2017-12-03,BEVERAGES,179238.78571428623,0,506349.5696428586
2017-12-04,BEVERAGES,179238.7857142861,0,506349.5696428582
2017-12-05,BEVERAGES,179238.78571428568,0,506349.569642857
2017-12-06,BEVERAGES,179238.78571428545,0,506349.56964285637
2017-12-07,BEVERAGES,179238.78571428548,0,506349.5696428564
2017-12-08,BEVERAGES,179238.78571428565,0,506349.5696428569
2017-12-09,BEVERAGES,179238.78571428577,0,506349.56964285724
2017-12-10,BEVERAGES,179238.78571428574,0,506349.5696428572
2017-12-11,BEVERAGES,179238.78571428568,0,506349.569642857
2017-12-12,BEVERAGES,179238.78571428565,0,506349.5696428569
2017-12-13,BEVERAGES,179238.78571428565,0,506349.5696428569
2017-12-14,BEVERAGES,179238.78571428568,0,506349.569642857
2017-12-15,BEVERAGES,179238.78571428568,0,506349.569642857
2017-12-16,BEVERAGES,179238.78571428568,0,506349.569642857
2017-12-17,BEVERAGES,179238.78571428568,0,506349.569642857
2017-12-18,BEVERAGES,179238.78571428568,0,506349.569642857
2017-12-19,BEVERAGES,179238.78571428568,0,506349.569642857
2017-12-20,BEVERAGES,179238.78571428568,0,506349.569642857
2017-12-21,BEVERAGES,179238.78571428568,0,506349.569642857
2017-12-22,BEVERAGES,179238.78571428568,0,506349.569642857
2017-12-23,BEVERAGES,179238.78571428568,0,506349.569642857
2017-12-24,BEVERAGES,179238.78571428568,0,506349.569642857
2017-12-25,BEVERAGES,179238.78571428568,0,506349.569642857
2017-12-26,BEVERAGES,179238.78571428568,0,506349.569642857
2017-12-27,BEVERAGES,179238.78571428568,0,506349.569642857
2017-12-28,BEVERAGES,179238.78571428568,0,506349.569642857
2017-12-29,BEVERAGES,179238.78571428568,0,506349.569642857
2017-12-30,BEVERAGES,179238.78571428568,0,506349.569642857
2017-12-31,BEVERAGES,179238.78571428568,0,506349.569642857
2018-01-01,BEVERAGES,179238.78571428568,0,506349.569642857
2018-01-02,BEVERAGES,179238.78571428568,0,506349.569642857
2018-01-03,BEVERAGES,179238.78571428568,0,506349.569642857
2018-01-04,BEVERAGES,179238.78571428568,0,506349.569642857
2018-01-05,BEVERAGES,179238.78571428568,0,506349.569642857
2018-01-06,BEVERAGES,179238.78571428568,0,506349.569642857
2018-01-07,BEVERAGES,179238.78571428568,0,506349.569642857
2018-01-08,BEVERAGES,179238.78571428568,0,506349.569642857
2018-01-09,BEVERAGES,179238.78571428568,0,506349.569642857
2018-01-10,BEVERAGES,179238.78571428568,0,506349.569642857
2018-01-11,BEVERAGES,179238.78571428568,0,506349.569642857
2018-01-12,BEVERAGES,179238.78571428568,0,506349.569642857
2018-01-13,BEVERAGES,179238.78571428568,0,506349.569642857
2018-01-14,BEVERAGES,179238.78571428568,0,506349.569642857
2018-01-15,BEVERAGES,179238.78571428568,0,506349.569642857
2018-01-16,BEVERAGES,179238.78571428568,0,506349.569642857
2018-01-17,BEVERAGES,179238.78571428568,0,506349.569642857
2018-01-18,BEVERAGES,179238.78571428568,0,506349.569642857
2018-01-19,BEVERAGES,179238.78571428568,0,506349.569642857
2018-01-20,BEVERAGES,179238.78571428568,0,506349.569642857
2018-01-21,BEVERAGES,179238.78571428568,0,506349.569642857
2018-01-22,BEVERAGES,179238.78571428568,0,506349.569642857
2018-01-23,BEVERAGES,179238.78571428568,0,506349.569642857
2018-01-24,BEVERAGES,179238.78571428568,0,506349.569642857
2018-01-25,BEVERAGES,179238.78571428568,0,506349.569642857
2018-01-26,BEVERAGES,179238.78571428568,0,506349.569642857
2018-01-27,BEVERAGES,179238.78571428568,0,506349.569642857
2018-01-28,BEVERAGES,179238.78571428568,0,506349.569642857
2018-01-29,BEVERAGES,179238.78571428568,0,506349.569642857
2018-01-30,BEVERAGES,179238.78571428568,0,506349.569642857
2018-01-31,BEVERAGES,179238.78571428568,0,506349.569642857
2018-02-01,BEVERAGES,179238.78571428568,0,506349.569642857
2018-02-02,BEVERAGES,179238.78571428568,0,506349.569642857
2018-02-03,BEVERAGES,179238.78571428568,0,506349.569642857
2018-02-04,BEVERAGES,179238.78571428568,0,506349.569642857
2018-02-05,BEVERAGES,179238.78571428568,0,506349.569642857
2018-02-06,BEVERAGES,179238.78571428568,0,506349.569642857
2018-02-07,BEVERAGES,179238.78571428568,0,506349.569642857
2018-02-08,BEVERAGES,179238.78571428568,0,506349.569642857
2018-02-09,BEVERAGES,179238.78571428568,0,506349.569642857
2018-02-10,BEVERAGES,179238.78571428568,0,506349.569642857
2018-02-11,BEVERAGES,179238.78571428568,0,506349.569642857
2018-02-12,BEVERAGES,179238.78571428568,0,506349.569642857
2018-02-13,BEVERAGES,179238.78571428568,0,506349.569642857
2018-02-14,BEVERAGES,179238.78571428568,0,506349.569642857
2018-02-15,BEVERAGES,179238.78571428568,0,506349.569642857
2018-02-16,BEVERAGES,179238.78571428568,0,506349.569642857
2018-02-17,BEVERAGES,179238.78571428568,0,506349.569642857
2018-02-18,BEVERAGES,179238.78571428568,0,506349.569642857
2018-02-19,BEVERAGES,179238.78571428568,0,506349.569642857
2018-02-20,BEVERAGES,179238.78571428568,0,506349.569642857
2018-02-21,BEVERAGES,179238.78571428568,0,506349.569642857
2018-02-22,BEVERAGES,179238.78571428568,0,506349.569642857
2018-02-23,BEVERAGES,179238.78571428568,0,506349.569642857
2018-02-24,BEVERAGES,179238.78571428568,0,506349.569642857
2018-02-25,BEVERAGES,179238.78571428568,0,506349.569642857
2018-02-26,BEVERAGES,179238.78571428568,0,506349.569642857
2018-02-27,BEVERAGES,179238.78571428568,0,506349.569642857
2018-02-28,BEVERAGES,179238.78571428568,0,506349.569642857
2018-03-01,BEVERAGES,179238.78571428568,0,506349.569642857
2018-03-02,BEVERAGES,179238.78571428568,0,506349.569642857
2018-03-03,BEVERAGES,179238.78571428568,0,506349.569642857
2018-03-04,BEVERAGES,179238.78571428568,0,506349.569642857
2018-03-05,BEVERAGES,179238.78571428568,0,506349.569642857
2018-03-06,BEVERAGES,179238.78571428568,0,506349.569642857
2018-03-07,BEVERAGES,179238.78571428568,0,506349.569642857
2018-03-08,BEVERAGES,179238.78571428568,0,506349.569642857
2018-03-09,BEVERAGES,179238.78571428568,0,506349.569642857
2018-03-10,BEVERAGES,179238.78571428568,0,506349.569642857
2018-03-11,BEVERAGES,179238.78571428568,0,506349.569642857
2018-03-12,BEVERAGES,179238.78571428568,0,506349.569642857
2018-03-13,BEVERAGES,179238.78571428568,0,506349.569642857
2018-03-14,BEVERAGES,179238.78571428568,0,506349.569642857
2018-03-15,BEVERAGES,179238.78571428568,0,506349.569642857
2018-03-16,BEVERAGES,179238.78571428568,0,506349.569642857
2018-03-17,BEVERAGES,179238.78571428568,0,506349.569642857
2018-03-18,BEVERAGES,179238.78571428568,0,506349.569642857
2018-03-19,BEVERAGES,179238.78571428568,0,506349.569642857
2018-03-20,BEVERAGES,179238.78571428568,0,506349.569642857
2018-03-21,BEVERAGES,179238.78571428568,0,506349.569642857
2018-03-22,BEVERAGES,179238.78571428568,0,506349.569642857
2018-03-23,BEVERAGES,179238.78571428568,0,506349.569642857
2018-03-24,BEVERAGES,179238.78571428568,0,506349.569642857
2018-03-25,BEVERAGES,179238.78571428568,0,506349.569642857
2018-03-26,BEVERAGES,179238.78571428568,0,506349.569642857
2018-03-27,BEVERAGES,179238.78571428568,0,506349.569642857
2018-03-28,BEVERAGES,179238.78571428568,0,506349.569642857
2018-03-29,BEVERAGES,179238.78571428568,0,506349.569642857
2018-03-30,BEVERAGES,179238.78571428568,0,506349.569642857
2018-03-31,BEVERAGES,179238.78571428568,0,506349.569642857
2018-04-01,BEVERAGES,179238.78571428568,0,506349.569642857
2018-04-02,BEVERAGES,179238.78571428568,0,506349.569642857
2018-04-03,BEVERAGES,179238.78571428568,0,506349.569642857
2018-04-04,BEVERAGES,179238.78571428568,0,506349.569642857
2018-04-05,BEVERAGES,179238.78571428568,0,506349.569642857
2018-04-06,BEVERAGES,179238.78571428568,0,506349.569642857
2018-04-07,BEVERAGES,179238.78571428568,0,506349.569642857
2018-04-08,BEVERAGES,179238.78571428568,0,506349.569642857
2018-04-09,BEVERAGES,179238.78571428568,0,506349.569642857
2018-04-10,BEVERAGES,179238.78571428568,0,506349.569642857
2018-04-11,BEVERAGES,179238.78571428568,0,506349.569642857
2018-04-12,BEVERAGES,179238.78571428568,0,506349.569642857
2018-04-13,BEVERAGES,179238.78571428568,0,506349.569642857
2018-04-14,BEVERAGES,179238.78571428568,0,506349.569642857
2018-04-15,BEVERAGES,179238.78571428568,0,506349.569642857
2018-04-16,BEVERAGES,179238.78571428568,0,506349.569642857
2018-04-17,BEVERAGES,179238.78571428568,0,506349.569642857
2018-04-18,BEVERAGES,179238.78571428568,0,506349.569642857
2018-04-19,BEVERAGES,179238.78571428568,0,506349.569642857
2018-04-20,BEVERAGES,179238.78571428568,0,506349.569642857
2018-04-21,BEVERAGES,179238.78571428568,0,506349.569642857
2018-04-22,BEVERAGES,179238.78571428568,0,506349.569642857
2018-04-23,BEVERAGES,179238.78571428568,0,506349.569642857
2018-04-24,BEVERAGES,179238.78571428568,0,506349.569642857
2018-04-25,BEVERAGES,179238.78571428568,0,506349.569642857
2018-04-26,BEVERAGES,179238.78571428568,0,506349.569642857
2018-04-27,BEVERAGES,179238.78571428568,0,506349.569642857
2018-04-28,BEVERAGES,179238.78571428568,0,506349.569642857
2018-04-29,BEVERAGES,179238.78571428568,0,506349.569642857
2018-04-30,BEVERAGES,179238.78571428568,0,506349.569642857
2018-05-01,BEVERAGES,179238.78571428568,0,506349.569642857
2018-05-02,BEVERAGES,179238.78571428568,0,506349.569642857
2018-05-03,BEVERAGES,179238.78571428568,0,506349.569642857
2018-05-04,BEVERAGES,179238.78571428568,0,506349.569642857
2018-05-05,BEVERAGES,179238.78571428568,0,506349.569642857
2018-05-06,BEVERAGES,179238.78571428568,0,506349.569642857
2018-05-07,BEVERAGES,179238.78571428568,0,506349.569642857
2018-05-08,BEVERAGES,179238.78571428568,0,506349.569642857
2018-05-09,BEVERAGES,179238.78571428568,0,506349.569642857
2018-05-10,BEVERAGES,179238.78571428568,0,506349.569642857
2018-05-11,BEVERAGES,179238.78571428568,0,506349.569642857
2018-05-12,BEVERAGES,179238.78571428568,0,506349.569642857
2018-05-13,BEVERAGES,179238.78571428568,0,506349.569642857
2018-05-14,BEVERAGES,179238.78571428568,0,506349.569642857
2018-05-15,BEVERAGES,179238.78571428568,0,506349.569642857
2018-05-16,BEVERAGES,179238.78571428568,0,506349.569642857
2018-05-17,BEVERAGES,179238.78571428568,0,506349.569642857
2018-05-18,BEVERAGES,179238.78571428568,0,506349.569642857
2018-05-19,BEVERAGES,179238.78571428568,0,506349.569642857
2018-05-20,BEVERAGES,179238.78571428568,0,506349.569642857
2018-05-21,BEVERAGES,179238.78571428568,0,506349.569642857
2018-05-22,BEVERAGES,179238.78571428568,0,506349.569642857
2018-05-23,BEVERAGES,179238.78571428568,0,506349.569642857
2018-05-24,BEVERAGES,179238.78571428568,0,506349.569642857
2018-05-25,BEVERAGES,179238.78571428568,0,506349.569642857
2018-05-26,BEVERAGES,179238.78571428568,0,506349.569642857
2018-05-27,BEVERAGES,179238.78571428568,0,506349.569642857
2018-05-28,BEVERAGES,179238.78571428568,0,506349.569642857
2018-05-29,BEVERAGES,179238.78571428568,0,506349.569642857
2018-05-30,BEVERAGES,179238.78571428568,0,506349.569642857
2018-05-31,BEVERAGES,179238.78571428568,0,506349.569642857
2018-06-01,BEVERAGES,179238.78571428568,0,506349.569642857
2018-06-02,BEVERAGES,179238.78571428568,0,506349.569642857
2018-06-03,BEVERAGES,179238.78571428568,0,506349.569642857
2018-06-04,BEVERAGES,179238.78571428568,0,506349.569642857
2018-06-05,BEVERAGES,179238.78571428568,0,506349.569642857
2018-06-06,BEVERAGES,179238.78571428568,0,506349.569642857
2018-06-07,BEVERAGES,179238.78571428568,0,506349.569642857
2018-06-08,BEVERAGES,179238.78571428568,0,506349.569642857
2018-06-09,BEVERAGES,179238.78571428568,0,506349.569642857
2018-06-10,BEVERAGES,179238.78571428568,0,506349.569642857
2018-06-11,BEVERAGES,179238.78571428568,0,506349.569642857
2018-06-12,BEVERAGES,179238.78571428568,0,506349.569642857
2018-06-13,BEVERAGES,179238.78571428568,0,506349.569642857
2018-06-14,BEVERAGES,179238.78571428568,0,506349.569642857
2018-06-15,BEVERAGES,179238.78571428568,0,506349.569642857
2018-06-16,BEVERAGES,179238.78571428568,0,506349.569642857
2018-06-17,BEVERAGES,179238.78571428568,0,506349.569642857
2018-06-18,BEVERAGES,179238.78571428568,0,506349.569642857
2018-06-19,BEVERAGES,179238.78571428568,0,506349.569642857
2018-06-20,BEVERAGES,179238.78571428568,0,506349.569642857
2018-06-21,BEVERAGES,179238.78571428568,0,506349.569642857
2018-06-22,BEVERAGES,179238.78571428568,0,506349.569642857
2018-06-23,BEVERAGES,179238.78571428568,0,506349.569642857
2018-06-24,BEVERAGES,179238.78571428568,0,506349.569642857
2018-06-25,BEVERAGES,179238.78571428568,0,506349.569642857
2018-06-26,BEVERAGES,179238.78571428568,0,506349.569642857
2018-06-27,BEVERAGES,179238.78571428568,0,506349.569642857
2018-06-28,BEVERAGES,179238.78571428568,0,506349.569642857
2018-06-29,BEVERAGES,179238.78571428568,0,506349.569642857
2018-06-30,BEVERAGES,179238.78571428568,0,506349.569642857
2018-07-01,BEVERAGES,179238.78571428568,0,506349.569642857
2018-07-02,BEVERAGES,179238.78571428568,0,506349.569642857
2018-07-03,BEVERAGES,179238.78571428568,0,506349.569642857
2018-07-04,BEVERAGES,179238.78571428568,0,506349.569642857
2018-07-05,BEVERAGES,179238.78571428568,0,506349.569642857
2018-07-06,BEVERAGES,179238.78571428568,0,506349.569642857
2018-07-07,BEVERAGES,179238.78571428568,0,506349.569642857
2018-07-08,BEVERAGES,179238.78571428568,0,506349.569642857
2018-07-09,BEVERAGES,179238.78571428568,0,506349.569642857
2018-07-10,BEVERAGES,179238.78571428568,0,506349.569642857
2018-07-11,BEVERAGES,179238.78571428568,0,506349.569642857
2018-07-12,BEVERAGES,179238.78571428568,0,506349.569642857
2018-07-13,BEVERAGES,179238.78571428568,0,506349.569642857
2018-07-14,BEVERAGES,179238.78571428568,0,506349.569642857
2018-07-15,BEVERAGES,179238.78571428568,0,506349.569642857
2018-07-16,BEVERAGES,179238.78571428568,0,506349.569642857
2018-07-17,BEVERAGES,179238.78571428568,0,506349.569642857
2018-07-18,BEVERAGES,179238.78571428568,0,506349.569642857
2018-07-19,BEVERAGES,179238.78571428568,0,506349.569642857
2018-07-20,BEVERAGES,179238.78571428568,0,506349.569642857
2018-07-21,BEVERAGES,179238.78571428568,0,506349.569642857
2018-07-22,BEVERAGES,179238.78571428568,0,506349.569642857
2018-07-23,BEVERAGES,179238.78571428568,0,506349.569642857
2018-07-24,BEVERAGES,179238.78571428568,0,506349.569642857
2018-07-25,BEVERAGES,179238.78571428568,0,506349.569642857
2018-07-26,BEVERAGES,179238.78571428568,0,506349.569642857
2018-07-27,BEVERAGES,179238.78571428568,0,506349.569642857
2018-07-28,BEVERAGES,179238.78571428568,0,506349.569642857
2018-07-29,BEVERAGES,179238.78571428568,0,506349.569642857
2018-07-30,BEVERAGES,179238.78571428568,0,506349.569642857
2018-07-31,BEVERAGES,179238.78571428568,0,506349.569642857
2018-08-01,BEVERAGES,179238.78571428568,0,506349.569642857
2018-08-02,BEVERAGES,179238.78571428568,0,506349.569642857
2018-08-03,BEVERAGES,179238.78571428568,0,506349.569642857
2018-08-04,BEVERAGES,179238.78571428568,0,506349.569642857
2018-08-05,BEVERAGES,179238.78571428568,0,506349.569642857
2018-08-06,BEVERAGES,179238.78571428568,0,506349.569642857
2018-08-07,BEVERAGES,179238.78571428568,0,506349.569642857
2018-08-08,BEVERAGES,179238.78571428568,0,506349.569642857
2018-08-09,BEVERAGES,179238.78571428568,0,506349.569642857
2018-08-10,BEVERAGES,179238.78571428568,0,506349.569642857
2018-08-11,BEVERAGES,179238.78571428568,0,506349.569642857
2018-08-12,BEVERAGES,179238.78571428568,0,506349.569642857
2018-08-13,BEVERAGES,179238.78571428568,0,506349.569642857
2018-08-14,BEVERAGES,179238.78571428568,0,506349.569642857
2018-08-15,BEVERAGES,179238.78571428568,0,506349.569642857
2017-08-16,PRODUCE,118688.18342857144,0,335294.1181857143
2017-08-17,PRODUCE,115099.90720408164,0,325157.2378515306
2017-08-18,PRODUCE,118657.85051895045,0,335208.427716035
2017-08-19,PRODUCE,118646.38016451479,0,335176.02396475425
2017-08-20,PRODUCE,119626.09861658832,0,337943.72859186196
2017-08-21,PRODUCE,118726.42670467237,0,335402.1554406994
2017-08-22,PRODUCE,119221.97394819699,0,336802.07640365645
2017-08-23,PRODUCE,118380.974369368,0,334426.25259346457
2017-08-24,PRODUCE,118337.08736091037,0,334302.2717945718
2017-08-25,PRODUCE,118799.54166902877,0,335608.70521500625
2017-08-26,PRODUCE,118819.78326189709,0,335665.8877148592
2017-08-27,PRODUCE,118844.55513295169,0,335735.8682505885
2017-08-28,PRODUCE,118732.90606386075,0,335420.4596304066
2017-08-29,PRODUCE,118733.83168660196,0,335423.0745146505
2017-08-30,PRODUCE,118664.09707780265,0,335226.07424479246
2017-08-31,PRODUCE,118704.54317900761,0,335340.3344806965
2017-09-01,PRODUCE,118757.03686730722,0,335488.6291501429
2017-09-02,PRODUCE,118750.96475277557,0,335471.47542659094
2017-09-03,PRODUCE,118741.13353718679,0,335443.70224255265
2017-09-04,PRODUCE,118726.35902350608,0,335401.96424140467
2017-09-05,PRODUCE,118725.42373202683,0,335399.32204297575
2017-09-06,PRODUCE,118724.22259565897,0,335395.92883273656
2017-09-07,PRODUCE,118732.81195535274,0,335420.19377387146
2017-09-08,PRODUCE,118736.85035197347,0,335431.602244325
2017-09-09,PRODUCE,118733.96656406864,0,335423.4555434939
2017-09-10,PRODUCE,118731.53825139622,0,335416.5955601943
2017-09-11,PRODUCE,118730.16749628329,0,335412.72317700024
2017-09-12,PRODUCE,118730.7115638229,0,335414.26016779966
2017-09-13,PRODUCE,118731.46696836517,0,335416.3941856316
2017-09-14,PRODUCE,118732.50187875178,0,335419.31780747377
2017-09-15,PRODUCE,118732.45758209449,0,335419.1926694169
2017-09-16,PRODUCE,118731.83004354035,0,335417.41987300146
2017-09-17,PRODUCE,118731.52482632201,0,335416.55763435963
2017-09-18,PRODUCE,118731.52290845428,0,335416.55221638334
2017-09-19,PRODUCE,118731.71653876442,0,335417.0992220095
2017-09-20,PRODUCE,118731.86010661323,0,335417.5048011823
2017-09-21,PRODUCE,118731.91626922008,0,335417.6634605467
2017-09-22,PRODUCE,118731.83261071556,0,335417.4271252714
2017-09-23,PRODUCE,118731.74332908998,0,335417.1749046792
2017-09-24,PRODUCE,118731.73094131135,0,335417.13990920456
2017-09-25,PRODUCE,118731.76038630983,0,335417.22309132526
2017-09-26,PRODUCE,118731.79431171776,0,335417.31893060263
2017-09-27,PRODUCE,118731.80542213967,0,335417.35031754454
2017-09-28,PRODUCE,118731.79761007204,0,335417.3282484535
2017-09-29,PRODUCE,118731.78065876519,0,335417.2803610116
2017-09-30,PRODUCE,118731.77323705799,0,335417.25939468876
2017-10-01,PRODUCE,118731.77750962484,0,335417.27146469016
2017-10-02,PRODUCE,118731.78416224105,0,335417.29025833093
2017-10-03,PRODUCE,118731.78755880265,0,335417.29985361744
2017-10-04,PRODUCE,118731.78659410049,0,335417.2971283338
2017-10-05,PRODUCE,118731.78390438062,0,335417.2895298752
2017-10-06,PRODUCE,118731.7819464247,0,335417.28399864974
2017-10-07,PRODUCE,118731.78213037606,0,335417.2845183123
2017-10-08,PRODUCE,118731.78340085005,0,335417.28810740134
2017-10-09,PRODUCE,118731.78424245366,0,335417.29048493155
2017-10-10,PRODUCE,118731.7842539126,0,335417.29051730304
2017-10-11,PRODUCE,118731.78378178545,0,335417.2891835439
2017-10-12,PRODUCE,118731.78338002614,0,335417.2880485738
2017-10-13,PRODUCE,118731.78330511837,0,335417.28783695935
2017-10-14,PRODUCE,118731.78349921746,0,335417.2883852893
2017-10-15,PRODUCE,118731.78369476624,0,335417.2889377146
2017-10-16,PRODUCE,118731.78373675428,0,335417.2890563308
2017-10-17,PRODUCE,118731.7836645115,0,335417.28885224496
2017-10-18,PRODUCE,118731.78358031136,0,335417.28861437953
2017-10-19,PRODUCE,118731.78355152933,0,335417.2885330703
2017-10-20,PRODUCE,118731.78357602979,0,335417.2886022841
2017-10-21,PRODUCE,118731.78361473142,0,335417.28871161625
2017-10-22,PRODUCE,118731.78363123341,0,335417.28875823435
2017-10-23,PRODUCE,118731.7836221573,0,335417.28873259434
2017-10-24,PRODUCE,118731.78360578629,0,335417.2886863462
2017-10-25,PRODUCE,118731.78359739696,0,335417.2886626464
2017-10-26,PRODUCE,118731.78359983777,0,335417.28866954165
2017-10-27,PRODUCE,118731.78360673899,0,335417.2886890376
2017-10-28,PRODUCE,118731.78361112603,0,335417.288701431
2017-10-29,PRODUCE,118731.78361061098,0,335417.288699976
2017-10-30,PRODUCE,118731.7836076649,0,335417.2886916533
2017-10-31,PRODUCE,118731.78360559455,0,335417.2886858046
2017-11-01,PRODUCE,118731.78360556717,0,335417.2886857272
2017-11-02,PRODUCE,118731.78360673435,0,335417.2886890245
2017-11-03,PRODUCE,118731.78360771957,0,335417.2886918078
2017-11-04,PRODUCE,118731.78360785964,0,335417.28869220347
2017-11-05,PRODUCE,118731.78360739302,0,335417.28869088524
2017-11-06,PRODUCE,118731.78360693331,0,335417.28868958657
2017-11-07,PRODUCE,118731.7836068288,0,335417.28868929134
2017-11-08,PRODUCE,118731.78360700511,0,335417.2886897894
2017-11-09,PRODUCE,118731.78360721054,0,335417.28869036975
2017-11-10,PRODUCE,118731.78360727857,0,335417.28869056195
2017-11-11,PRODUCE,118731.78360721558,0,335417.28869038395
2017-11-12,PRODUCE,118731.78360712357,0,335417.28869012406
2017-11-13,PRODUCE,118731.78360708508,0,335417.2886900153
2017-11-14,PRODUCE,118731.78360710676,0,335417.28869007656
2017-11-15,PRODUCE,118731.78360714647,0,335417.2886901887
2017-11-16,PRODUCE,118731.78360716665,0,335417.28869024577
2017-11-17,PRODUCE,118731.78360716037,0,335417.288690228
2017-11-18,PRODUCE,118731.78360714347,0,335417.2886901803
2017-11-19,PRODUCE,118731.78360713318,0,335417.28869015124
2017-11-20,PRODUCE,118731.78360713457,0,335417.28869015514
2017-11-21,PRODUCE,118731.78360714165,0,335417.28869017516
2017-11-22,PRODUCE,118731.78360714663,0,335417.2886901892
2017-11-23,PRODUCE,118731.78360714666,0,335417.2886901893
2017-11-24,PRODUCE,118731.78360714379,0,335417.28869018116
2017-11-25,PRODUCE,118731.78360714143,0,335417.2886901745
2017-11-26,PRODUCE,118731.78360714113,0,335417.28869017365
2017-11-27,PRODUCE,118731.78360714226,0,335417.28869017685
2017-11-28,PRODUCE,118731.78360714336,0,335417.28869017994
2017-11-29,PRODUCE,118731.7836071436,0,335417.28869018063
2017-11-30,PRODUCE,118731.78360714317,0,335417.2886901794
2017-12-01,PRODUCE,118731.78360714267,0,335417.288690178
2017-12-02,PRODUCE,118731.78360714251,0,335417.28869017755
2017-12-03,PRODUCE,118731.78360714266,0,335417.28869017796
2017-12-04,PRODUCE,118731.78360714288,0,335417.2886901786
2017-12-05,PRODUCE,118731.78360714298,0,335417.2886901789
2017-12-06,PRODUCE,118731.78360714293,0,335417.2886901788
2017-12-07,PRODUCE,118731.78360714283,0,335417.2886901785
2017-12-08,PRODUCE,118731.78360714279,0,335417.28869017836
2017-12-09,PRODUCE,118731.78360714279,0,335417.28869017836
2017-12-10,PRODUCE,118731.78360714283,0,335417.2886901785
2017-12-11,PRODUCE,118731.78360714285,0,335417.28869017854
2017-12-12,PRODUCE,118731.78360714286,0,335417.28869017854
2017-12-13,PRODUCE,118731.78360714285,0,335417.28869017854
2017-12-14,PRODUCE,118731.78360714283,0,335417.2886901785
2017-12-15,PRODUCE,118731.78360714285,0,335417.28869017854
2017-12-16,PRODUCE,118731.78360714285,0,335417.28869017854
2017-12-17,PRODUCE,118731.78360714285,0,335417.28869017854
2017-12-18,PRODUCE,118731.78360714286,0,335417.28869017854
2017-12-19,PRODUCE,118731.78360714286,0,335417.28869017854
2017-12-20,PRODUCE,118731.78360714285,0,335417.28869017854
2017-12-21,PRODUCE,118731.78360714285,0,335417.28869017854
2017-12-22,PRODUCE,118731.78360714285,0,335417.28869017854
2017-12-23,PRODUCE,118731.78360714286,0,335417.28869017854
2017-12-24,PRODUCE,118731.78360714286,0,335417.28869017854
2017-12-25,PRODUCE,118731.78360714286,0,335417.28869017854
2017-12-26,PRODUCE,118731.78360714286,0,335417.28869017854
2017-12-27,PRODUCE,118731.78360714285,0,335417.28869017854
2017-12-28,PRODUCE,118731.78360714286,0,335417.28869017854
2017-12-29,PRODUCE,118731.78360714286,0,335417.28869017854
2017-12-30,PRODUCE,118731.78360714286,0,335417.28869017854
2017-12-31,PRODUCE,118731.78360714286,0,335417.28869017854
2018-01-01,PRODUCE,118731.78360714286,0,335417.28869017854
2018-01-02,PRODUCE,118731.78360714286,0,335417.28869017854
2018-01-03,PRODUCE,118731.78360714286,0,335417.28869017854
2018-01-04,PRODUCE,118731.78360714286,0,335417.28869017854
2018-01-05,PRODUCE,118731.78360714286,0,335417.28869017854
2018-01-06,PRODUCE,118731.78360714286,0,335417.28869017854
2018-01-07,PRODUCE,118731.78360714286,0,335417.28869017854
2018-01-08,PRODUCE,118731.78360714286,0,335417.28869017854
2018-01-09,PRODUCE,118731.78360714286,0,335417.28869017854
2018-01-10,PRODUCE,118731.78360714286,0,335417.28869017854
2018-01-11,PRODUCE,118731.78360714286,0,335417.28869017854
2018-01-12,PRODUCE,118731.78360714286,0,335417.28869017854
2018-01-13,PRODUCE,118731.78360714286,0,335417.28869017854
2018-01-14,PRODUCE,118731.78360714286,0,335417.28869017854
2018-01-15,PRODUCE,118731.78360714286,0,335417.28869017854
2018-01-16,PRODUCE,118731.78360714286,0,335417.28869017854
2018-01-17,PRODUCE,118731.78360714286,0,335417.28869017854
2018-01-18,PRODUCE,118731.78360714286,0,335417.28869017854
2018-01-19,PRODUCE,118731.78360714286,0,335417.28869017854
2018-01-20,PRODUCE,118731.78360714286,0,335417.28869017854
2018-01-21,PRODUCE,118731.78360714286,0,335417.28869017854
2018-01-22,PRODUCE,118731.78360714286,0,335417.28869017854
2018-01-23,PRODUCE,118731.78360714286,0,335417.28869017854
2018-01-24,PRODUCE,118731.78360714286,0,335417.28869017854
2018-01-25,PRODUCE,118731.78360714286,0,335417.28869017854
2018-01-26,PRODUCE,118731.78360714286,0,335417.28869017854
2018-01-27,PRODUCE,118731.78360714286,0,335417.28869017854
2018-01-28,PRODUCE,118731.78360714286,0,335417.28869017854
2018-01-29,PRODUCE,118731.78360714286,0,335417.28869017854
2018-01-30,PRODUCE,118731.78360714286,0,335417.28869017854
2018-01-31,PRODUCE,118731.78360714286,0,335417.28869017854
2018-02-01,PRODUCE,118731.78360714286,0,335417.28869017854
2018-02-02,PRODUCE,118731.78360714286,0,335417.28869017854
2018-02-03,PRODUCE,118731.78360714286,0,335417.28869017854
2018-02-04,PRODUCE,118731.78360714286,0,335417.28869017854
2018-02-05,PRODUCE,118731.78360714286,0,335417.28869017854
2018-02-06,PRODUCE,118731.78360714286,0,335417.28869017854
2018-02-07,PRODUCE,118731.78360714286,0,335417.28869017854
2018-02-08,PRODUCE,118731.78360714286,0,335417.28869017854
2018-02-09,PRODUCE,118731.78360714286,0,335417.28869017854
2018-02-10,PRODUCE,118731.78360714286,0,335417.28869017854
2018-02-11,PRODUCE,118731.78360714286,0,335417.28869017854
2018-02-12,PRODUCE,118731.78360714286,0,335417.28869017854
2018-02-13,PRODUCE,118731.78360714286,0,335417.28869017854
2018-02-14,PRODUCE,118731.78360714286,0,335417.28869017854
2018-02-15,PRODUCE,118731.78360714286,0,335417.28869017854
2018-02-16,PRODUCE,118731.78360714286,0,335417.28869017854
2018-02-17,PRODUCE,118731.78360714286,0,335417.28869017854
2018-02-18,PRODUCE,118731.78360714286,0,335417.28869017854
2018-02-19,PRODUCE,118731.78360714286,0,335417.28869017854
2018-02-20,PRODUCE,118731.78360714286,0,335417.28869017854
2018-02-21,PRODUCE,118731.78360714286,0,335417.28869017854
2018-02-22,PRODUCE,118731.78360714286,0,335417.28869017854
2018-02-23,PRODUCE,118731.78360714286,0,335417.28869017854
2018-02-24,PRODUCE,118731.78360714286,0,335417.28869017854
2018-02-25,PRODUCE,118731.78360714286,0,335417.28869017854
2018-02-26,PRODUCE,118731.78360714286,0,335417.28869017854
2018-02-27,PRODUCE,118731.78360714286,0,335417.28869017854
2018-02-28,PRODUCE,118731.78360714286,0,335417.28869017854
2018-03-01,PRODUCE,118731.78360714286,0,335417.28869017854
2018-03-02,PRODUCE,118731.78360714286,0,335417.28869017854
2018-03-03,PRODUCE,118731.78360714286,0,335417.28869017854
2018-03-04,PRODUCE,118731.78360714286,0,335417.28869017854
2018-03-05,PRODUCE,118731.78360714286,0,335417.28869017854
2018-03-06,PRODUCE,118731.78360714286,0,335417.28869017854
2018-03-07,PRODUCE,118731.78360714286,0,335417.28869017854
2018-03-08,PRODUCE,118731.78360714286,0,335417.28869017854
2018-03-09,PRODUCE,118731.78360714286,0,335417.28869017854
2018-03-10,PRODUCE,118731.78360714286,0,335417.28869017854
2018-03-11,PRODUCE,118731.78360714286,0,335417.28869017854
2018-03-12,PRODUCE,118731.78360714286,0,335417.28869017854
2018-03-13,PRODUCE,118731.78360714286,0,335417.28869017854
2018-03-14,PRODUCE,118731.78360714286,0,335417.28869017854
2018-03-15,PRODUCE,118731.78360714286,0,335417.28869017854
2018-03-16,PRODUCE,118731.78360714286,0,335417.28869017854
2018-03-17,PRODUCE,118731.78360714286,0,335417.28869017854
2018-03-18,PRODUCE,118731.78360714286,0,335417.28869017854
2018-03-19,PRODUCE,118731.78360714286,0,335417.28869017854
2018-03-20,PRODUCE,118731.78360714286,0,335417.28869017854
2018-03-21,PRODUCE,118731.78360714286,0,335417.28869017854
2018-03-22,PRODUCE,118731.78360714286,0,335417.28869017854
2018-03-23,PRODUCE,118731.78360714286,0,335417.28869017854
2018-03-24,PRODUCE,118731.78360714286,0,335417.28869017854
2018-03-25,PRODUCE,118731.78360714286,0,335417.28869017854
2018-03-26,PRODUCE,118731.78360714286,0,335417.28869017854
2018-03-27,PRODUCE,118731.78360714286,0,335417.28869017854
2018-03-28,PRODUCE,118731.78360714286,0,335417.28869017854
2018-03-29,PRODUCE,118731.78360714286,0,335417.28869017854
2018-03-30,PRODUCE,118731.78360714286,0,335417.28869017854
2018-03-31,PRODUCE,118731.78360714286,0,335417.28869017854
2018-04-01,PRODUCE,118731.78360714286,0,335417.28869017854
2018-04-02,PRODUCE,118731.78360714286,0,335417.28869017854
2018-04-03,PRODUCE,118731.78360714286,0,335417.28869017854
2018-04-04,PRODUCE,118731.78360714286,0,335417.28869017854
2018-04-05,PRODUCE,118731.78360714286,0,335417.28869017854
2018-04-06,PRODUCE,118731.78360714286,0,335417.28869017854
2018-04-07,PRODUCE,118731.78360714286,0,335417.28869017854
2018-04-08,PRODUCE,118731.78360714286,0,335417.28869017854
2018-04-09,PRODUCE,118731.78360714286,0,335417.28869017854
2018-04-10,PRODUCE,118731.78360714286,0,335417.28869017854
2018-04-11,PRODUCE,118731.78360714286,0,335417.28869017854
2018-04-12,PRODUCE,118731.78360714286,0,335417.28869017854
2018-04-13,PRODUCE,118731.78360714286,0,335417.28869017854
2018-04-14,PRODUCE,118731.78360714286,0,335417.28869017854
2018-04-15,PRODUCE,118731.78360714286,0,335417.28869017854
2018-04-16,PRODUCE,118731.78360714286,0,335417.28869017854
2018-04-17,PRODUCE,118731.78360714286,0,335417.28869017854
2018-04-18,PRODUCE,118731.78360714286,0,335417.28869017854
2018-04-19,PRODUCE,118731.78360714286,0,335417.28869017854
2018-04-20,PRODUCE,118731.78360714286,0,335417.28869017854
2018-04-21,PRODUCE,118731.78360714286,0,335417.28869017854
2018-04-22,PRODUCE,118731.78360714286,0,335417.28869017854
2018-04-23,PRODUCE,118731.78360714286,0,335417.28869017854
2018-04-24,PRODUCE,118731.78360714286,0,335417.28869017854
2018-04-25,PRODUCE,118731.78360714286,0,335417.28869017854
2018-04-26,PRODUCE,118731.78360714286,0,335417.28869017854
2018-04-27,PRODUCE,118731.78360714286,0,335417.28869017854
2018-04-28,PRODUCE,118731.78360714286,0,335417.28869017854
2018-04-29,PRODUCE,118731.78360714286,0,335417.28869017854
2018-04-30,PRODUCE,118731.78360714286,0,335417.28869017854
2018-05-01,PRODUCE,118731.78360714286,0,335417.28869017854
2018-05-02,PRODUCE,118731.78360714286,0,335417.28869017854
2018-05-03,PRODUCE,118731.78360714286,0,335417.28869017854
2018-05-04,PRODUCE,118731.78360714286,0,335417.28869017854
2018-05-05,PRODUCE,118731.78360714286,0,335417.28869017854
2018-05-06,PRODUCE,118731.78360714286,0,335417.28869017854
2018-05-07,PRODUCE,118731.78360714286,0,335417.28869017854
2018-05-08,PRODUCE,118731.78360714286,0,335417.28869017854
2018-05-09,PRODUCE,118731.78360714286,0,335417.28869017854
2018-05-10,PRODUCE,118731.78360714286,0,335417.28869017854
2018-05-11,PRODUCE,118731.78360714286,0,335417.28869017854
2018-05-12,PRODUCE,118731.78360714286,0,335417.28869017854
2018-05-13,PRODUCE,118731.78360714286,0,335417.28869017854
2018-05-14,PRODUCE,118731.78360714286,0,335417.28869017854
2018-05-15,PRODUCE,118731.78360714286,0,335417.28869017854
2018-05-16,PRODUCE,118731.78360714286,0,335417.28869017854
2018-05-17,PRODUCE,118731.78360714286,0,335417.28869017854
2018-05-18,PRODUCE,118731.78360714286,0,335417.28869017854
2018-05-19,PRODUCE,118731.78360714286,0,335417.28869017854
2018-05-20,PRODUCE,118731.78360714286,0,335417.28869017854
2018-05-21,PRODUCE,118731.78360714286,0,335417.28869017854
2018-05-22,PRODUCE,118731.78360714286,0,335417.28869017854
2018-05-23,PRODUCE,118731.78360714286,0,335417.28869017854
2018-05-24,PRODUCE,118731.78360714286,0,335417.28869017854
2018-05-25,PRODUCE,118731.78360714286,0,335417.28869017854
2018-05-26,PRODUCE,118731.78360714286,0,335417.28869017854
2018-05-27,PRODUCE,118731.78360714286,0,335417.28869017854
2018-05-28,PRODUCE,118731.78360714286,0,335417.28869017854
2018-05-29,PRODUCE,118731.78360714286,0,335417.28869017854
2018-05-30,PRODUCE,118731.78360714286,0,335417.28869017854
2018-05-31,PRODUCE,118731.78360714286,0,335417.28869017854
2018-06-01,PRODUCE,118731.78360714286,0,335417.28869017854
2018-06-02,PRODUCE,118731.78360714286,0,335417.28869017854
2018-06-03,PRODUCE,118731.78360714286,0,335417.28869017854
2018-06-04,PRODUCE,118731.78360714286,0,335417.28869017854
2018-06-05,PRODUCE,118731.78360714286,0,335417.28869017854
2018-06-06,PRODUCE,118731.78360714286,0,335417.28869017854
2018-06-07,PRODUCE,118731.78360714286,0,335417.28869017854
2018-06-08,PRODUCE,118731.78360714286,0,335417.28869017854
2018-06-09,PRODUCE,118731.78360714286,0,335417.28869017854
2018-06-10,PRODUCE,118731.78360714286,0,335417.28869017854
2018-06-11,PRODUCE,118731.78360714286,0,335417.28869017854
2018-06-12,PRODUCE,118731.78360714286,0,335417.28869017854
2018-06-13,PRODUCE,118731.78360714286,0,335417.28869017854
2018-06-14,PRODUCE,118731.78360714286,0,335417.28869017854
2018-06-15,PRODUCE,118731.78360714286,0,335417.28869017854
2018-06-16,PRODUCE,118731.78360714286,0,335417.28869017854
2018-06-17,PRODUCE,118731.78360714286,0,335417.28869017854
2018-06-18,PRODUCE,118731.78360714286,0,335417.28869017854
2018-06-19,PRODUCE,118731.78360714286,0,335417.28869017854
2018-06-20,PRODUCE,118731.78360714286,0,335417.28869017854
2018-06-21,PRODUCE,118731.78360714286,0,335417.28869017854
2018-06-22,PRODUCE,118731.78360714286,0,335417.28869017854
2018-06-23,PRODUCE,118731.78360714286,0,335417.28869017854
2018-06-24,PRODUCE,118731.78360714286,0,335417.28869017854
2018-06-25,PRODUCE,118731.78360714286,0,335417.28869017854
2018-06-26,PRODUCE,118731.78360714286,0,335417.28869017854
2018-06-27,PRODUCE,118731.78360714286,0,335417.28869017854
2018-06-28,PRODUCE,118731.78360714286,0,335417.28869017854
2018-06-29,PRODUCE,118731.78360714286,0,335417.28869017854
2018-06-30,PRODUCE,118731.78360714286,0,335417.28869017854
2018-07-01,PRODUCE,118731.78360714286,0,335417.28869017854
2018-07-02,PRODUCE,118731.78360714286,0,335417.28869017854
2018-07-03,PRODUCE,118731.78360714286,0,335417.28869017854
2018-07-04,PRODUCE,118731.78360714286,0,335417.28869017854
2018-07-05,PRODUCE,118731.78360714286,0,335417.28869017854
2018-07-06,PRODUCE,118731.78360714286,0,335417.28869017854
2018-07-07,PRODUCE,118731.78360714286,0,335417.28869017854
2018-07-08,PRODUCE,118731.78360714286,0,335417.28869017854
2018-07-09,PRODUCE,118731.78360714286,0,335417.28869017854
2018-07-10,PRODUCE,118731.78360714286,0,335417.28869017854
2018-07-11,PRODUCE,118731.78360714286,0,335417.28869017854
2018-07-12,PRODUCE,118731.78360714286,0,335417.28869017854
2018-07-13,PRODUCE,118731.78360714286,0,335417.28869017854
2018-07-14,PRODUCE,118731.78360714286,0,335417.28869017854
2018-07-15,PRODUCE,118731.78360714286,0,335417.28869017854
2018-07-16,PRODUCE,118731.78360714286,0,335417.28869017854
2018-07-17,PRODUCE,118731.78360714286,0,335417.28869017854
2018-07-18,PRODUCE,118731.78360714286,0,335417.28869017854
2018-07-19,PRODUCE,118731.78360714286,0,335417.28869017854
2018-07-20,PRODUCE,118731.78360714286,0,335417.28869017854
2018-07-21,PRODUCE,118731.78360714286,0,335417.28869017854
2018-07-22,PRODUCE,118731.78360714286,0,335417.28869017854
2018-07-23,PRODUCE,118731.78360714286,0,335417.28869017854
2018-07-24,PRODUCE,118731.78360714286,0,335417.28869017854
2018-07-25,PRODUCE,118731.78360714286,0,335417.28869017854
2018-07-26,PRODUCE,118731.78360714286,0,335417.28869017854
2018-07-27,PRODUCE,118731.78360714286,0,335417.28869017854
2018-07-28,PRODUCE,118731.78360714286,0,335417.28869017854
2018-07-29,PRODUCE,118731.78360714286,0,335417.28869017854
2018-07-30,PRODUCE,118731.78360714286,0,335417.28869017854
2018-07-31,PRODUCE,118731.78360714286,0,335417.28869017854
2018-08-01,PRODUCE,118731.78360714286,0,335417.28869017854
2018-08-02,PRODUCE,118731.78360714286,0,335417.28869017854
2018-08-03,PRODUCE,118731.78360714286,0,335417.28869017854
2018-08-04,PRODUCE,118731.78360714286,0,335417.28869017854
2018-08-05,PRODUCE,118731.78360714286,0,335417.28869017854
2018-08-06,PRODUCE,118731.78360714286,0,335417.28869017854
2018-08-07,PRODUCE,118731.78360714286,0,335417.28869017854
2018-08-08,PRODUCE,118731.78360714286,0,335417.28869017854
2018-08-09,PRODUCE,118731.78360714286,0,335417.28869017854
2018-08-10,PRODUCE,118731.78360714286,0,335417.28869017854
2018-08-11,PRODUCE,118731.78360714286,0,335417.28869017854
2018-08-12,PRODUCE,118731.78360714286,0,335417.28869017854
2018-08-13,PRODUCE,118731.78360714286,0,335417.28869017854
2018-08-14,PRODUCE,118731.78360714286,0,335417.28869017854
2018-08-15,PRODUCE,118731.78360714286,0,335417.28869017854
2017-08-16,CLEANING,55010.0,0,155403.24999999997
2017-08-17,CLEANING,55585.0,0,157027.62499999997
2017-08-18,CLEANING,57067.857142857145,0,161216.69642857142
2017-08-19,CLEANING,57265.83673469388,0,161775.9887755102
2017-08-20,CLEANING,57170.241982507294,0,161505.93360058308
2017-08-21,CLEANING,56514.99083715119,0,159654.8491149521
2017-08-22,CLEANING,56726.84667102993,0,160253.34184565954
2017-08-23,CLEANING,56477.253338319926,0,159548.24068075378
2017-08-24,CLEANING,56686.86095807992,0,160140.38220657574
2017-08-25,CLEANING,56844.26966637705,0,160585.06180751516
2017-08-26,CLEANING,56812.32859830846,0,160494.82829022137
2017-08-27,CLEANING,56747.54172168196,0,160311.80536375154
2017-08-28,CLEANING,56687.155970135485,0,160141.21561563274
2017-08-29,CLEANING,56711.750989133245,0,160210.6965443014
2017-08-30,CLEANING,56709.594463148,0,160204.6043583931
2017-08-31,CLEANING,56742.78605240916,0,160298.37059805586
2017-09-01,CLEANING,56750.77535159905,0,160320.9403682673
2017-09-02,CLEANING,56737.41902091647,0,160283.208734089
2017-09-03,CLEANING,56726.71765271762,0,160252.97736892727
2017-09-04,CLEANING,56723.742785722716,0,160244.57336966664
2017-09-05,CLEANING,56728.96947366374,0,160259.33876310004
2017-09-06,CLEANING,56731.42925716811,0,160266.28765149988
2017-09-07,CLEANING,56734.54851345669,0,160275.09955051515
2017-09-08,CLEANING,56733.37172217777,0,160271.77511515218
2017-09-09,CLEANING,56730.88548940331,0,160264.75150756433
2017-09-10,CLEANING,56729.95212775857,0,160262.11476091796
2017-09-11,CLEANING,56730.41419562156,0,160263.4201026309
2017-09-12,CLEANING,56731.36725417854,0,160266.11249305436
2017-09-13,CLEANING,56731.70979425208,0,160267.0801687621
2017-09-14,CLEANING,56731.74987097836,0,160267.19338551385
2017-09-15,CLEANING,56731.350064910024,0,160266.0639333708
2017-09-16,CLEANING,56731.06125672891,0,160265.24805025916
2017-09-17,CLEANING,56731.08636634686,0,160265.31898492988
2017-09-18,CLEANING,56731.2484004309,0,160265.77673121728
2017-09-19,CLEANING,56731.36757254652,0,160266.11339244392
2017-09-20,CLEANING,56731.36761802767,0,160266.11352092813
2017-09-21,CLEANING,56731.318735709894,0,160265.97542838042
2017-09-22,CLEANING,56731.25714495725,0,160265.80143450422
2017-09-23,CLEANING,56731.243870678285,0,160265.76393466615
2017-09-24,CLEANING,56731.26995838534,0,160265.83763243858
2017-09-25,CLEANING,56731.29618581941,0,160265.91172493983
2017-09-26,CLEANING,56731.303012303484,0,160265.93100975733
2017-09-27,CLEANING,56731.29378941162,0,160265.9049550878
2017-09-28,CLEANING,56731.28324246647,0,160265.87515996775
2017-09-29,CLEANING,56731.27817200312,0,160265.8608359088
2017-09-30,CLEANING,56731.28117586682,0,160265.86932182373
2017-10-01,CLEANING,56731.286505179465,0,160265.88437713197
2017-10-02,CLEANING,56731.2888690072,0,160265.89105494533
2017-10-03,CLEANING,56731.28782374832,0,160265.88810208897
2017-10-04,CLEANING,56731.285653954714,0,160265.88197242204
2017-10-05,CLEANING,56731.284491746585,0,160265.8786891841
2017-10-06,CLEANING,56731.28467021517,0,160265.87919335786
2017-10-07,CLEANING,56731.285598531176,0,160265.88181585056
2017-10-08,CLEANING,56731.286230340374,0,160265.88360071153
2017-10-09,CLEANING,56731.28619107765,0,160265.88348979433
2017-10-10,CLEANING,56731.28580851628,0,160265.88240905848
2017-10-11,CLEANING,56731.28552062599,0,160265.8815957684
2017-10-12,CLEANING,56731.285501579034,0,160265.88154196076
2017-10-13,CLEANING,56731.28564584081,0,160265.88194950027
2017-10-14,CLEANING,56731.28578521591,0,160265.88234323493
2017-10-15,CLEANING,56731.28581188515,0,160265.88241857552
2017-10-16,CLEANING,56731.28575210583,0,160265.88224969897
2017-10-17,CLEANING,56731.28568939557,0,160265.88207254247
2017-10-18,CLEANING,56731.285672378326,0,160265.88202446877
2017-10-19,CLEANING,56731.28569405723,0,160265.88208571167
2017-10-20,CLEANING,56731.285721554115,0,160265.88216339037
2017-10-21,CLEANING,56731.2857323703,0,160265.88219394608
2017-10-22,CLEANING,56731.285724820926,0,160265.8821726191
2017-10-23,CLEANING,56731.28571238318,0,160265.88213748246
2017-10-24,CLEANING,56731.28570670851,0,160265.88212145155
2017-10-25,CLEANING,56731.2857091818,0,160265.88212843856
2017-10-26,CLEANING,56731.28571443943,0,160265.88214329138
2017-10-27,CLEANING,56731.28571735117,0,160265.88215151706
2017-10-28,CLEANING,56731.28571675076,0,160265.88214982089
2017-10-29,CLEANING,56731.2857145194,0,160265.8821435173
2017-10-30,CLEANING,56731.28571304776,0,160265.8821393599
2017-10-31,CLEANING,56731.28571314269,0,160265.88213962808
2017-11-01,CLEANING,56731.285714061865,0,160265.88214222476
2017-11-02,CLEANING,56731.28571475902,0,160265.8821441942
2017-11-03,CLEANING,56731.28571480467,0,160265.88214432317
2017-11-04,CLEANING,56731.28571444088,0,160265.88214329546
2017-11-05,CLEANING,56731.28571411089,0,160265.88214236326
2017-11-06,CLEANING,56731.28571405254,0,160265.88214219842
2017-11-07,CLEANING,56731.285714196085,0,160265.88214260392
2017-11-08,CLEANING,56731.285714346566,0,160265.88214302904
2017-11-09,CLEANING,56731.28571438724,0,160265.88214314394
2017-11-10,CLEANING,56731.285714334124,0,160265.88214299388
2017-11-11,CLEANING,56731.2857142669,0,160265.88214280398
2017-11-12,CLEANING,56731.28571424204,0,160265.88214273375
2017-11-13,CLEANING,56731.285714260775,0,160265.88214278666
2017-11-14,CLEANING,56731.28571429053,0,160265.88214287072
2017-11-15,CLEANING,56731.285714304024,0,160265.88214290884
2017-11-16,CLEANING,56731.28571429795,0,160265.8821428917
2017-11-17,CLEANING,56731.28571428519,0,160265.88214285567
2017-11-18,CLEANING,56731.28571427821,0,160265.88214283594
2017-11-19,CLEANING,56731.285714279824,0,160265.88214284048
2017-11-20,CLEANING,56731.285714285215,0,160265.88214285573
2017-11-21,CLEANING,56731.2857142887,0,160265.88214286556
2017-11-22,CLEANING,56731.28571428844,0,160265.88214286484
2017-11-23,CLEANING,56731.28571428622,0,160265.88214285855
2017-11-24,CLEANING,56731.28571428453,0,160265.88214285378
2017-11-25,CLEANING,56731.285714284444,0,160265.88214285354
2017-11-26,CLEANING,56731.28571428534,0,160265.88214285608
2017-11-27,CLEANING,56731.28571428613,0,160265.88214285832
2017-11-28,CLEANING,56731.28571428626,0,160265.88214285867
2017-11-29,CLEANING,56731.285714285914,0,160265.88214285768
2017-11-30,CLEANING,56731.28571428555,0,160265.88214285666
2017-12-01,CLEANING,56731.285714285455,0,160265.8821428564
2017-12-02,CLEANING,56731.28571428559,0,160265.88214285678
2017-12-03,CLEANING,56731.28571428575,0,160265.8821428572
2017-12-04,CLEANING,56731.285714285805,0,160265.8821428574
2017-12-05,CLEANING,56731.285714285754,0,160265.88214285724
2017-12-06,CLEANING,56731.28571428569,0,160265.88214285707
2017-12-07,CLEANING,56731.28571428566,0,160265.88214285698
2017-12-08,CLEANING,56731.285714285674,0,160265.882142857
2017-12-09,CLEANING,56731.2857142857,0,160265.8821428571
2017-12-10,CLEANING,56731.28571428572,0,160265.88214285712
2017-12-11,CLEANING,56731.28571428572,0,160265.88214285712
2017-12-12,CLEANING,56731.2857142857,0,160265.8821428571
2017-12-13,CLEANING,56731.285714285696,0,160265.88214285707
2017-12-14,CLEANING,56731.28571428569,0,160265.88214285707
2017-12-15,CLEANING,56731.285714285696,0,160265.88214285707
2017-12-16,CLEANING,56731.285714285696,0,160265.88214285707
2017-12-17,CLEANING,56731.285714285696,0,160265.88214285707
2017-12-18,CLEANING,56731.28571428569,0,160265.88214285707
2017-12-19,CLEANING,56731.28571428569,0,160265.88214285707
2017-12-20,CLEANING,56731.28571428569,0,160265.88214285707
2017-12-21,CLEANING,56731.28571428569,0,160265.88214285707
2017-12-22,CLEANING,56731.28571428569,0,160265.88214285707
2017-12-23,CLEANING,56731.28571428569,0,160265.88214285707
2017-12-24,CLEANING,56731.28571428569,0,160265.88214285707
2017-12-25,CLEANING,56731.28571428569,0,160265.88214285707
2017-12-26,CLEANING,56731.28571428569,0,160265.88214285707
2017-12-27,CLEANING,56731.28571428569,0,160265.88214285707
2017-12-28,CLEANING,56731.28571428569,0,160265.88214285707
2017-12-29,CLEANING,56731.28571428569,0,160265.88214285707
2017-12-30,CLEANING,56731.28571428569,0,160265.88214285707
2017-12-31,CLEANING,56731.28571428569,0,160265.88214285707
2018-01-01,CLEANING,56731.28571428569,0,160265.88214285707
2018-01-02,CLEANING,56731.28571428569,0,160265.88214285707
2018-01-03,CLEANING,56731.28571428569,0,160265.88214285707
2018-01-04,CLEANING,56731.28571428569,0,160265.88214285707
2018-01-05,CLEANING,56731.28571428569,0,160265.88214285707
2018-01-06,CLEANING,56731.28571428569,0,160265.88214285707
2018-01-07,CLEANING,56731.28571428569,0,160265.88214285707
2018-01-08,CLEANING,56731.28571428569,0,160265.88214285707
2018-01-09,CLEANING,56731.28571428569,0,160265.88214285707
2018-01-10,CLEANING,56731.28571428569,0,160265.88214285707
2018-01-11,CLEANING,56731.28571428569,0,160265.88214285707
2018-01-12,CLEANING,56731.28571428569,0,160265.88214285707
2018-01-13,CLEANING,56731.28571428569,0,160265.88214285707
2018-01-14,CLEANING,56731.28571428569,0,160265.88214285707
2018-01-15,CLEANING,56731.28571428569,0,160265.88214285707
2018-01-16,CLEANING,56731.28571428569,0,160265.88214285707
2018-01-17,CLEANING,56731.28571428569,0,160265.88214285707
2018-01-18,CLEANING,56731.28571428569,0,160265.88214285707
2018-01-19,CLEANING,56731.28571428569,0,160265.88214285707
2018-01-20,CLEANING,56731.28571428569,0,160265.88214285707
2018-01-21,CLEANING,56731.28571428569,0,160265.88214285707
2018-01-22,CLEANING,56731.28571428569,0,160265.88214285707
2018-01-23,CLEANING,56731.28571428569,0,160265.88214285707
2018-01-24,CLEANING,56731.28571428569,0,160265.88214285707
2018-01-25,CLEANING,56731.28571428569,0,160265.88214285707
2018-01-26,CLEANING,56731.28571428569,0,160265.88214285707
2018-01-27,CLEANING,56731.28571428569,0,160265.88214285707
2018-01-28,CLEANING,56731.28571428569,0,160265.88214285707
2018-01-29,CLEANING,56731.28571428569,0,160265.88214285707
2018-01-30,CLEANING,56731.28571428569,0,160265.88214285707
2018-01-31,CLEANING,56731.28571428569,0,160265.88214285707
2018-02-01,CLEANING,56731.28571428569,0,160265.88214285707
2018-02-02,CLEANING,56731.28571428569,0,160265.88214285707
2018-02-03,CLEANING,56731.28571428569,0,160265.88214285707
2018-02-04,CLEANING,56731.28571428569,0,160265.88214285707
2018-02-05,CLEANING,56731.28571428569,0,160265.88214285707
2018-02-06,CLEANING,56731.28571428569,0,160265.88214285707
2018-02-07,CLEANING,56731.28571428569,0,160265.88214285707
2018-02-08,CLEANING,56731.28571428569,0,160265.88214285707
2018-02-09,CLEANING,56731.28571428569,0,160265.88214285707
2018-02-10,CLEANING,56731.28571428569,0,160265.88214285707
2018-02-11,CLEANING,56731.28571428569,0,160265.88214285707
2018-02-12,CLEANING,56731.28571428569,0,160265.88214285707
2018-02-13,CLEANING,56731.28571428569,0,160265.88214285707
2018-02-14,CLEANING,56731.28571428569,0,160265.88214285707
2018-02-15,CLEANING,56731.28571428569,0,160265.88214285707
2018-02-16,CLEANING,56731.28571428569,0,160265.88214285707
2018-02-17,CLEANING,56731.28571428569,0,160265.88214285707
2018-02-18,CLEANING,56731.28571428569,0,160265.88214285707
2018-02-19,CLEANING,56731.28571428569,0,160265.88214285707
2018-02-20,CLEANING,56731.28571428569,0,160265.88214285707
2018-02-21,CLEANING,56731.28571428569,0,160265.88214285707
2018-02-22,CLEANING,56731.28571428569,0,160265.88214285707
2018-02-23,CLEANING,56731.28571428569,0,160265.88214285707
2018-02-24,CLEANING,56731.28571428569,0,160265.88214285707
2018-02-25,CLEANING,56731.28571428569,0,160265.88214285707
2018-02-26,CLEANING,56731.28571428569,0,160265.88214285707
2018-02-27,CLEANING,56731.28571428569,0,160265.88214285707
2018-02-28,CLEANING,56731.28571428569,0,160265.88214285707
2018-03-01,CLEANING,56731.28571428569,0,160265.88214285707
2018-03-02,CLEANING,56731.28571428569,0,160265.88214285707
2018-03-03,CLEANING,56731.28571428569,0,160265.88214285707
2018-03-04,CLEANING,56731.28571428569,0,160265.88214285707
2018-03-05,CLEANING,56731.28571428569,0,160265.88214285707
2018-03-06,CLEANING,56731.28571428569,0,160265.88214285707
2018-03-07,CLEANING,56731.28571428569,0,160265.88214285707
2018-03-08,CLEANING,56731.28571428569,0,160265.88214285707
2018-03-09,CLEANING,56731.28571428569,0,160265.88214285707
2018-03-10,CLEANING,56731.28571428569,0,160265.88214285707
2018-03-11,CLEANING,56731.28571428569,0,160265.88214285707
2018-03-12,CLEANING,56731.28571428569,0,160265.88214285707
2018-03-13,CLEANING,56731.28571428569,0,160265.88214285707
2018-03-14,CLEANING,56731.28571428569,0,160265.88214285707
2018-03-15,CLEANING,56731.28571428569,0,160265.88214285707
2018-03-16,CLEANING,56731.28571428569,0,160265.88214285707
2018-03-17,CLEANING,56731.28571428569,0,160265.88214285707
2018-03-18,CLEANING,56731.28571428569,0,160265.88214285707
2018-03-19,CLEANING,56731.28571428569,0,160265.88214285707
2018-03-20,CLEANING,56731.28571428569,0,160265.88214285707
2018-03-21,CLEANING,56731.28571428569,0,160265.88214285707
2018-03-22,CLEANING,56731.28571428569,0,160265.88214285707
2018-03-23,CLEANING,56731.28571428569,0,160265.88214285707
2018-03-24,CLEANING,56731.28571428569,0,160265.88214285707
2018-03-25,CLEANING,56731.28571428569,0,160265.88214285707
2018-03-26,CLEANING,56731.28571428569,0,160265.88214285707
2018-03-27,CLEANING,56731.28571428569,0,160265.88214285707
2018-03-28,CLEANING,56731.28571428569,0,160265.88214285707
2018-03-29,CLEANING,56731.28571428569,0,160265.88214285707
2018-03-30,CLEANING,56731.28571428569,0,160265.88214285707
2018-03-31,CLEANING,56731.28571428569,0,160265.88214285707
2018-04-01,CLEANING,56731.28571428569,0,160265.88214285707
2018-04-02,CLEANING,56731.28571428569,0,160265.88214285707
2018-04-03,CLEANING,56731.28571428569,0,160265.88214285707
2018-04-04,CLEANING,56731.28571428569,0,160265.88214285707
2018-04-05,CLEANING,56731.28571428569,0,160265.88214285707
2018-04-06,CLEANING,56731.28571428569,0,160265.88214285707
2018-04-07,CLEANING,56731.28571428569,0,160265.88214285707
2018-04-08,CLEANING,56731.28571428569,0,160265.88214285707
2018-04-09,CLEANING,56731.28571428569,0,160265.88214285707
2018-04-10,CLEANING,56731.28571428569,0,160265.88214285707
2018-04-11,CLEANING,56731.28571428569,0,160265.88214285707
2018-04-12,CLEANING,56731.28571428569,0,160265.88214285707
2018-04-13,CLEANING,56731.28571428569,0,160265.88214285707
2018-04-14,CLEANING,56731.28571428569,0,160265.88214285707
2018-04-15,CLEANING,56731.28571428569,0,160265.88214285707
2018-04-16,CLEANING,56731.28571428569,0,160265.88214285707
2018-04-17,CLEANING,56731.28571428569,0,160265.88214285707
2018-04-18,CLEANING,56731.28571428569,0,160265.88214285707
2018-04-19,CLEANING,56731.28571428569,0,160265.88214285707
2018-04-20,CLEANING,56731.28571428569,0,160265.88214285707
2018-04-21,CLEANING,56731.28571428569,0,160265.88214285707
2018-04-22,CLEANING,56731.28571428569,0,160265.88214285707
2018-04-23,CLEANING,56731.28571428569,0,160265.88214285707
2018-04-24,CLEANING,56731.28571428569,0,160265.88214285707
2018-04-25,CLEANING,56731.28571428569,0,160265.88214285707
2018-04-26,CLEANING,56731.28571428569,0,160265.88214285707
2018-04-27,CLEANING,56731.28571428569,0,160265.88214285707
2018-04-28,CLEANING,56731.28571428569,0,160265.88214285707
2018-04-29,CLEANING,56731.28571428569,0,160265.88214285707
2018-04-30,CLEANING,56731.28571428569,0,160265.88214285707
2018-05-01,CLEANING,56731.28571428569,0,160265.88214285707
2018-05-02,CLEANING,56731.28571428569,0,160265.88214285707
2018-05-03,CLEANING,56731.28571428569,0,160265.88214285707
2018-05-04,CLEANING,56731.28571428569,0,160265.88214285707
2018-05-05,CLEANING,56731.28571428569,0,160265.88214285707
2018-05-06,CLEANING,56731.28571428569,0,160265.88214285707
2018-05-07,CLEANING,56731.28571428569,0,160265.88214285707
2018-05-08,CLEANING,56731.28571428569,0,160265.88214285707
2018-05-09,CLEANING,56731.28571428569,0,160265.88214285707
2018-05-10,CLEANING,56731.28571428569,0,160265.88214285707
2018-05-11,CLEANING,56731.28571428569,0,160265.88214285707
2018-05-12,CLEANING,56731.28571428569,0,160265.88214285707
2018-05-13,CLEANING,56731.28571428569,0,160265.88214285707
2018-05-14,CLEANING,56731.28571428569,0,160265.88214285707
2018-05-15,CLEANING,56731.28571428569,0,160265.88214285707
2018-05-16,CLEANING,56731.28571428569,0,160265.88214285707
2018-05-17,CLEANING,56731.28571428569,0,160265.88214285707
2018-05-18,CLEANING,56731.28571428569,0,160265.88214285707
2018-05-19,CLEANING,56731.28571428569,0,160265.88214285707
2018-05-20,CLEANING,56731.28571428569,0,160265.88214285707
2018-05-21,CLEANING,56731.28571428569,0,160265.88214285707
2018-05-22,CLEANING,56731.28571428569,0,160265.88214285707
2018-05-23,CLEANING,56731.28571428569,0,160265.88214285707
2018-05-24,CLEANING,56731.28571428569,0,160265.88214285707
2018-05-25,CLEANING,56731.28571428569,0,160265.88214285707
2018-05-26,CLEANING,56731.28571428569,0,160265.88214285707
2018-05-27,CLEANING,56731.28571428569,0,160265.88214285707
2018-05-28,CLEANING,56731.28571428569,0,160265.88214285707
2018-05-29,CLEANING,56731.28571428569,0,160265.88214285707
2018-05-30,CLEANING,56731.28571428569,0,160265.88214285707
2018-05-31,CLEANING,56731.28571428569,0,160265.88214285707
2018-06-01,CLEANING,56731.28571428569,0,160265.88214285707
2018-06-02,CLEANING,56731.28571428569,0,160265.88214285707
2018-06-03,CLEANING,56731.28571428569,0,160265.88214285707
2018-06-04,CLEANING,56731.28571428569,0,160265.88214285707
2018-06-05,CLEANING,56731.28571428569,0,160265.88214285707
2018-06-06,CLEANING,56731.28571428569,0,160265.88214285707
2018-06-07,CLEANING,56731.28571428569,0,160265.88214285707
2018-06-08,CLEANING,56731.28571428569,0,160265.88214285707
2018-06-09,CLEANING,56731.28571428569,0,160265.88214285707
2018-06-10,CLEANING,56731.28571428569,0,160265.88214285707
2018-06-11,CLEANING,56731.28571428569,0,160265.88214285707
2018-06-12,CLEANING,56731.28571428569,0,160265.88214285707
2018-06-13,CLEANING,56731.28571428569,0,160265.88214285707
2018-06-14,CLEANING,56731.28571428569,0,160265.88214285707
2018-06-15,CLEANING,56731.28571428569,0,160265.88214285707
2018-06-16,CLEANING,56731.28571428569,0,160265.88214285707
2018-06-17,CLEANING,56731.28571428569,0,160265.88214285707
2018-06-18,CLEANING,56731.28571428569,0,160265.88214285707
2018-06-19,CLEANING,56731.28571428569,0,160265.88214285707
2018-06-20,CLEANING,56731.28571428569,0,160265.88214285707
2018-06-21,CLEANING,56731.28571428569,0,160265.88214285707
2018-06-22,CLEANING,56731.28571428569,0,160265.88214285707
2018-06-23,CLEANING,56731.28571428569,0,160265.88214285707
2018-06-24,CLEANING,56731.28571428569,0,160265.88214285707
2018-06-25,CLEANING,56731.28571428569,0,160265.88214285707
2018-06-26,CLEANING,56731.28571428569,0,160265.88214285707
2018-06-27,CLEANING,56731.28571428569,0,160265.88214285707
2018-06-28,CLEANING,56731.28571428569,0,160265.88214285707
2018-06-29,CLEANING,56731.28571428569,0,160265.88214285707
2018-06-30,CLEANING,56731.28571428569,0,160265.88214285707
2018-07-01,CLEANING,56731.28571428569,0,160265.88214285707
2018-07-02,CLEANING,56731.28571428569,0,160265.88214285707
2018-07-03,CLEANING,56731.28571428569,0,160265.88214285707
2018-07-04,CLEANING,56731.28571428569,0,160265.88214285707
2018-07-05,CLEANING,56731.28571428569,0,160265.88214285707
2018-07-06,CLEANING,56731.28571428569,0,160265.88214285707
2018-07-07,CLEANING,56731.28571428569,0,160265.88214285707
2018-07-08,CLEANING,56731.28571428569,0,160265.88214285707
2018-07-09,CLEANING,56731.28571428569,0,160265.88214285707
2018-07-10,CLEANING,56731.28571428569,0,160265.88214285707
2018-07-11,CLEANING,56731.28571428569,0,160265.88214285707
2018-07-12,CLEANING,56731.28571428569,0,160265.88214285707
2018-07-13,CLEANING,56731.28571428569,0,160265.88214285707
2018-07-14,CLEANING,56731.28571428569,0,160265.88214285707
2018-07-15,CLEANING,56731.28571428569,0,160265.88214285707
2018-07-16,CLEANING,56731.28571428569,0,160265.88214285707
2018-07-17,CLEANING,56731.28571428569,0,160265.88214285707
2018-07-18,CLEANING,56731.28571428569,0,160265.88214285707
2018-07-19,CLEANING,56731.28571428569,0,160265.88214285707
2018-07-20,CLEANING,56731.28571428569,0,160265.88214285707
2018-07-21,CLEANING,56731.28571428569,0,160265.88214285707
2018-07-22,CLEANING,56731.28571428569,0,160265.88214285707
2018-07-23,CLEANING,56731.28571428569,0,160265.88214285707
2018-07-24,CLEANING,56731.28571428569,0,160265.88214285707
2018-07-25,CLEANING,56731.28571428569,0,160265.88214285707
2018-07-26,CLEANING,56731.28571428569,0,160265.88214285707
2018-07-27,CLEANING,56731.28571428569,0,160265.88214285707
2018-07-28,CLEANING,56731.28571428569,0,160265.88214285707
2018-07-29,CLEANING,56731.28571428569,0,160265.88214285707
2018-07-30,CLEANING,56731.28571428569,0,160265.88214285707
2018-07-31,CLEANING,56731.28571428569,0,160265.88214285707
2018-08-01,CLEANING,56731.28571428569,0,160265.88214285707
2018-08-02,CLEANING,56731.28571428569,0,160265.88214285707
2018-08-03,CLEANING,56731.28571428569,0,160265.88214285707
2018-08-04,CLEANING,56731.28571428569,0,160265.88214285707
2018-08-05,CLEANING,56731.28571428569,0,160265.88214285707
2018-08-06,CLEANING,56731.28571428569,0,160265.88214285707
2018-08-07,CLEANING,56731.28571428569,0,160265.88214285707
2018-08-08,CLEANING,56731.28571428569,0,160265.88214285707
2018-08-09,CLEANING,56731.28571428569,0,160265.88214285707
2018-08-10,CLEANING,56731.28571428569,0,160265.88214285707
2018-08-11,CLEANING,56731.28571428569,0,160265.88214285707
2018-08-12,CLEANING,56731.28571428569,0,160265.88214285707
2018-08-13,CLEANING,56731.28571428569,0,160265.88214285707
2018-08-14,CLEANING,56731.28571428569,0,160265.88214285707
2018-08-15,CLEANING,56731.28571428569,0,160265.88214285707
2017-08-16,DAIRY,42664.857142857145,0,120528.22142857143
2017-08-17,DAIRY,42706.40816326531,0,120645.6030612245
2017-08-18,DAIRY,43857.609329446066,0,123897.74635568513
2017-08-19,DAIRY,43707.41066222407,0,123473.43512078299
2017-08-20,DAIRY,43829.32647111323,0,123817.84728089486
2017-08-21,DAIRY,42931.80168127226,0,121282.33974959413
2017-08-22,DAIRY,42914.9162071683,0,121234.63828525045
2017-08-23,DAIRY,43230.33280819235,0,122125.69018314336
2017-08-24,DAIRY,43311.11504609737,0,122353.90000522506
2017-08-25,DAIRY,43397.50174364481,0,122597.94242579657
2017-08-26,DAIRY,43331.77208853034,0,122412.25615009821
2017-08-27,DAIRY,43278.109435145525,0,122260.6591542861
2017-08-28,DAIRY,43199.364144292995,0,122038.2037076277
2017-08-29,DAIRY,43237.58735329595,0,122146.18427306105
2017-08-30,DAIRY,43283.68323131419,0,122276.40512846259
2017-08-31,DAIRY,43291.3047203316,0,122297.93583493677
2017-09-01,DAIRY,43288.47467379364,0,122289.94095346701
2017-09-02,DAIRY,43272.8993781006,0,122245.94074313418
2017-09-03,DAIRY,43264.48899089636,0,122222.1813992822
2017-09-04,DAIRY,43262.543213146484,0,122216.6845771388
2017-09-05,DAIRY,43271.56879441126,0,122242.1818442118
2017-09-06,DAIRY,43276.42328599916,0,122255.89578294761
2017-09-07,DAIRY,43275.38615095416,0,122252.9658764455
2017-09-08,DAIRY,43273.11206961452,0,122246.54159666102
2017-09-09,DAIRY,43270.917411874645,0,122240.34168854586
2017-09-10,DAIRY,43270.63427384237,0,122239.54182360468
2017-09-11,DAIRY,43271.51217140608,0,122242.02188422217
2017-09-12,DAIRY,43272.79345115746,0,122245.6414995198
2017-09-13,DAIRY,43272.9684021212,0,122246.13573599239
2017-09-14,DAIRY,43272.47484728149,0,122244.7414435702
2017-09-15,DAIRY,43272.05894675682,0,122243.56652458801
2017-09-16,DAIRY,43271.9085006343,0,122243.14151429188
2017-09-17,DAIRY,43272.05008474282,0,122243.54148939846
2017-09-18,DAIRY,43272.25234344288,0,122244.11287022612
2017-09-19,DAIRY,43272.35808230528,0,122244.41158251242
2017-09-20,DAIRY,43272.295886754975,0,122244.2358800828
2017-09-21,DAIRY,43272.19981313123,0,122243.96447209571
2017-09-22,DAIRY,43272.16052253834,0,122243.8534761708
2017-09-23,DAIRY,43272.17503336426,0,122243.89446925402
2017-09-24,DAIRY,43272.213109468554,0,122244.00203424865
2017-09-25,DAIRY,43272.236398715075,0,122244.06782637007
2017-09-26,DAIRY,43272.23412089682,0,122244.06139153351
2017-09-27,DAIRY,43272.21641212418,0,122244.0113642508
2017-09-28,DAIRY,43272.20505860549,0,122243.9792905605
2017-09-29,DAIRY,43272.205807958955,0,122243.98140748404
2017-09-30,DAIRY,43272.21227730477,0,122243.99968338595
2017-10-01,DAIRY,43272.2175978677,0,122244.01471397623
2017-10-02,DAIRY,43272.21823906757,0,122244.01652536588
2017-10-03,DAIRY,43272.21564483222,0,122244.00919665101
2017-10-04,DAIRY,43272.21300539442,0,122244.00174023923
2017-10-05,DAIRY,43272.21251871874,0,122244.00036538043
2017-10-06,DAIRY,43272.2135844492,0,122244.00337606898
2017-10-07,DAIRY,43272.21469537638,0,122244.00651443827
2017-10-08,DAIRY,43272.21504081518,0,122244.00749030287
2017-10-09,DAIRY,43272.21467552196,0,122244.00645834953
2017-10-10,DAIRY,43272.21416644401,0,122244.00502020432
2017-10-11,DAIRY,43272.2139552457,0,122244.00442356909
2017-10-12,DAIRY,43272.21409093874,0,122244.00480690192
2017-10-13,DAIRY,43272.214315541605,0,122244.00544140502
2017-10-14,DAIRY,43272.21441998337,0,122244.00573645301
2017-10-15,DAIRY,43272.21438064151,0,122244.00562531226
2017-10-16,DAIRY,43272.214286330985,0,122244.00535888503
2017-10-17,DAIRY,43272.21423073228,0,122244.00520181868
2017-10-18,DAIRY,43272.21423991631,0,122244.00522776357
2017-10-19,DAIRY,43272.21428058355,0,122244.00534264851
2017-10-20,DAIRY,43272.214307675655,0,122244.00541918371
2017-10-21,DAIRY,43272.214306551956,0,122244.00541600927
2017-10-22,DAIRY,43272.21429034747,0,122244.00537023158
2017-10-23,DAIRY,43272.214277448315,0,122244.00533379147
2017-10-24,DAIRY,43272.214276179366,0,122244.0053302067
2017-10-25,DAIRY,43272.214282671805,0,122244.00534854784
2017-10-26,DAIRY,43272.21428877973,0,122244.00536580273
2017-10-27,DAIRY,43272.21428995061,0,122244.00536911045
2017-10-28,DAIRY,43272.214287418465,0,122244.00536195716
2017-10-29,DAIRY,43272.214284685106,0,122244.00535423541
2017-10-30,DAIRY,43272.2142838762,0,122244.00535195025
2017-10-31,DAIRY,43272.21428479446,0,122244.00535454435
2017-11-01,DAIRY,43272.2142860252,0,122244.00535802117
2017-11-02,DAIRY,43272.214286504255,0,122244.00535937451
2017-11-03,DAIRY,43272.21428617918,0,122244.00535845617
2017-11-04,DAIRY,43272.21428564041,0,122244.00535693414
2017-11-05,DAIRY,43272.2142853864,0,122244.00535621657
2017-11-06,DAIRY,43272.21428548659,0,122244.0053564996
2017-11-07,DAIRY,43272.21428571664,0,122244.0053571495
2017-11-08,DAIRY,43272.21428584838,0,122244.00535752166
2017-11-09,DAIRY,43272.214285823124,0,122244.00535745031
2017-11-10,DAIRY,43272.21428572582,0,122244.00535717544
2017-11-11,DAIRY,43272.21428566105,0,122244.00535699246
2017-11-12,DAIRY,43272.21428566399,0,122244.00535700076
2017-11-13,DAIRY,43272.21428570366,0,122244.00535711282
2017-11-14,DAIRY,43272.21428573467,0,122244.00535720043
2017-11-15,DAIRY,43272.214285737246,0,122244.0053572077
2017-11-16,DAIRY,43272.21428572137,0,122244.00535716285
2017-11-17,DAIRY,43272.21428570683,0,122244.00535712179
2017-11-18,DAIRY,43272.21428570412,0,122244.00535711412
2017-11-19,DAIRY,43272.214285710266,0,122244.0053571315
2017-11-20,DAIRY,43272.21428571688,0,122244.00535715018
2017-11-21,DAIRY,43272.21428571878,0,122244.00535715553
2017-11-22,DAIRY,43272.214285716494,0,122244.00535714909
2017-11-23,DAIRY,43272.214285713526,0,122244.0053571407
2017-11-24,DAIRY,43272.21428571241,0,122244.00535713756
2017-11-25,DAIRY,43272.21428571321,0,122244.00535713982
2017-11-26,DAIRY,43272.21428571451,0,122244.00535714347
2017-11-27,DAIRY,43272.21428571512,0,122244.0053571452
2017-11-28,DAIRY,43272.214285714865,0,122244.00535714449
2017-11-29,DAIRY,43272.214285714304,0,122244.0053571429
2017-11-30,DAIRY,43272.21428571399,0,122244.00535714201
2017-12-01,DAIRY,43272.21428571405,0,122244.00535714217
2017-12-02,DAIRY,43272.2142857143,0,122244.00535714287
2017-12-03,DAIRY,43272.21428571445,0,122244.00535714331
2017-12-04,DAIRY,43272.214285714435,0,122244.00535714327
2017-12-05,DAIRY,43272.21428571434,0,122244.005357143
2017-12-06,DAIRY,43272.21428571426,0,122244.00535714277
2017-12-07,DAIRY,43272.21428571427,0,122244.0053571428
2017-12-08,DAIRY,43272.214285714304,0,122244.0053571429
2017-12-09,DAIRY,43272.21428571433,0,122244.00535714297
2017-12-10,DAIRY,43272.21428571433,0,122244.00535714297
2017-12-11,DAIRY,43272.21428571432,0,122244.00535714295
2017-12-12,DAIRY,43272.214285714304,0,122244.0053571429
2017-12-13,DAIRY,43272.214285714304,0,122244.0053571429
2017-12-14,DAIRY,43272.21428571431,0,122244.00535714292
2017-12-15,DAIRY,43272.21428571432,0,122244.00535714295
2017-12-16,DAIRY,43272.21428571432,0,122244.00535714295
2017-12-17,DAIRY,43272.21428571432,0,122244.00535714295
2017-12-18,DAIRY,43272.21428571432,0,122244.00535714295
2017-12-19,DAIRY,43272.21428571432,0,122244.00535714295
2017-12-20,DAIRY,43272.21428571432,0,122244.00535714295
2017-12-21,DAIRY,43272.21428571432,0,122244.00535714295
2017-12-22,DAIRY,43272.21428571432,0,122244.00535714295
2017-12-23,DAIRY,43272.21428571432,0,122244.00535714295
2017-12-24,DAIRY,43272.21428571432,0,122244.00535714295
2017-12-25,DAIRY,43272.21428571432,0,122244.00535714295
2017-12-26,DAIRY,43272.21428571432,0,122244.00535714295
2017-12-27,DAIRY,43272.21428571432,0,122244.00535714295
2017-12-28,DAIRY,43272.21428571432,0,122244.00535714295
2017-12-29,DAIRY,43272.21428571432,0,122244.00535714295
2017-12-30,DAIRY,43272.21428571432,0,122244.00535714295
2017-12-31,DAIRY,43272.21428571432,0,122244.00535714295
2018-01-01,DAIRY,43272.21428571432,0,122244.00535714295
2018-01-02,DAIRY,43272.21428571432,0,122244.00535714295
2018-01-03,DAIRY,43272.21428571432,0,122244.00535714295
2018-01-04,DAIRY,43272.21428571432,0,122244.00535714295
2018-01-05,DAIRY,43272.21428571432,0,122244.00535714295
2018-01-06,DAIRY,43272.21428571432,0,122244.00535714295
2018-01-07,DAIRY,43272.21428571432,0,122244.00535714295
2018-01-08,DAIRY,43272.21428571432,0,122244.00535714295
2018-01-09,DAIRY,43272.21428571432,0,122244.00535714295
2018-01-10,DAIRY,43272.21428571432,0,122244.00535714295
2018-01-11,DAIRY,43272.21428571432,0,122244.00535714295
2018-01-12,DAIRY,43272.21428571432,0,122244.00535714295
2018-01-13,DAIRY,43272.21428571432,0,122244.00535714295
2018-01-14,DAIRY,43272.21428571432,0,122244.00535714295
2018-01-15,DAIRY,43272.21428571432,0,122244.00535714295
2018-01-16,DAIRY,43272.21428571432,0,122244.00535714295
2018-01-17,DAIRY,43272.21428571432,0,122244.00535714295
2018-01-18,DAIRY,43272.21428571432,0,122244.00535714295
2018-01-19,DAIRY,43272.21428571432,0,122244.00535714295
2018-01-20,DAIRY,43272.21428571432,0,122244.00535714295
2018-01-21,DAIRY,43272.21428571432,0,122244.00535714295
2018-01-22,DAIRY,43272.21428571432,0,122244.00535714295
2018-01-23,DAIRY,43272.21428571432,0,122244.00535714295
2018-01-24,DAIRY,43272.21428571432,0,122244.00535714295
2018-01-25,DAIRY,43272.21428571432,0,122244.00535714295
2018-01-26,DAIRY,43272.21428571432,0,122244.00535714295
2018-01-27,DAIRY,43272.21428571432,0,122244.00535714295
2018-01-28,DAIRY,43272.21428571432,0,122244.00535714295
2018-01-29,DAIRY,43272.21428571432,0,122244.00535714295
2018-01-30,DAIRY,43272.21428571432,0,122244.00535714295
2018-01-31,DAIRY,43272.21428571432,0,122244.00535714295
2018-02-01,DAIRY,43272.21428571432,0,122244.00535714295
2018-02-02,DAIRY,43272.21428571432,0,122244.00535714295
2018-02-03,DAIRY,43272.21428571432,0,122244.00535714295
2018-02-04,DAIRY,43272.21428571432,0,122244.00535714295
2018-02-05,DAIRY,43272.21428571432,0,122244.00535714295
2018-02-06,DAIRY,43272.21428571432,0,122244.00535714295
2018-02-07,DAIRY,43272.21428571432,0,122244.00535714295
2018-02-08,DAIRY,43272.21428571432,0,122244.00535714295
2018-02-09,DAIRY,43272.21428571432,0,122244.00535714295
2018-02-10,DAIRY,43272.21428571432,0,122244.00535714295
2018-02-11,DAIRY,43272.21428571432,0,122244.00535714295
2018-02-12,DAIRY,43272.21428571432,0,122244.00535714295
2018-02-13,DAIRY,43272.21428571432,0,122244.00535714295
2018-02-14,DAIRY,43272.21428571432,0,122244.00535714295
2018-02-15,DAIRY,43272.21428571432,0,122244.00535714295
2018-02-16,DAIRY,43272.21428571432,0,122244.00535714295
2018-02-17,DAIRY,43272.21428571432,0,122244.00535714295
2018-02-18,DAIRY,43272.21428571432,0,122244.00535714295
2018-02-19,DAIRY,43272.21428571432,0,122244.00535714295
2018-02-20,DAIRY,43272.21428571432,0,122244.00535714295
2018-02-21,DAIRY,43272.21428571432,0,122244.00535714295
2018-02-22,DAIRY,43272.21428571432,0,122244.00535714295
2018-02-23,DAIRY,43272.21428571432,0,122244.00535714295
2018-02-24,DAIRY,43272.21428571432,0,122244.00535714295
2018-02-25,DAIRY,43272.21428571432,0,122244.00535714295
2018-02-26,DAIRY,43272.21428571432,0,122244.00535714295
2018-02-27,DAIRY,43272.21428571432,0,122244.00535714295
2018-02-28,DAIRY,43272.21428571432,0,122244.00535714295
2018-03-01,DAIRY,43272.21428571432,0,122244.00535714295
2018-03-02,DAIRY,43272.21428571432,0,122244.00535714295
2018-03-03,DAIRY,43272.21428571432,0,122244.00535714295
2018-03-04,DAIRY,43272.21428571432,0,122244.00535714295
2018-03-05,DAIRY,43272.21428571432,0,122244.00535714295
2018-03-06,DAIRY,43272.21428571432,0,122244.00535714295
2018-03-07,DAIRY,43272.21428571432,0,122244.00535714295
2018-03-08,DAIRY,43272.21428571432,0,122244.00535714295
2018-03-09,DAIRY,43272.21428571432,0,122244.00535714295
2018-03-10,DAIRY,43272.21428571432,0,122244.00535714295
2018-03-11,DAIRY,43272.21428571432,0,122244.00535714295
2018-03-12,DAIRY,43272.21428571432,0,122244.00535714295
2018-03-13,DAIRY,43272.21428571432,0,122244.00535714295
2018-03-14,DAIRY,43272.21428571432,0,122244.00535714295
2018-03-15,DAIRY,43272.21428571432,0,122244.00535714295
2018-03-16,DAIRY,43272.21428571432,0,122244.00535714295
2018-03-17,DAIRY,43272.21428571432,0,122244.00535714295
2018-03-18,DAIRY,43272.21428571432,0,122244.00535714295
2018-03-19,DAIRY,43272.21428571432,0,122244.00535714295
2018-03-20,DAIRY,43272.21428571432,0,122244.00535714295
2018-03-21,DAIRY,43272.21428571432,0,122244.00535714295
2018-03-22,DAIRY,43272.21428571432,0,122244.00535714295
2018-03-23,DAIRY,43272.21428571432,0,122244.00535714295
2018-03-24,DAIRY,43272.21428571432,0,122244.00535714295
2018-03-25,DAIRY,43272.21428571432,0,122244.00535714295
2018-03-26,DAIRY,43272.21428571432,0,122244.00535714295
2018-03-27,DAIRY,43272.21428571432,0,122244.00535714295
2018-03-28,DAIRY,43272.21428571432,0,122244.00535714295
2018-03-29,DAIRY,43272.21428571432,0,122244.00535714295
2018-03-30,DAIRY,43272.21428571432,0,122244.00535714295
2018-03-31,DAIRY,43272.21428571432,0,122244.00535714295
2018-04-01,DAIRY,43272.21428571432,0,122244.00535714295
2018-04-02,DAIRY,43272.21428571432,0,122244.00535714295
2018-04-03,DAIRY,43272.21428571432,0,122244.00535714295
2018-04-04,DAIRY,43272.21428571432,0,122244.00535714295
2018-04-05,DAIRY,43272.21428571432,0,122244.00535714295
2018-04-06,DAIRY,43272.21428571432,0,122244.00535714295
2018-04-07,DAIRY,43272.21428571432,0,122244.00535714295
2018-04-08,DAIRY,43272.21428571432,0,122244.00535714295
2018-04-09,DAIRY,43272.21428571432,0,122244.00535714295
2018-04-10,DAIRY,43272.21428571432,0,122244.00535714295
2018-04-11,DAIRY,43272.21428571432,0,122244.00535714295
2018-04-12,DAIRY,43272.21428571432,0,122244.00535714295
2018-04-13,DAIRY,43272.21428571432,0,122244.00535714295
2018-04-14,DAIRY,43272.21428571432,0,122244.00535714295
2018-04-15,DAIRY,43272.21428571432,0,122244.00535714295
2018-04-16,DAIRY,43272.21428571432,0,122244.00535714295
2018-04-17,DAIRY,43272.21428571432,0,122244.00535714295
2018-04-18,DAIRY,43272.21428571432,0,122244.00535714295
2018-04-19,DAIRY,43272.21428571432,0,122244.00535714295
2018-04-20,DAIRY,43272.21428571432,0,122244.00535714295
2018-04-21,DAIRY,43272.21428571432,0,122244.00535714295
2018-04-22,DAIRY,43272.21428571432,0,122244.00535714295
2018-04-23,DAIRY,43272.21428571432,0,122244.00535714295
2018-04-24,DAIRY,43272.21428571432,0,122244.00535714295
2018-04-25,DAIRY,43272.21428571432,0,122244.00535714295
2018-04-26,DAIRY,43272.21428571432,0,122244.00535714295
2018-04-27,DAIRY,43272.21428571432,0,122244.00535714295
2018-04-28,DAIRY,43272.21428571432,0,122244.00535714295
2018-04-29,DAIRY,43272.21428571432,0,122244.00535714295
2018-04-30,DAIRY,43272.21428571432,0,122244.00535714295
2018-05-01,DAIRY,43272.21428571432,0,122244.00535714295
2018-05-02,DAIRY,43272.21428571432,0,122244.00535714295
2018-05-03,DAIRY,43272.21428571432,0,122244.00535714295
2018-05-04,DAIRY,43272.21428571432,0,122244.00535714295
2018-05-05,DAIRY,43272.21428571432,0,122244.00535714295
2018-05-06,DAIRY,43272.21428571432,0,122244.00535714295
2018-05-07,DAIRY,43272.21428571432,0,122244.00535714295
2018-05-08,DAIRY,43272.21428571432,0,122244.00535714295
2018-05-09,DAIRY,43272.21428571432,0,122244.00535714295
2018-05-10,DAIRY,43272.21428571432,0,122244.00535714295
2018-05-11,DAIRY,43272.21428571432,0,122244.00535714295
2018-05-12,DAIRY,43272.21428571432,0,122244.00535714295
2018-05-13,DAIRY,43272.21428571432,0,122244.00535714295
2018-05-14,DAIRY,43272.21428571432,0,122244.00535714295
2018-05-15,DAIRY,43272.21428571432,0,122244.00535714295
2018-05-16,DAIRY,43272.21428571432,0,122244.00535714295
2018-05-17,DAIRY,43272.21428571432,0,122244.00535714295
2018-05-18,DAIRY,43272.21428571432,0,122244.00535714295
2018-05-19,DAIRY,43272.21428571432,0,122244.00535714295
2018-05-20,DAIRY,43272.21428571432,0,122244.00535714295
2018-05-21,DAIRY,43272.21428571432,0,122244.00535714295
2018-05-22,DAIRY,43272.21428571432,0,122244.00535714295
2018-05-23,DAIRY,43272.21428571432,0,122244.00535714295
2018-05-24,DAIRY,43272.21428571432,0,122244.00535714295
2018-05-25,DAIRY,43272.21428571432,0,122244.00535714295
2018-05-26,DAIRY,43272.21428571432,0,122244.00535714295
2018-05-27,DAIRY,43272.21428571432,0,122244.00535714295
2018-05-28,DAIRY,43272.21428571432,0,122244.00535714295
2018-05-29,DAIRY,43272.21428571432,0,122244.00535714295
2018-05-30,DAIRY,43272.21428571432,0,122244.00535714295
2018-05-31,DAIRY,43272.21428571432,0,122244.00535714295
2018-06-01,DAIRY,43272.21428571432,0,122244.00535714295
2018-06-02,DAIRY,43272.21428571432,0,122244.00535714295
2018-06-03,DAIRY,43272.21428571432,0,122244.00535714295
2018-06-04,DAIRY,43272.21428571432,0,122244.00535714295
2018-06-05,DAIRY,43272.21428571432,0,122244.00535714295
2018-06-06,DAIRY,43272.21428571432,0,122244.00535714295
2018-06-07,DAIRY,43272.21428571432,0,122244.00535714295
2018-06-08,DAIRY,43272.21428571432,0,122244.00535714295
2018-06-09,DAIRY,43272.21428571432,0,122244.00535714295
2018-06-10,DAIRY,43272.21428571432,0,122244.00535714295
2018-06-11,DAIRY,43272.21428571432,0,122244.00535714295
2018-06-12,DAIRY,43272.21428571432,0,122244.00535714295
2018-06-13,DAIRY,43272.21428571432,0,122244.00535714295
2018-06-14,DAIRY,43272.21428571432,0,122244.00535714295
2018-06-15,DAIRY,43272.21428571432,0,122244.00535714295
2018-06-16,DAIRY,43272.21428571432,0,122244.00535714295
2018-06-17,DAIRY,43272.21428571432,0,122244.00535714295
2018-06-18,DAIRY,43272.21428571432,0,122244.00535714295
2018-06-19,DAIRY,43272.21428571432,0,122244.00535714295
2018-06-20,DAIRY,43272.21428571432,0,122244.00535714295
2018-06-21,DAIRY,43272.21428571432,0,122244.00535714295
2018-06-22,DAIRY,43272.21428571432,0,122244.00535714295
2018-06-23,DAIRY,43272.21428571432,0,122244.00535714295
2018-06-24,DAIRY,43272.21428571432,0,122244.00535714295
2018-06-25,DAIRY,43272.21428571432,0,122244.00535714295
2018-06-26,DAIRY,43272.21428571432,0,122244.00535714295
2018-06-27,DAIRY,43272.21428571432,0,122244.00535714295
2018-06-28,DAIRY,43272.21428571432,0,122244.00535714295
2018-06-29,DAIRY,43272.21428571432,0,122244.00535714295
2018-06-30,DAIRY,43272.21428571432,0,122244.00535714295
2018-07-01,DAIRY,43272.21428571432,0,122244.00535714295
2018-07-02,DAIRY,43272.21428571432,0,122244.00535714295
2018-07-03,DAIRY,43272.21428571432,0,122244.00535714295
2018-07-04,DAIRY,43272.21428571432,0,122244.00535714295
2018-07-05,DAIRY,43272.21428571432,0,122244.00535714295
2018-07-06,DAIRY,43272.21428571432,0,122244.00535714295
2018-07-07,DAIRY,43272.21428571432,0,122244.00535714295
2018-07-08,DAIRY,43272.21428571432,0,122244.00535714295
2018-07-09,DAIRY,43272.21428571432,0,122244.00535714295
2018-07-10,DAIRY,43272.21428571432,0,122244.00535714295
2018-07-11,DAIRY,43272.21428571432,0,122244.00535714295
2018-07-12,DAIRY,43272.21428571432,0,122244.00535714295
2018-07-13,DAIRY,43272.21428571432,0,122244.00535714295
2018-07-14,DAIRY,43272.21428571432,0,122244.00535714295
2018-07-15,DAIRY,43272.21428571432,0,122244.00535714295
2018-07-16,DAIRY,43272.21428571432,0,122244.00535714295
2018-07-17,DAIRY,43272.21428571432,0,122244.00535714295
2018-07-18,DAIRY,43272.21428571432,0,122244.00535714295
2018-07-19,DAIRY,43272.21428571432,0,122244.00535714295
2018-07-20,DAIRY,43272.21428571432,0,122244.00535714295
2018-07-21,DAIRY,43272.21428571432,0,122244.00535714295
2018-07-22,DAIRY,43272.21428571432,0,122244.00535714295
2018-07-23,DAIRY,43272.21428571432,0,122244.00535714295
2018-07-24,DAIRY,43272.21428571432,0,122244.00535714295
2018-07-25,DAIRY,43272.21428571432,0,122244.00535714295
2018-07-26,DAIRY,43272.21428571432,0,122244.00535714295
2018-07-27,DAIRY,43272.21428571432,0,122244.00535714295
2018-07-28,DAIRY,43272.21428571432,0,122244.00535714295
2018-07-29,DAIRY,43272.21428571432,0,122244.00535714295
2018-07-30,DAIRY,43272.21428571432,0,122244.00535714295
2018-07-31,DAIRY,43272.21428571432,0,122244.00535714295
2018-08-01,DAIRY,43272.21428571432,0,122244.00535714295
2018-08-02,DAIRY,43272.21428571432,0,122244.00535714295
2018-08-03,DAIRY,43272.21428571432,0,122244.00535714295
2018-08-04,DAIRY,43272.21428571432,0,122244.00535714295
2018-08-05,DAIRY,43272.21428571432,0,122244.00535714295
2018-08-06,DAIRY,43272.21428571432,0,122244.00535714295
2018-08-07,DAIRY,43272.21428571432,0,122244.00535714295
2018-08-08,DAIRY,43272.21428571432,0,122244.00535714295
2018-08-09,DAIRY,43272.21428571432,0,122244.00535714295
2018-08-10,DAIRY,43272.21428571432,0,122244.00535714295
2018-08-11,DAIRY,43272.21428571432,0,122244.00535714295
2018-08-12,DAIRY,43272.21428571432,0,122244.00535714295
2018-08-13,DAIRY,43272.21428571432,0,122244.00535714295
2018-08-14,DAIRY,43272.21428571432,0,122244.00535714295
2018-08-15,DAIRY,43272.21428571432,0,122244.00535714295
