item_nbr,familia,clase_abc,demanda_promedio_diaria,std_demanda,cv,ventas_totales,dias_con_venta,lead_time,stock_seguridad,punto_pedido,stock_actual,dias_cobertura
1503844,PRODUCE,A,3711.018812559242,2124.7923029890935,57.25630642987137,6264199.755600001,1198,7,9275.758835266019,35252.890523180715,51663.0,13.921513904795184
1047679,BEVERAGES,A,3265.921208530806,1189.446051147932,36.419924891054286,5512875.0,1925,7,5192.514441287647,28053.962901003288,34199.0,10.471471237784277
1473474,PRODUCE,A,2956.3522780805674,1618.8571457938783,54.7586009217052,4990322.645399998,1198,7,7067.104136252217,27761.570082816186,25852.0,8.744560041668848
364606,GROCERY I,A,2616.366113744076,956.8209431766788,36.57060600771379,4416426.0,1930,7,4176.991937025198,22491.55473323373,18436.0,7.046414453678155
819932,BEVERAGES,A,2613.1178909952605,1109.0408029819887,42.441284673903,4410943.0,1872,7,4841.506161547643,23133.331398514467,29973.0,11.470205804065028
1463992,BEVERAGES,A,2611.6972748815165,1640.3292274934615,62.80701991266876,4408545.0,1207,7,7160.840286960349,25442.721211130964,22439.0,8.591730831827736
807493,BEVERAGES,A,2560.0853080568722,1468.6071375185168,57.365554690566256,4321424.0,1920,7,6411.189278221911,24331.78643462002,23082.0,9.016105802161508
265559,GROCERY I,A,2436.508886255924,1189.335439416577,48.81309672726769,4112827.0,1930,7,5192.031566917783,22247.593770709253,20839.0,8.55281099837168
502331,BREAD/BAKERY,A,2193.9277251184835,831.6832837025277,37.90841759190642,3703350.0,1931,7,3630.70477810667,18988.198853936054,22165.0,10.102885225539039
314384,GROCERY I,A,2099.7280805687205,797.1137503106648,37.96271325260188,3544341.0,1931,7,3479.7918374208894,18177.888401401935,18248.0,8.690649122079392
559870,GROCERY I,A,2092.8436018957345,1206.2902558184414,57.63881518550944,3532720.0,1929,7,5266.0476426625355,19915.95285593268,17877.0,8.541966530039177
1143685,BEVERAGES,A,2072.922393364929,1427.1779377290823,68.84859473259758,3499093.0,1785,7,6230.330534784143,20740.787288338644,20186.0,9.737942946929389
584028,MEATS,A,1926.6605659952645,657.1714237588606,34.10935145285347,3252203.0354000065,1925,7,2868.8750574069118,16355.499019373765,22074.0,11.457129703901488
1167614,EGGS,A,1909.0154028436018,1306.9514683983368,68.46207036630234,3222418.0,1653,7,5705.483125670941,19068.590945576154,19123.0,10.017205713225287
1430040,BEVERAGES,A,1762.757701421801,1466.1143619794177,83.17163276591461,2975535.0,1004,7,6400.307092373156,18739.611002325764,15601.0,8.850337166257496
364738,BEVERAGES,A,1742.1575829383887,943.6858534422736,54.167651806251506,2940762.0,1927,7,4119.6508385637035,16314.753919132425,14999.0,8.609439322189283
1463993,BEVERAGES,A,1688.9152843601896,1429.9488562035986,84.66670113328419,2850889.0,991,7,6242.426950742371,18064.8339412637,15704.0,9.298275730833435
584126,MEATS,A,1593.18497008294,598.9710889060356,37.595828491581464,2689296.2295000027,1882,7,2614.802097208833,13767.096887789412,18804.0,11.802772655469552
320682,GROCERY I,A,1581.8726303317535,603.3005312895381,38.13837598056252,2670201.0,1930,7,2633.702233181678,13706.810645503952,11903.0,7.524626048750638
903285,POULTRY,A,1569.1599715639825,736.7820384729386,46.953914949703154,2648742.0320000025,1919,7,3216.4143730267215,14200.5341739746,15736.0,10.02829557544469
1463860,BEVERAGES,A,1531.5947867298578,1038.9614201079976,67.83526746825166,2585332.0,1208,7,4535.575340003835,15256.73884711284,9110.0,5.948048451804256
1463810,BEVERAGES,A,1507.414691943128,1976.3370259253002,131.10771949407695,2544516.0,983,7,8627.678857788138,19179.581701390034,16218.0,10.758817786958305
1695835,PRODUCE,A,1497.1244083530821,885.7450745915291,59.16309089943278,2527146.0013000024,1198,7,3866.7109674097437,14346.58182588132,14813.0,9.89430131347274
1052563,GROCERY I,A,1448.1552132701422,587.2213171543004,40.54961179390919,2444486.0,1927,7,2563.508590081009,12700.595082972006,14784.0,10.208850449542357
1463814,BEVERAGES,A,1426.593009478673,1459.7593407282407,102.3248628746392,2408089.0,1049,7,6372.564312791366,16358.715379142077,15204.0,10.6575595835536
261052,GROCERY I,A,1424.1386255924172,683.2576952188957,47.97690919552669,2403946.0,1930,7,2982.7544058186,12951.72478496552,17389.0,12.21018774964163
839362,BEVERAGES,A,1397.0710900473935,872.806462355405,62.47401929459412,2358256.0,1929,7,3810.2275894360587,13589.725219767814,19384.0,13.874741334274141
564533,GROCERY I,A,1375.1196682464456,551.7871960880801,40.12648563100838,2321202.0,1931,7,2408.8213008398425,12034.658978564963,17394.0,12.649080950300748
1146786,GROCERY I,A,1361.3086492890995,688.654279534457,50.58766649973795,2297889.0,1844,7,3006.313138865076,12535.473683888773,5235.0,3.8455643418807437
1162382,GROCERY I,A,1344.3803317535544,909.919242170644,67.68317124840578,2269314.0,1714,7,3972.2430460942023,13382.905368369084,6627.0,4.929408623046436
903284,POULTRY,A,1326.5446392180083,586.5882524954473,44.21926222107672,2239207.350999998,1925,7,2560.7449528566126,11846.55742738267,11727.0,8.840260367651863
457928,POULTRY,A,1318.3946877962087,613.5321470287254,46.536303028821244,2225450.2330000005,1915,7,2678.3682459295133,11907.131060502976,12499.0,9.480469024714424
220435,GROCERY I,A,1284.1439573459716,571.5881406569235,44.51121989767128,2167635.0,1930,7,2495.2621196778446,11484.269821099646,11582.0,9.019238017470654
1464086,BEVERAGES,A,1264.6350710900474,763.4588805983764,60.369896268993706,2134704.0,1206,7,3332.8718515736477,12185.317349203979,9521.0,7.528654089747337
582864,MEATS,A,1264.6248808649277,488.85216948014477,38.655903175477555,2134686.798899998,1925,7,2134.079092726123,10986.453258780617,9801.0,7.750124284520405
1473410,PRODUCE,A,1253.0939851303303,733.0005933224679,58.49526069237583,2115222.6468999977,1198,7,3199.90651331017,11971.564409222483,11243.0,8.972192136753934
1047690,BEVERAGES,A,1252.074644549763,631.6097704695106,50.44505718719613,2113502.0,1916,7,2757.285924196506,11521.808436044848,9094.0,7.263145244243914
159156,POULTRY,A,1248.5998840047378,612.9207090064837,49.088640553178045,2107636.604199997,1925,7,2675.6990195636954,11415.89820759686,14958.0,11.979818508411173
1503847,PRODUCE,A,1228.7385285545013,768.6658631096889,62.55731754533278,2074110.636199998,1198,7,3355.6028799035394,11956.772579785049,10185.0,8.28898888031266
315176,BEVERAGES,A,1211.6409952606634,633.4399972873616,52.279511816211546,2045250.0,1928,7,2765.27576045125,11246.762727275895,9910.0,8.178990343478793
273528,PERSONAL CARE,A,1209.1409952606634,580.5158022373727,48.01059632522232,2041030.0,1930,7,2534.2357340243484,10998.222700848994,13597.0,11.245173270358594
414750,GROCERY I,A,1172.0029620853081,627.1255156995638,53.50886780898054,1978341.0,1927,7,2737.7099563508946,10941.730690948052,9240.0,7.883939118685808
215352,GROCERY I,A,1167.428317535545,509.04135184270865,43.60364950863116,1970619.0,1928,7,2222.2147596394975,10394.212982388312,10681.0,9.149169880123962
968432,BEVERAGES,A,1151.3513033175354,665.6714966638109,57.816540854709295,1943481.0,1728,7,2905.9820378104,10965.441161033148,13666.0,11.86953101162296
1463855,BEVERAGES,A,1149.26836492891,817.1485259509444,71.10162873068299,1939965.0,1206,7,3567.2534433841947,11612.131997886565,13128.0,11.422919485660824
1642399,PRODUCE,A,1148.1446469194311,1062.8272568491182,92.56910788207507,1938068.1639999996,976,7,4639.761403602166,12676.773932038184,9228.0,8.037314832028787
1427659,DAIRY,A,1144.9863744075828,573.1281714792269,50.05545780191175,1932737.0,1299,7,2501.9851083137064,10516.889729166785,12546.0,10.957335633353116
414353,GROCERY I,A,1143.3370853080569,460.351212168275,40.26382228686648,1929953.0,1928,7,2009.6584581882387,10013.018055344637,11471.0,10.032911682305217
1463862,BEVERAGES,A,1139.9052132701422,711.650411494441,62.430665568487875,1924160.0,1208,7,3106.70251523127,11086.039008122265,12187.0,10.691239813736903
305080,GROCERY I,A,1121.9324644549763,543.6675904882219,48.45813876616274,1893822.0,1925,7,2373.375246523941,10226.902497708776,3730.0,3.3246207932952516
841842,GROCERY I,A,1120.3655213270142,1338.0946236926345,119.43375605737417,1891177.0,1929,7,5841.438248189392,13683.996897478492,9330.0,8.327639348405782
1158720,GROCERY I,A,1094.5254739336492,765.2766912504154,69.91858202258771,1847559.0,1682,7,3340.8074851848814,11002.485802720426,12719.0,11.620560967200507
257847,BEVERAGES,A,1082.0965639810427,682.961487042786,63.114652589798894,1826579.0,1915,7,2981.461312087621,10556.13725995492,10287.0,9.50654529587825
903286,POULTRY,A,1062.5390278436014,524.2300626821942,49.33748774820132,1793565.878999999,1914,7,2288.520919807465,9726.294114712675,12925.0,12.164259063717397
1036689,GROCERY I,A,1038.8649289099526,419.5259200156396,40.383105477998434,1753604.0,1926,7,1831.436067296479,9103.490569666148,8333.0,8.021254513561784
1693648,PRODUCE,A,1037.23537399289,660.0597034591705,63.63644357001028,1750853.3112999983,1198,7,2881.4838125832084,10142.131430533438,9455.0,9.115578042428789
464374,BEVERAGES,A,1027.8471563981043,485.58577442995033,47.24299438951544,1735006.0,1926,7,2119.819678898387,9314.749773685118,12721.0,12.376353741716168
1157329,GROCERY I,A,1024.3821090047393,1668.1323926172424,162.8427886385045,1729157.0,1749,7,7282.214716914029,14452.889479947204,20379.0,19.893943696263555
1146795,GROCERY I,A,1006.6155213270142,409.0580783191136,40.63697306990212,1699167.0,1847,7,1785.7388125736886,8832.047461862789,8219.0,8.164984371753924
1463881,BEVERAGES,A,1003.7677725118483,712.1394310329932,70.94663233218988,1694360.0,1207,7,3108.83732497195,10135.211732554888,11935.0,11.890200429660757
1473482,PRODUCE,A,996.4998023696681,596.5264071985356,59.862170145944916,1682091.6663999998,1198,7,2604.1298644847893,9579.628481072466,13673.0,13.72102630375412
1074327,BEVERAGES,A,989.1013033175356,584.3842162665388,59.082342153069774,1669603.0,1798,7,2551.12325548187,9474.832378704617,8310.0,8.40156612080836
1047685,BEVERAGES,A,983.6481042654028,453.17828967268616,46.0711801006442,1660398.0,1927,7,1978.3451391784051,8863.881869036224,8735.0,8.88020823922939
564287,BREAD/BAKERY,A,979.8341232227489,458.435949829375,46.787097832594796,1653960.0,1852,7,2001.2974002453461,8860.136262804588,12426.0,12.681738373358485
964752,GROCERY I,A,963.5758293838862,396.45906135774896,41.14456270776803,1626516.0,1925,7,1730.7379342616573,8475.76873994886,5140.0,5.334297357050285
621300,GROCERY I,A,950.6208530805687,381.30008520703797,40.11063758715183,1604648.0,1926,7,1664.5615805701755,8318.907552134157,7949.0,8.361903669839117
1584575,PRODUCE,A,940.6694312796209,744.8228489675,79.18008433146329,1587850.0,1195,7,3251.516448124934,9836.20246708228,4943.0,5.254768397518657
1473404,PRODUCE,A,938.710308056872,530.2235704270182,56.484259933672156,1584543.0,1196,7,2314.6855159141423,8885.657672312245,9119.0,9.714392099173073
1146496,FROZEN FOODS,A,932.7979857819905,706.9194900910587,75.784843113531,1574563.0,1842,7,3086.0497267471255,9615.63562722106,12424.0,13.319068211306883
265254,GROCERY I,A,929.1623222748815,389.50893923622067,41.92044058379168,1568426.0,1926,7,1700.3972479817546,8204.533503905925,12145.0,13.07091313201898
1047681,BEVERAGES,A,926.3714454976304,492.0477464377688,53.11559945303036,1563715.0,1927,7,2148.0293509027715,8632.629469386184,8428.0,9.097862462149433
222879,GROCERY I,A,916.7654028436019,445.21810053707696,48.56401639460975,1547500.0,1883,7,1943.595015789336,8360.95283569455,8450.0,9.21718901453958
1047790,BEVERAGES,A,908.593009478673,405.48700143255604,44.628012454686825,1533705.0,1924,7,1770.1493133387273,8130.300379689439,7377.0,8.119146772032432
507969,POULTRY,A,897.7500664099534,438.5894971929323,48.85429849610865,1515402.1121000014,1916,7,1914.6579164086443,8198.908381278317,9444.0,10.519631636192429
1751174,PRODUCE,A,875.9599012440751,590.5299990856813,67.41518627131057,1478620.3132999989,1197,7,2577.952606851456,8709.671915559982,4069.0,4.6451898017489555
587157,MEATS,A,867.6464954383897,339.35746807603783,39.112411547812805,1464587.2843000018,1895,7,1481.4615190348661,7554.9869871035935,7311.0,8.426242759507744
1686656,PRODUCE,A,861.3921800947867,498.4087380334564,57.86083848342018,1454030.0,1198,7,2175.798193961808,8205.543454625315,4871.0,5.654799419544301
116017,GROCERY I,A,856.6409952606635,389.94210576379174,45.519897824308295,1446010.0,1928,7,1702.2882319803348,7698.7751988049795,7463.0,8.711934218988803
987308,GROCERY I,A,852.6226303317535,509.9874050148608,59.81396539010768,1439227.0,1916,7,2226.3447449834193,8194.703157305694,10925.0,12.813406085349984
1037857,BEVERAGES,A,852.3939573459716,378.9268907358386,44.454431835212894,1438841.0,1924,7,1654.2014246372569,7620.959126059057,7969.0,9.3489635060441
1502392,PRODUCE,A,849.8803885663517,532.4621552343926,62.65142276463088,1434598.0959000017,1198,7,2324.4580347510587,8273.62075471552,10281.0,12.096996398920133
219150,BEVERAGES,A,844.6913507109005,660.0005350631166,78.13511225226276,1425839.0,1875,7,2881.2255135618434,8794.064968538147,10333.0,12.232870611618843
1463867,BEVERAGES,A,835.0568720379147,596.0291902962518,71.37587992559983,1409576.0,1204,7,2601.959269237473,8447.357373502877,6768.0,8.10483719927127
1305845,DELI,A,831.4087677725119,424.9802941486856,51.11568588424697,1403418.0,1348,7,1855.2470811938254,7675.108455601408,7142.0,8.590238973705624
839363,BEVERAGES,A,823.877962085308,571.3103765877204,69.34405371660668,1390706.0,1928,7,2494.0495435049143,8261.19527810207,5407.0,6.562865192211726
1157564,GROCERY I,A,813.8400473933649,343.7325229008577,42.23588210014892,1373762.0,1765,7,1500.5607756487982,7197.441107402352,5842.0,7.178314729916827
510054,GROCERY I,A,813.6232227488151,605.6640610821764,74.44036061752865,1373396.0,1928,7,2644.0201980602396,8339.382757301944,7994.0,9.825186617698028
1473393,PRODUCE,A,813.6158580568723,462.6996718356188,56.86954933998789,1373383.5684000005,1198,7,2019.910634590603,7715.221640988709,7114.0,8.74368404887055
1066900,BEVERAGES,A,804.8744075829384,503.49246407068597,62.55540731909824,1358628.0,1725,7,2197.9911474281616,7832.1120005087305,8386.0,10.419016831686083
1309297,BEVERAGES,A,801.0817535545024,727.0571624456289,90.75942114766478,1352226.0,1301,7,3173.960527253049,8781.532802134567,7871.0,9.825464086624573
518091,BEVERAGES,A,795.6090047393365,520.2059354237908,65.38462138123043,1342988.0,1508,7,2270.9536338572757,7840.216667032631,6895.0,8.666317197175255
1473428,PRODUCE,A,795.4396444312795,505.45693744632615,63.544348208557786,1342702.1197999998,1198,7,2206.5670356432615,7774.644546662217,10994.0,13.821287481667387
581078,CLEANING,A,794.4419431279621,274.26954216090087,34.523547571143766,1341018.0,1931,7,1197.320851249526,6758.41445314526,6975.0,8.779747922846674
862454,GROCERY I,A,793.1078199052133,381.8849210570976,48.15044202977822,1338766.0,1929,7,1667.1146754283127,7218.869414764806,8581.0,10.819462101666758
1333307,BREAD/BAKERY,A,788.7061611374407,381.12894111324664,48.32331226671256,1331336.0,1256,7,1663.8144527978018,7184.757580759887,6964.0,8.829650816923753
115611,GROCERY I,A,787.1854265402843,394.9429736556167,50.17153015540556,1328769.0,1902,7,1724.1194690694083,7234.417454851398,6065.0,7.704664994442225
1047772,BEVERAGES,A,786.5645734597157,372.31563248778184,47.33440140205477,1327721.0,1921,7,1625.3400450942452,7131.292059312255,8865.0,11.270530480424727
1473478,PRODUCE,A,784.253561255925,540.9562289771552,68.97721039492039,1323820.0114000014,1198,7,2361.5388258740277,7851.3137546655025,8200.0,10.455802058288771
410257,GROCERY I,A,780.5373222748815,407.5065230863187,52.20846094823987,1317547.0,1911,7,1778.9655142429508,7242.726770167122,10342.0,13.24984687453275
1114566,BEVERAGES,A,780.1451421800948,527.3465288836393,67.59595110853135,1316885.0,1894,7,2302.1258207957617,7763.141816056425,10449.0,13.393661557387318
1239897,POULTRY,A,775.8711623222737,316.42805378160745,40.78358226828551,1309670.521999998,1590,7,1381.3633979480028,6812.461534203919,5851.0,7.54120050355689
1105212,GROCERY I,A,774.1872037914692,352.97111372093815,45.59247582397558,1306828.0,1921,7,1540.8917483769162,6960.202174917201,7515.0,9.706954549489298
866927,DELI,A,762.7482227488151,303.28391061893774,39.76199505597719,1287519.0,1912,7,1323.9827768390035,6663.220336080709,5373.0,7.0442642011496535
1463866,BEVERAGES,A,758.7156398104265,526.6721337757715,69.41627483880079,1280712.0,1207,7,2299.181755923414,7610.1912345964,5313.0,7.00262354065551
305229,GROCERY I,A,757.7908767772511,273.0605710424987,36.03376332581046,1279151.0,1925,7,1192.0431003289655,6496.5792377697235,2576.0,3.3993547282533494
1473394,PRODUCE,A,754.0289710308074,434.7775811963484,57.66059367745231,1272800.9031000028,1198,7,1898.017036528355,7176.219833744007,9217.0,12.223668259589221
165594,GROCERY I,A,750.1830568720379,347.89898404459313,46.37521213758042,1266309.0,1927,7,1518.7494187041352,6770.030816808401,6479.0,8.63655869144103
323013,GROCERY I,A,749.6883886255924,420.2919942091082,56.062225397358986,1265474.0,1835,7,1834.7803562693541,7082.599076648501,6842.0,9.12645854438732
418235,BEVERAGES,A,749.2879146919431,272.86704761082933,36.416848885520054,1264798.0,1921,7,1191.198275788415,6436.213678632017,8512.0,11.360119165273822
315277,GROCERY I,A,748.199644549763,361.42954534673123,48.30656469560678,1262961.0,1926,7,1577.8169442066785,6815.21445605502,9504.0,12.702492000940648
988459,PREPARED FOODS,A,747.6557985781985,373.4448303133774,49.94876399321046,1262042.9879999992,1663,7,1630.2695465296545,6863.860136577045,8222.0,10.997039032714795
208384,EGGS,A,747.098933649289,318.1591117439818,42.58594108679793,1261103.0,1927,7,1388.9203135892458,6618.612849134269,3446.0,4.612508256661035
876663,GROCERY I,A,746.2754739336493,485.93695429418074,65.11495704565858,1259713.0,1926,7,2121.3527509656287,7345.281068501174,6969.0,9.338374693283312
1057033,GROCERY I,A,746.2689573459716,318.80187890261516,42.719434563699544,1259702.0,1867,7,1391.7263069761407,6615.609008397942,7113.0,9.531416160329982
1004550,"LIQUOR,WINE,BEER",A,741.6978672985782,631.2353078029245,85.10679828459236,1251986.0,1714,7,2755.651211296249,7947.536282386297,9869.0,13.30595709536688
1473403,PRODUCE,A,741.5696997037923,473.21614007675936,63.81276638807892,1251769.6531000014,1198,7,2065.820167991268,7256.808065917814,8359.0,11.272035525910598
1473479,PRODUCE,A,732.5733274881508,468.0199827440974,63.8871175324995,1236583.7767999985,1197,7,2043.1363968668772,7171.149689283933,8209.0,11.205704182743098
1625605,PRODUCE,A,732.4626606042655,556.327713545509,75.95304763884496,1236396.9711000002,1198,7,2428.642882866084,7555.881507095943,7892.0,10.774610672289118
939207,DAIRY,A,730.7310426540284,286.4216109508441,39.19658454779143,1233474.0,1922,7,1250.370581939206,6365.487880517406,5760.0,7.882517183175325
1239809,DAIRY,A,720.0479857819905,372.1492796439873,51.683955374144084,1215441.0,1592,7,1624.613833474207,6664.949733948141,6158.0,8.552207799473607
223136,GROCERY I,A,718.2186018957347,422.85003286591876,58.87483723615736,1212353.0,1898,7,1845.9474475838713,6873.477660854014,10089.0,14.047255213621774
759893,CLEANING,A,715.443720379147,329.9017878807741,46.11149395593881,1207669.0,1927,7,1440.1828448833824,6448.288887537411,6829.0,9.545125361336591
557256,EGGS,A,714.6161137440758,244.48938646020366,34.212688709082514,1206272.0,1928,7,1067.315889367961,6069.628685576492,5202.0,7.2794328310696095
115894,GROCERY I,A,713.2037914691944,329.8893794223483,46.25457455053327,1203888.0,1926,7,1440.1286758863878,6432.555216170748,9499.0,13.318773839426923
638977,GROCERY I,A,712.4934834123222,378.2957438776702,53.09462509971466,1202689.0,1894,7,1651.4461595519258,6638.900543438182,9275.0,13.01766292033934
885543,PREPARED FOODS,A,711.4733412322275,286.57595358839023,40.2792257953135,1200967.0,1766,7,1251.0443631280134,6231.357751753606,6088.0,8.556891238476993
903283,POULTRY,A,707.2969899289094,308.013025720382,43.54790563315426,1193917.318999999,1910,7,1344.627679930709,6295.706609433075,6433.0,9.09518927918325
1926217,PRODUCE,A,702.0681279620853,709.374442119522,101.04068449576893,1185091.0,816,7,3096.7667944511722,8011.243690185769,8102.0,11.540190584520513
311994,BREAD/BAKERY,A,701.5886101895735,259.3828566621199,36.970790701980334,1184281.574,1925,7,1132.333179584446,6043.45345091146,7779.0,11.08769425133351
452212,BREAD/BAKERY,A,697.1048578199052,291.69441514923085,41.84369279271171,1176713.0,1925,7,1273.388954163639,6153.122958902975,5341.0,7.661688109165107
457574,FROZEN FOODS,A,695.1307452606645,2838.666765948856,408.364438676122,1173380.6980000017,1857,7,12392.170424179703,17258.085641004356,25767.0,37.067846841298504
1463798,BEVERAGES,A,693.8649289099526,757.6970323170531,109.19949989508468,1171244.0,1222,7,3307.7185624602776,8164.773064829946,4989.0,7.190160205729976
1584576,PRODUCE,A,687.9425355450237,450.92848543300045,65.54740579832755,1161247.0,1198,7,1968.5236420257063,6784.121390840872,8945.0,13.002539511404551
1166474,BEVERAGES,A,686.3524881516588,726.1807000997283,105.80288009960108,1158563.0,1681,7,3170.134339941786,7974.601757003398,10301.0,15.008323241809034
2042947,BEVERAGES,A,685.5005924170616,3215.919891428842,469.13451673171744,1157125.0,273,7,14039.065043893816,18837.569190813247,18941.0,27.630902452198335
1463825,BEVERAGES,A,684.276066350711,463.0740455919613,67.67357041457923,1155058.0,1167,7,2021.544959354111,6811.477423809088,9312.0,13.608542601323915
1121616,DELI,A,681.151066350711,335.42814259586527,49.24430998734722,1149783.0,1698,7,1464.3080892676023,6232.3655537225795,8970.0,13.168884911326746
567623,GROCERY I,A,676.9531990521327,335.02815381418975,49.490593187726255,1142697.0,1929,7,1462.5619423757792,6201.234335740708,7138.0,10.544303520530814
1695845,PRODUCE,A,672.5598341232228,412.71182115524675,61.36432778405138,1135281.0,1198,7,1801.6891891570258,6509.608028019586,8169.0,12.146131222137955
828630,DELI,A,671.6617298578199,250.02525939469436,37.224877982495855,1133765.0,1913,7,1091.482685440582,5793.1147944453205,7862.0,11.705296953072287
1146801,GROCERY I,A,670.6492890995261,270.2864568626052,40.302205825867055,1132056.0,1846,7,1179.932733551947,5874.477757248629,6089.0,9.079261096624196
838216,DAIRY,A,669.0770142180095,247.73237324077087,37.02598773779586,1129402.0,1928,7,1081.4731146366048,5765.012214162671,4991.0,7.459529910519018
938566,GROCERY I,A,668.2263033175356,424.1437186656255,63.47306542108324,1127966.0,1923,7,1851.5950195699927,6529.179142792741,5388.0,8.063136654828249
1642400,PRODUCE,A,665.9895539099526,555.8654968574349,83.464596943602,1124190.367,972,7,2426.6250806921116,7088.55195806178,8363.0,12.557254015324613
1083196,DAIRY,A,665.0171800947867,228.3729756560507,34.34091366233577,1122549.0,1921,7,996.9598645936346,5652.080125257142,5755.0,8.653911766880556
1693656,PRODUCE,A,663.002962085308,453.62896842779156,68.42035320641953,1119149.0,1197,7,1980.312572625267,6621.333307222423,2135.0,3.220196774513492
1463823,BEVERAGES,A,657.7274881516588,514.6209027238764,78.24226780760836,1110244.0,1030,7,2246.5722313368497,6850.664648398461,7208.0,10.958945961428299
1464088,BEVERAGES,A,656.5082938388625,478.64570964856006,72.90779326636228,1108186.0,1201,7,2089.5228978328964,6685.080954704934,4100.0,6.2451610108772355
2042941,BEVERAGES,A,655.1451421800948,2483.8823987652704,379.13467395938784,1105885.0,276,7,10843.362936554731,15429.378931815394,14674.0,22.398090217337245
1696007,PRODUCE,A,647.360572511849,434.196105178957,67.07175623844618,1092744.6464000011,1197,7,1895.4786089850013,6427.002616567945,5526.0,8.53620105184712
1083152,DAIRY,A,644.1925355450237,223.25074489675217,34.6559037210621,1087397.0,1921,7,974.598819161102,5483.946567976268,3394.0,5.268611188002174
582863,MEATS,A,640.7974532582946,215.1477860705182,33.57500641997648,1081666.1011000013,1923,7,939.225436163384,5424.807608971446,6760.0,10.549355284773828
514327,PREPARED FOODS,A,638.832345971564,233.5265218832142,36.555212546111285,1078349.0,1730,7,1019.4576173774319,5491.28403917838,8144.0,12.748258680631224
1962621,BEVERAGES,A,636.2997630331754,1105.4786680500933,173.73551465434946,1074074.0,650,7,4825.955698323329,9280.054039555556,9522.0,14.964644894113441
1166475,BEVERAGES,A,636.0047393364929,442.9841715912791,69.65108028179459,1073576.0,1676,7,1933.8428220680055,6385.875997423455,6319.0,9.935460554259782
378685,DAIRY,A,633.9419431279621,304.47263781116453,48.02847344487921,1070094.0,1928,7,1329.1721531091016,5766.765755004836,4930.0,7.776737370735655
155500,GROCERY I,A,626.9306872037914,259.7641262780501,41.43426563415465,1058259.0,1893,7,1133.9976081517032,5522.512418578243,4846.0,7.7297221190653715
1463885,BEVERAGES,A,623.9875592417062,551.2312414406637,88.3401012210149,1053291.0,1208,7,2406.394286573306,6774.307201265249,8720.0,13.97463758828282
264299,CLEANING,A,619.4733412322275,1182.6513674015068,190.91239100766336,1045671.0,1921,7,5162.852319627531,9499.165708253124,8752.0,14.128130167136698
913364,CLEANING,A,617.2494075829384,284.5668316020292,46.10240659709221,1041917.0,1888,7,1242.2735618643328,5563.019414944902,5285.0,8.56217913710977
939661,GROCERY I,A,614.3921800947867,350.8115951036918,57.098968129700076,1037094.0,1921,7,1531.4643921757172,5832.209652839224,7583.0,12.342279484791158
168927,CLEANING,A,614.3116113744076,237.47285788607132,38.65674252107495,1036958.0,1925,7,1036.685306405642,5336.8665860264955,5315.0,8.651960831586237
1012473,CLEANING,A,612.2523696682465,282.84057260383145,46.196729750036035,1033482.0,1887,7,1234.737596051597,5520.504183729323,7268.0,11.870921796412516
261053,GROCERY I,A,611.6581753554502,342.5260439499773,55.999585675598404,1032479.0,1927,7,1495.2939042597932,5776.901131747945,7095.0,11.599616069673088
1463857,BEVERAGES,A,611.5331753554502,440.67595884241695,72.06084258409636,1032268.0,1207,7,1923.7663431722508,6204.498570660402,6040.0,9.876814935656245
514144,GROCERY I,A,610.7825829383886,375.0536743335161,61.405430477271615,1031001.0,1860,7,1637.292938469362,5912.771019038082,7867.0,12.88019701241803
582865,MEATS,A,608.9055193720379,206.08708065771629,33.84549393972535,1027832.5167,1921,7,899.6710203419844,5162.00965594625,1908.0,3.1334910578043593
215331,GROCERY I,A,606.3483412322275,293.394100453219,48.38705419016738,1023516.0,1930,7,1280.8089127889884,5525.247301414582,1793.0,2.9570461038225098
265279,BREAD/BAKERY,A,606.178317535545,255.8383161782413,42.20512492402691,1023229.0,1929,7,1116.8595247410797,5360.107747489895,6928.0,11.428980218504362
1109325,BEVERAGES,A,600.3560426540284,238.16281295307556,39.670261650106085,1013401.0,1924,7,1039.6972981187605,5242.1895966969605,4553.0,7.583833053253351
847863,GROCERY I,A,599.8702606635071,337.007128599752,56.18000269374809,1012581.0,1928,7,1471.2011363459962,5670.292960990546,6416.0,10.695646076708925
564534,GROCERY I,A,599.8400473933649,248.14310349785575,41.368212171923844,1012530.0,1927,7,1083.2661533282956,5282.146485081849,5212.0,8.688983042477755
671039,BEVERAGES,A,592.3193127962086,218.08306254098795,36.81849600876021,999835.0,1927,7,952.0393552540199,5098.27454482748,6276.0,10.595636279986197
819934,BEVERAGES,A,584.4905213270142,424.81214448991,72.68075853915064,986620.0,1499,7,1854.5130255965605,5945.94667488566,4945.0,8.460359611603252
913363,CLEANING,A,582.8862559241707,265.4287747524512,45.53697604888827,983912.0,1904,7,1158.7265725126833,5238.930363981878,6486.0,11.127385375927927
114790,GROCERY I,A,581.9081753554502,288.18757224249657,49.52457869602216,982261.0,1931,7,1258.0798677036262,5331.437095191778,7462.0,12.823329033729324
1161571,GROCERY I,A,580.324644549763,301.1376465777351,51.891238706804984,979588.0,1707,7,1314.6132833525141,5376.885795200855,4915.0,8.469397338472909
852110,CLEANING,A,578.9182464454976,191.17933460046325,33.023546204370994,977214.0,1924,7,834.5914090265923,4887.019134145075,3350.0,5.786654714320507
812751,"LIQUOR,WINE,BEER",A,577.0675355450237,566.1123005169,98.10156795291269,974090.0,1716,7,2471.3573961489265,6510.830144964092,4242.0,7.3509593569382705
1157462,GROCERY I,A,574.5385071090047,278.95929346172454,48.5536286967792,969821.0,1763,7,1217.7939120765157,5239.563461839549,6302.0,10.968803521474582
211203,GROCERY I,A,568.553317535545,239.48599805819208,42.121994661163825,959718.0,1928,7,1045.4736490177215,5025.346871766536,6283.0,11.050854521849127
1309246,BREAD/BAKERY,A,565.9330568720379,254.23317164888533,44.922834699576406,955295.0,1435,7,1109.8522828901432,5071.383680994409,5994.0,10.591358690247516
1146802,GROCERY I,A,565.7381516587677,266.01064962883555,47.02010088039516,954966.0,1846,7,1161.266741270848,5121.433802882222,5481.0,9.688227643706687
111223,GROCERY I,A,564.4549763033175,232.7642592245193,41.23699302802147,952800.0,1924,7,1016.1299676202127,4967.314801743435,7122.0,12.617481108312344
1066901,BEVERAGES,A,563.848933649289,371.49997128908984,65.88643679517195,951777.0,1921,7,1621.779284562636,5568.721820107659,5089.0,9.02546709996144
1463865,BEVERAGES,A,561.5385071090047,417.04724818119877,74.26868200514028,947877.0,1207,7,1820.6154510246224,5751.385000787655,1788.0,3.184109330641001
264305,PERSONAL CARE,A,559.8874407582938,257.6855496620865,46.02452759309717,945090.0,1871,7,1124.9236034204273,5044.135688728484,3580.0,6.394142356812579
315220,GROCERY I,A,559.1338862559242,222.00445169273806,39.70506119371975,943818.0,1930,7,969.1581390615914,4883.09534285306,2399.0,4.2905644944258325
1047773,BEVERAGES,A,556.0728672985782,298.8272616994341,53.73886756085538,938651.0,1915,7,1304.5273220481467,5197.037393138195,4242.0,7.62849664039137
1695999,PRODUCE,A,555.5101816943128,359.097580559097,64.64284407242457,937701.1867,1145,7,1567.6367760311832,5456.208047891372,5441.0,9.794599953874624
1463787,BEVERAGES,A,552.5515402843602,477.7904674103636,86.46984626347758,932707.0,1224,7,2085.7893466824694,5953.650128672991,4275.0,7.736834825942124
258396,GROCERY I,A,551.5651658767772,248.92286894824645,45.130273691695976,931042.0,1930,7,1086.670211341741,4947.626372479181,6997.0,12.685717722723574
847859,BEVERAGES,A,548.8477488151659,368.5111374557389,67.1426890701963,926455.0,1517,7,1608.7315613579506,5450.665803064112,7426.0,13.530163904345056
1239882,POULTRY,A,545.9192061611371,294.84964280570966,54.009758125029194,921511.6199999994,1533,7,1287.1630678832187,5108.5975110111785,4779.0,8.754042624009456
1958216,BEVERAGES,A,544.111374407583,645.154364477767,118.57027712023067,918460.0,849,7,2816.414709332556,6625.194330185637,9042.0,16.617921303050757
1109389,GROCERY I,A,542.1309241706161,246.0891145229263,45.39293066511709,915117.0,1921,7,1074.299485689798,4869.215954884111,5302.0,9.77992540844504
1695823,PRODUCE,A,536.6172985781991,354.22917488995546,66.01150872856833,905810.0,1125,7,1546.383801406006,5302.7048914534,7124.0,13.275755401243085
1105211,GROCERY I,A,535.247037914692,211.04859609500932,39.430128734060624,903497.0,1923,7,921.3304646975749,4668.059730100419,6776.0,12.659574962617473
838215,DAIRY,A,534.6368483412323,192.06734818746781,35.924824258443316,902467.0,1927,7,838.4680231614922,4580.925961550118,5040.0,9.42695965614255
1963277,DAIRY,A,533.178317535545,701.4336349909705,131.55704422361634,900005.0,652,7,3062.101283013567,6794.349505762382,9024.0,16.924919306003854
1239902,POULTRY,A,533.0284218009476,240.7639076199076,45.16905624027262,899751.9759999997,1590,7,1051.0523499999674,4782.251302606601,4024.0,7.549316012838635
1239901,POULTRY,A,532.6778317535543,235.2834690337194,44.16993818931333,899160.1799999997,1590,7,1027.1275520018503,4755.872374276731,6556.0,12.307626879117361
153267,GROCERY I,A,530.6895734597157,377.52627081841837,71.1388144216246,895804.0,1928,7,1648.0870328656076,5362.914047083617,7652.0,14.418975579479438
314393,CLEANING,A,528.5651658767772,323.09704283963833,61.12719182008316,892218.0,1925,7,1410.4768007452078,5110.432961882648,4127.0,7.807930348860929
716250,BEVERAGES,A,526.9911137440758,469.96894593548035,89.17967185376729,889561.0,1923,7,2051.6445755329273,5740.582371741459,4959.0,9.410025844208548
730258,BEVERAGES,A,526.5456161137441,266.3764708899283,50.58943854778687,888809.0,1926,7,1162.863730204748,4848.683043000957,7104.0,13.491708567307485
554049,GROCERY I,A,524.5604265402843,240.12374425216672,45.77618365836182,885458.0,1898,7,1048.257723435299,4720.180709217289,5671.0,10.810956589697085
1047680,BEVERAGES,A,523.7399289099526,178.52139222185954,34.08588544956117,884073.0,1922,7,779.3332924147004,4445.512794784368,4952.0,9.455074411275993
269029,BEVERAGES,A,522.8761848341233,412.8378524687547,78.95518374005177,882615.0,1819,7,1802.2393775533915,5462.372671392254,5275.0,10.088430402837023
1159414,GROCERY I,A,521.470971563981,261.4582414498363,50.13859940576905,880243.0,1739,7,1141.393250422502,4791.6900513703695,6357.0,12.190515573540488
1346638,CLEANING,A,519.3524881516588,331.71555017896935,63.87098507210837,876667.0,1328,7,1448.1008054477584,5083.56822250937,6877.0,13.24148850133517
587069,GROCERY I,A,517.4668246445498,289.80281596358117,56.004134402750935,873484.0,1804,7,1265.131197471661,4887.398969983509,2916.0,5.635143860677471
868529,GROCERY I,A,516.0592417061612,259.2987051206048,50.24591832971122,871108.0,1927,7,1131.9658168998149,4744.3805088429435,2988.0,5.790032923586971
1047674,BEVERAGES,A,515.5663507109005,247.2577283393867,47.95846897270346,870276.0,1920,7,1079.4010572258946,4688.365512202198,6664.0,12.925591421572008
770449,GROCERY I,A,514.9774881516588,243.38961794229024,47.26218592891443,869282.0,1591,7,1062.514861271035,4667.357278332647,4116.0,7.992582384082495
1464005,BEVERAGES,A,514.6984597156398,414.584992398459,80.54910298886625,868811.0,1205,7,1809.8664988567782,5412.755716866257,4097.0,7.960000506439259
315474,BREAD/BAKERY,A,513.164691943128,234.92367670926004,45.77939215180761,866222.0,1930,7,1025.556882328504,4617.7097259304,4021.0,7.8356910815010465
105575,GROCERY I,A,512.9703791469194,226.33674312979167,44.12277050113389,865894.0,1925,7,988.070712548264,4578.8633665767,3299.0,6.431170558982971
724498,GROCERY I,A,512.9537914691944,331.5026939112502,64.62622938447639,865866.0,1925,7,1447.171583611271,5037.848123895631,3996.0,7.790175385105778
1159415,GROCERY I,A,509.6877962085308,250.86261130479508,49.21887735412024,860353.0,1736,7,1095.138136548635,4662.952710008351,3996.0,7.8400935429992105
115892,GROCERY I,A,508.6404028436019,220.07785859979236,43.267868098842804,858585.0,1921,7,960.7476168290356,4521.230436734249,4033.0,7.9289808230984695
1695836,PRODUCE,A,507.5991561611375,588.5715866388275,115.95204197935769,856827.3756000001,1182,7,2569.403177558323,6122.597270686285,6487.0,12.779769078143818
1686637,PRODUCE,A,506.73933649289097,321.4447362956075,63.433941900051614,855376.0,1175,7,1403.26367360671,4950.439029056946,7243.0,14.293344681169451
1463812,BEVERAGES,A,503.7979857819905,388.16120554131726,77.04699433024074,850411.0,1207,7,1694.5137304678312,5221.099630941765,6930.0,13.755513510526088
1239877,POULTRY,A,503.6470485781983,234.25919291941136,46.51257136932062,850156.2179999987,1578,7,1022.656085212518,4548.185425259906,3904.0,7.751460096948923
368136,GROCERY I,A,499.1149289099526,220.98417473834067,44.27520836152135,842506.0,1925,7,964.7041305635107,4458.508632933179,5310.0,10.638832245705075
1751176,PRODUCE,A,498.5548749407585,360.1332418688696,72.23542682471272,841560.6289000004,1198,7,1572.15794477363,5062.042069358939,7261.0,14.564093874045057
843585,GROCERY I,A,496.46030805687207,181.12702151199915,36.48368632346941,838025.0,1926,7,790.7081401470834,4265.930296545188,2541.0,5.1182339429014645
2010902,GROCERY I,A,495.52902843601896,655.9449056859438,132.37264984378956,836453.0,812,7,2863.520705437796,6332.223904489929,3680.0,7.426406504609345
164647,CLEANING,A,494.64277251184836,524.7107948648452,106.07873480093689,834957.0,1923,7,2290.6195511816222,5753.11895876456,2136.0,4.318267886849263
1047753,BEVERAGES,A,493.5627962085308,213.71868451125712,43.30121438508115,833134.0,1919,7,932.9867080786859,4387.926281538402,3026.0,6.130932118962856
884878,BEVERAGES,A,493.50888625592415,298.4818910564804,60.48156362916907,833043.0,1924,7,1303.01961007634,4757.58181386781,5749.0,11.649232992774683
898656,DAIRY,A,492.8483412322275,211.5327837050616,42.92046173396544,831928.0,1922,7,923.4441807043352,4373.382569329928,4646.0,9.426835014568569
1109116,BEVERAGES,A,490.64869668246445,390.60672956792723,79.61026539131278,828215.0,1906,7,1705.1896403272424,5139.730517104494,5519.0,11.248373912571012
956014,GROCERY I,A,489.07464454976304,194.19695282437345,39.707017116609904,825558.0,1923,7,847.7647901907269,4271.287302039068,4667.0,9.54251064128747
1047786,BEVERAGES,A,486.43838862559244,226.53463091253064,46.57005618997157,821108.0,1922,7,988.9345896182958,4394.003309997443,3875.0,7.966065365335619
699703,MEATS,A,485.8911808649286,172.49787685583962,35.501339322269324,820184.3132999995,1924,7,753.0376983478734,4154.275964402374,3468.0,7.137400587980745
165704,GROCERY I,A,485.34774881516586,200.03424132784068,41.214622261289065,819267.0,1926,7,873.2474128140594,4270.681654520221,6385.0,13.155515845261679
1159413,GROCERY I,A,482.36255924170615,251.2253064572656,52.08225672660045,814228.0,1739,7,1096.721478487658,4473.259393179601,2828.0,5.862809925475419
310644,BREAD/BAKERY,A,478.2760663507109,160.55103217725076,33.56869462489927,807330.0,1922,7,700.8838713949618,4048.816335849938,4722.0,9.872959013042994
641042,GROCERY I,A,477.93483412322274,268.8463496385563,56.25167500748469,806754.0,1900,7,1173.6459603513804,4519.18979921394,5816.0,12.169023023127249
115850,GROCERY I,A,476.19668246445497,202.61015938966443,42.54757894177224,803820.0,1928,7,884.4925564863471,4217.869333737532,5227.0,10.976556940608594
1459058,GROCERY I,A,476.17357819905214,472.8918020252903,99.31080254679944,803781.0,959,7,2064.4042735801795,5397.619320973545,7723.0,16.218875539481527
828204,GROCERY I,A,473.667654028436,256.00417369856746,54.04721464961983,799551.0,1926,7,1117.5835740316368,4433.257152230689,2077.0,4.38493104254763
1084881,GROCERY I,A,473.5035545023697,185.07314926888327,39.08590495448056,799274.0,1926,7,807.934920079651,4122.459801596238,5867.0,12.390614482642999
1239856,POULTRY,A,472.4336018957349,220.74128913635417,46.72429908681036,797467.9200000005,1591,7,963.6438159786849,4270.6790292488295,5270.0,11.155006711743331
115893,GROCERY I,A,470.9117298578199,202.98531835671233,43.10474882798071,794899.0,1921,7,886.1303090790726,4182.512418083812,3922.0,8.328524755975288
1695950,PRODUCE,A,470.1437699644557,278.07241701173626,59.146251588691555,793602.6837000012,1197,7,1213.9222621015062,4504.928651852696,4718.0,10.035228160859592
1473406,PRODUCE,A,468.4324644549763,275.9452239730711,58.90821941517971,790714.0,1196,7,1204.6360228794622,4483.663274064296,3831.0,8.178340082507708
999547,CLEANING,A,467.3056872037915,154.47423797898517,33.05635737140497,788812.0,1926,7,674.3556891366959,3945.495499563236,5880.0,12.58277003899535
1693657,PRODUCE,A,463.7037914691943,333.68075310738874,71.95989320038943,782732.0,1197,7,1456.6798785179744,4702.606418802335,5527.0,11.919246945314617
578097,DAIRY,A,463.6581753554502,326.76803379582657,70.4760643000243,782655.0,1922,7,1426.5024738183558,4672.109701306507,6399.0,13.801115434003489
1239875,POULTRY,A,463.3092298578199,200.61424867061237,43.300291844429,782065.98,1574,7,875.7794288735423,4118.944037878282,3764.0,8.124163641538276
1489882,PRODUCE,A,462.93661137440756,319.93339942034504,69.1095479509599,781437.0,1198,7,1396.6659481000531,4637.222227720906,6380.0,13.781584439948455
362548,GROCERY I,A,462.6457345971564,190.96482565744026,41.276685674778946,780946.0,1927,7,833.6549724531493,4072.175114633244,5326.0,11.512048208198776
1695828,PRODUCE,A,462.2477403436018,318.51344034394043,68.90535367618679,780274.1856999998,1198,7,1390.4671314297614,4626.201313834974,5055.0,10.935694344860346
1464238,BEVERAGES,A,462.20675355450237,293.9758122554352,63.602664823626434,780205.0,1172,7,1283.3483696485578,4518.795644530074,6355.0,13.749258207778725
1463797,BEVERAGES,A,459.3714454976303,355.90654159589985,77.47685344489611,775419.0,1223,7,1553.7063284222968,4769.306446905709,1506.0,3.2783927141326177
315179,BEVERAGES,A,456.3619668246445,256.204735289919,56.140685226813545,770339.0,1914,7,1118.4591235855282,4312.99289135804,5898.0,12.923951662839348
358231,CLEANING,A,454.9372037914692,187.3231820351942,41.17561291405353,767934.0,1929,7,817.7574148629699,4002.3178414032545,3623.0,7.963736466935961
129635,DAIRY,A,453.6575829383886,147.38807850566704,32.48883828878572,765774.0,1927,7,643.421133203738,3819.024213772458,4073.0,8.97813715273697
1463994,BEVERAGES,A,453.0627962085308,331.54392530889464,73.17836028105367,764770.0,1200,7,1447.3515788514892,4618.791152311205,6418.0,14.165806713129438
804974,GROCERY I,A,451.96030805687207,219.4951320445698,48.565134621722095,762909.0,1927,7,958.2037300757064,4121.92588647381,4650.0,10.288514095390145
168930,CLEANING,A,450.7719194312796,156.56572746021723,34.732804043727874,760903.0,1925,7,683.4860648478243,3838.889500866782,3806.0,8.44329434895118
1047675,BEVERAGES,A,450.46978672985784,188.01842378718638,41.73829840000771,760393.0,1920,7,820.7924855447561,3974.0809926537613,3254.0,7.223569917134955
323921,PERSONAL CARE,A,449.0770142180095,255.66177825359216,56.930497477984545,758042.0,1928,7,1116.088850255851,4259.627949781918,6389.0,14.226958400721859
1037845,GROCERY I,A,448.5231042654028,225.0345073950992,50.17233343278129,757107.0,1918,7,982.3858159093407,4122.047545767161,4900.0,10.924743794470267
1161572,GROCERY I,A,448.4318720379147,239.39653437375569,53.38526302463953,756953.0,1677,7,1045.0830962280777,4184.10620049348,6114.0,13.634178079748677
1096235,PERSONAL CARE,A,448.0740521327014,263.3686919475399,58.777938756770666,756349.0,1923,7,1149.7333023223905,4286.2516672513,4171.0,9.308729171321705
108831,POULTRY,A,447.55275355450266,284.5968380859964,63.58956253217162,755469.0480000005,1906,7,1242.4045548599222,4375.273829741441,3896.0,8.705119048106914
1160872,GROCERY I,A,444.7203791469194,234.812532851424,52.80003882481187,750688.0,1720,7,1025.0716849659864,4138.114338994423,5066.0,11.391427597084276
1047775,BEVERAGES,A,444.46445497630333,241.56017242950702,54.348591822125755,750256.0,1921,7,1054.5284357954886,4165.779620629612,4309.0,9.694813503657418
1428328,BEVERAGES,A,443.417654028436,319.5085175357567,72.05588560424499,748489.0,1296,7,1394.8111306247781,4498.73470882383,4727.0,10.660378442435361
315221,GROCERY I,A,442.4917061611374,177.2222185173518,40.05096955485414,746926.0,1928,7,773.6617630368971,3871.1037061648594,2721.0,6.149267798951971
364865,GROCERY II,A,442.4887440758294,268.4015089685072,60.65725118705193,746921.0,1909,7,1171.704013004485,4269.125221535291,5723.0,12.933662328412241
895291,POULTRY,A,442.4850688388623,194.01078557025102,43.845724801372455,746914.7961999995,1918,7,846.9520789672185,3944.3475608392546,5508.0,12.447877652580912
1695830,PRODUCE,A,441.52355936019006,266.1702231316651,60.28448935258886,745291.7682000009,1198,7,1161.96335774798,4252.628273269311,5072.0,11.487495723557343
1473412,PRODUCE,A,441.3266447274882,260.8242174328667,59.100038610612614,744959.3763000001,1198,7,1138.6254251301648,4227.911938222582,4576.0,10.368737203314799
1239810,DAIRY,A,440.99407582938386,242.13932419423764,54.90761383559241,744398.0,1593,7,1057.056716837877,4144.015247643564,1315.0,2.9818994677578394
1346637,CLEANING,A,440.7381516587678,262.1706129976965,59.48443809799261,743966.0,1326,7,1144.5031010510836,4229.670162662458,5220.0,11.84376705387074
1071928,PERSONAL CARE,A,440.2186018957346,218.85819841919556,49.715799713305145,743089.0,1923,7,955.4232029179547,4036.953416188097,3831.0,8.7024945867857
1353189,DELI,A,439.76777251184836,383.5641231165109,87.21969800690131,742328.0,1199,7,1674.4452146612007,4752.819622244139,1467.0,3.335851537325818
315180,BEVERAGES,A,438.98104265402844,292.1128860295091,66.5433942804064,741000.0,1689,7,1275.215784465868,4348.083083044067,5274.0,12.014186234817814
850333,GROCERY I,A,438.86789099526067,185.0285531366572,42.16042160593045,740809.0,1929,7,807.7402361253968,3879.8154730922215,4292.0,9.779708399870952
692531,GROCERY I,A,437.90402843601896,215.10252903281216,49.120929487918666,739182.0,1840,7,939.0278670330887,4004.3560660852213,4180.0,9.545470533643947
165988,GROCERY I,A,437.3483412322275,226.9371413442118,51.8893339585597,738244.0,1929,7,990.6917447471527,4052.130133372745,5465.0,12.495760209361675
414620,GROCERY I,A,435.25770142180096,170.99908256117314,39.286859716115806,734715.0,1897,7,746.4947273471588,3793.2986372997657,4686.0,10.766035809803801
939662,GROCERY I,A,434.95497630331755,260.89718261782787,59.982572181422796,734204.0,1924,7,1138.9439538908903,4183.6287880141135,6128.0,14.088814552903552
1501508,PRODUCE,A,433.1220615521334,284.46833208421344,65.67855977245642,731110.0399000011,1193,7,1241.8435632374724,4273.6979941024065,3658.0,8.445656143423438
514172,BEVERAGES,A,432.83590047393363,217.33654294888456,50.21222655304515,730627.0,1926,7,948.7804316912741,3978.6317350088093,3902.0,9.014963859808082
258376,CLEANING,A,432.3406398104265,201.10122953906517,46.51453299121831,729791.0,1926,7,877.9053388209767,3904.2898174939623,5802.0,13.419973663692756
364724,GROCERY I,A,431.688981042654,258.38420391922466,59.85425045947477,728691.0,1902,7,1127.9735713581542,4149.796438656732,4275.0,9.902962984310223
1157561,GROCERY I,A,431.3797393364929,184.60440854116396,42.793945034392394,728169.0,1754,7,805.888637278045,3825.5468126334954,3704.0,8.586402332425576
1913462,PRODUCE,A,430.8489336492891,385.1053204350776,89.38291135438975,727273.0,917,7,1681.173295624442,4697.115831169466,1772.0,4.112810457696078
749421,GROCERY I,A,430.6196682464455,236.69916073728788,54.967103964657724,726886.0,1930,7,1033.3077395001367,4047.645417225255,1583.0,3.676097764986532
518094,BEVERAGES,A,429.3175355450237,312.14569371716084,72.70741767416702,724688.0,1923,7,1362.6687993523183,4367.891548167484,2990.0,6.964541982204755
1686664,PRODUCE,A,428.39395734597156,259.5158593495085,60.57878616152448,723129.0,1198,7,1132.9138014414264,4131.671502863227,4004.0,9.346537063234914
926958,GROCERY I,A,428.2251184834123,195.21542451569235,45.58710269193473,722844.0,1925,7,852.210917831499,3849.7867472153853,4357.0,10.174554952382534
781796,FROZEN FOODS,A,427.7434834123223,153.20398560331648,35.816790096048265,722031.0,1925,7,668.8104155209871,3663.014799407243,3372.0,7.883229390427834
368260,GROCERY I,A,426.6244075829384,218.53334353052244,51.22382583983741,720142.0,1926,7,954.0050522593937,3940.3759053399626,3579.0,8.3891121473265
414752,GROCERY I,A,425.25770142180096,213.22510891818084,50.140211030931795,717835.0,1930,7,930.8320089290758,3907.6359188816823,3735.0,8.782909721593402
1696041,PRODUCE,A,425.02251184834125,262.94410425528434,61.865924021716154,717438.0,1198,7,1147.8797691407028,4123.037352079092,3784.0,8.903057825205801
559873,GROCERY I,A,424.34597156398104,207.0356509538392,48.789352280353455,716296.0,1928,7,903.811994164581,3874.233795112448,2233.0,5.262215620358064
1503855,PRODUCE,A,424.1456836492888,273.52598147784266,64.48868679376017,715957.9139999995,1198,7,1194.0748447736314,4163.094630318653,4050.0,9.548605953394077
1501570,PRODUCE,A,423.77902843601896,279.2613218845408,65.89786259956536,715339.0,1196,7,1219.11241403433,4185.565613086463,5371.0,12.67405803402303
1313223,BREAD/BAKERY,A,422.8915876777251,230.96787049509487,54.61633128325778,713841.0,1329,7,1008.2878511907198,3968.5289649347956,3094.0,7.316295925843431
1464207,BEVERAGES,A,420.16883886255926,336.1422991083727,80.00172026520217,709245.0,1215,7,1467.4257321409007,4408.607604178816,3779.0,8.994003482576542
1254013,PERSONAL CARE,A,418.95675355450237,262.6249385221559,62.68545292419802,707199.0,1482,7,1146.4864544318648,4079.1837293133813,5893.0,14.065890930275637
1239860,POULTRY,A,418.74948459715694,186.21373334271496,44.46900597904145,706849.1300000009,1592,7,812.9141280640382,3744.160520244137,1745.0,4.167169308109633
368628,BEVERAGES,A,417.957345971564,187.0075536449593,44.7432149350672,705512.0,1785,7,816.3795423879691,3742.0809641889173,4954.0,11.852884146548888
370042,GROCERY I,A,417.8092417061611,289.2010368806318,69.21843942456938,705262.0,1924,7,1262.5041371054815,4187.168829048609,3944.0,9.439714602516512
214381,CLEANING,A,415.91469194312793,194.07909785834508,46.66319839571414,702064.0,1928,7,847.2502955547667,3758.6531391566623,4282.0,10.295380478133048
123601,GROCERY I,A,415.436018957346,224.78773925502125,54.10887092053057,701256.0,1926,7,981.3085521446094,3889.3606848460313,4116.0,9.907662822136281
730259,BEVERAGES,A,414.1214454976303,210.67132905280374,50.87187136605541,699037.0,1793,7,919.6835093245392,3818.5336278079512,5053.0,12.201734672127513
261700,GROCERY I,A,413.71030805687207,154.75299544998606,37.40612511610719,698343.0,1929,7,675.5726019949058,3571.54475839301,1612.0,3.896446302175292
1463896,BEVERAGES,A,413.5669431279621,333.0287765875888,80.52596613954857,698101.0,1165,7,1453.833681760102,4348.802283655837,6204.0,15.001198966911664
426155,PREPARED FOODS,A,413.53376777251185,220.97070577935543,53.434742940004156,698045.0,1765,7,964.6453319622859,3859.381706369869,4525.0,10.942274495197301
1239819,DAIRY,A,413.2221563981043,258.52883566565976,62.56412722859645,697519.0,1592,7,1128.6049597521953,4021.1600545389256,2286.0,5.532133174866921
557420,PREPARED FOODS,A,411.8631516587678,130.40380404186098,31.661925451855343,695225.0,1762,7,569.27645859408,3452.318520205454,3348.0,8.128913661044985
1464087,BEVERAGES,A,411.2665876777251,272.6372065788124,66.29208760145018,694218.0,1206,7,1190.1949071389529,4069.0610208830285,3969.0,9.650674571964426
1121615,DELI,A,410.5983412322275,152.22406243144175,37.07371587878539,693090.0,1870,7,664.5325710433824,3538.7209596689745,1745.0,4.24989539598032
1473477,PRODUCE,A,410.19581931279623,257.3022524071031,62.72668815546761,692410.5430000001,1198,7,1123.2503232158426,3994.621058405416,3857.0,9.402826207399329
841841,GROCERY I,A,408.2043838862559,282.42364675547674,69.18682353841959,689049.0,1726,7,1232.9175105702598,4090.348197774051,3413.0,8.361007707724704
841197,BREAD/BAKERY,A,407.771327014218,135.7006580996887,33.27861698695582,688318.0,1925,7,592.3998202313055,3446.7991093308315,4396.0,10.780552012296642
567588,GROCERY I,A,407.1001184834123,188.20191267248578,46.22988403285229,687185.0,1928,7,821.5935043768532,3671.2943337607394,4218.0,10.361087625603004
1004551,"LIQUOR,WINE,BEER",A,406.39869668246445,319.17725997163546,78.53796347703876,686001.0,1714,7,1393.365029152731,4238.155905929982,2637.0,6.488701911513249
1354711,GROCERY I,A,405.9277251184834,411.4134079135912,101.35139396884176,685206.0,1163,7,1796.020979571943,4637.515055401327,6130.0,15.101210438904506
1693652,PRODUCE,A,404.30390995260666,300.860994884546,74.41456475645106,682465.0,1174,7,1313.4055632455747,4143.532932913821,3685.0,9.114430776669865
583985,MEATS,A,403.359619016588,569.3415537705146,141.1498640242172,680871.0369000005,1662,7,2485.4546678476186,5308.972000963735,5164.0,12.802471433779376
1047733,BEVERAGES,A,401.65343601895734,198.99510585152964,49.54398195217666,677991.0,1917,7,868.7110776335005,3680.285129766202,4415.0,10.992063316474702
1463786,BEVERAGES,A,401.01362559241704,434.50840565501505,108.35252917232332,676911.0,1222,7,1896.8419534850627,4703.937332631982,7012.0,17.485690142426407
848765,GROCERY I,A,398.8370853080569,243.87174648034255,61.145704715994256,673237.0,1926,7,1064.6195884202632,3856.4791855766616,3726.0,9.342160338781142
414621,GROCERY I,A,398.3542654028436,154.81915219136008,38.86469046209312,672422.0,1928,7,675.8614085655288,3464.341266385434,1357.0,3.4065155512460925
938574,GROCERY I,A,397.98222748815164,235.50769394351,59.175429875325605,671794.0,1923,7,1028.106403527786,3813.9819959448473,3555.0,8.932559683474398
2006812,BEVERAGES,A,395.9271327014218,1266.5150371571478,319.8858912536963,668325.0,425,7,5528.958303068545,8300.448231978498,7944.0,20.064298058579286
457424,EGGS,A,395.76421800947867,134.6919911239435,34.03339286239303,668050.0,1925,7,587.9964949750216,3358.3460210413723,3625.0,9.159494049846568
1014865,DAIRY,A,394.1617298578199,166.4312344785271,42.224097843938665,665345.0,1920,7,726.5538337590413,3485.685942763781,2143.0,5.436854564173474
1958181,BEVERAGES,A,392.1415876777251,557.7883375111619,142.24156657660362,661935.0,847,7,2435.0192216900464,5180.010335434123,7706.0,19.651065436938673
1239911,DAIRY,A,391.9632701421801,189.20080390244513,48.270034035029546,661634.0,1590,7,825.9541537159583,3569.697044711219,1923.0,4.906071937052812
1464237,BEVERAGES,A,391.23637440758296,267.87803698392315,68.46961440882097,660407.0,1189,7,1169.4188014667789,3908.0734223198597,5494.0,14.042661570819206
467887,GROCERY I,A,391.14218009478674,174.44582534087792,44.59908294692326,660248.0,1922,7,761.5414473238644,3499.5367079873713,3431.0,8.771746374089735
401817,GROCERY I,A,391.0219194312796,137.85483918596339,35.25501572558025,660045.0,1927,7,601.8038754962206,3338.957311515178,3452.0,8.828149595860888
1464218,BEVERAGES,A,390.79383886255926,324.4417298119548,83.02119878764512,659660.0,1224,7,1416.3470178231712,4151.903889861086,4940.0,12.640936239881151
1463864,BEVERAGES,A,390.21090047393363,275.96376015931486,70.72169430022097,658676.0,1060,7,1204.7169424089057,3936.193245726441,3920.0,10.045849552739131
699687,MEATS,A,390.07328204976375,249.66184879319152,64.00383217257644,658443.7001000012,1894,7,1089.8962202162036,3820.4091945645496,3557.0,9.118799373565437
623316,MEATS,A,389.86792654028426,144.25980852203028,37.00222529260155,658097.0599999998,1913,7,629.764702926296,3358.8401887082855,3687.0,9.45704878243948
938576,GROCERY I,A,389.08649289099526,247.40968686345562,63.58732348305106,656778.0,1925,7,1080.0644305919614,3803.6698808289284,3688.0,9.478612255587123
564110,GROCERY I,A,388.8584123222749,188.06746796187858,48.36399625219206,656393.0,1927,7,821.0065873824179,3543.015473638342,2361.0,6.071618679662945
165693,GROCERY I,A,388.81635071090045,195.34698799103714,50.24145400106514,656322.0,1920,7,852.7852568231788,3574.499711799482,3633.0,9.343742857926445
1153584,BEVERAGES,A,388.5296208530806,354.518129935255,91.24610091679811,655838.0,1724,7,1547.645231669407,4267.352577640971,4251.0,10.941250735699974
315460,GROCERY I,A,387.99585308056874,178.0713997444179,45.895181180568116,654937.0,1924,7,777.3688549058858,3493.3398264698667,2921.0,7.528430978857508
757888,CLEANING,A,387.99585308056874,291.91502942701703,75.23663645095708,654937.0,1924,7,1274.3520435128817,3990.3230150768627,3568.0,9.195974574653745
1502391,PRODUCE,A,387.9198304502369,279.4350805234844,72.03423454767953,654808.6737999999,1196,7,1219.8709555765397,3935.309768728198,3518.0,9.068884145254586
1696052,PRODUCE,A,387.70497630331755,253.37710199393254,65.35306933891538,654446.0,1197,7,1106.1151196604192,3820.049953783642,5222.0,13.46900431815612
1328907,PERSONAL CARE,A,387.04976303317534,269.802223526937,69.7073733911087,653340.0,1272,7,1177.8188179304832,3887.167159162711,4028.0,10.406930541525087
559493,BREAD/BAKERY,A,384.84004739336496,157.82573851202605,41.01073668944443,649610.0,1889,7,688.9866300700847,3382.8669618236395,4117.0,10.69795107833931
514242,GROCERY I,A,384.4490521327014,203.51495406110632,52.93678133217467,648950.0,1885,7,888.4424282718962,3579.5857932008057,3896.0,10.133982587256337
1473475,PRODUCE,A,384.2372458530807,236.2364219744034,61.48191632227454,648592.4710000003,1198,7,1031.2876582139763,3720.948379185541,5398.0,14.048612044403452
1342006,GROCERY I,A,384.146327014218,259.0977188478378,67.44766268147816,648439.0,1336,7,1131.0884134035941,3820.11270250312,5637.0,14.674095790043474
663084,GROCERY I,A,383.75296208530807,219.4788670512279,57.19274865230561,647775.0,1893,7,958.1327254153994,3644.403460012556,2691.0,7.0123237235151095
1239955,DAIRY,A,383.53021327014216,204.08181955749714,53.21140616730258,647399.0,1587,7,890.9170737368472,3575.6285666278422,3314.0,8.640779488383517
1397061,BEVERAGES,A,382.88270142180096,317.63964280740106,82.96004014489931,646306.0,1117,7,1386.6525773162198,4066.8314872688265,3028.0,7.9084272774815645
1158719,GROCERY I,A,382.78376777251185,250.94280477033502,65.55732658953035,646139.0,1745,7,1095.48822029351,3774.974594701093,5244.0,13.699640479834834
1146800,GROCERY I,A,382.7612559241706,173.47604254707826,45.32225763765543,646101.0,1844,7,757.3078705619278,3436.636662031122,2671.0,6.978240244172351
315178,BEVERAGES,A,382.2043838862559,166.22867636968093,43.49209045680402,645161.0,1922,7,725.6695684286644,3401.1002556324556,3172.0,8.29922453465104
346065,GROCERY I,A,382.0888625592417,419.29695089541747,109.73807194665528,644966.0,1883,7,1830.4365049689443,4505.058542883637,4788.0,12.531116368924874
319093,DELI,A,381.86611374407585,202.2882686064317,52.97361073048864,644590.0,1929,7,883.0873455994471,3556.150141807978,4147.0,10.859827176965203
414454,GROCERY I,A,381.4295023696682,179.21915902707926,46.98618169639806,643853.0,1928,7,782.3793861902507,3452.385902777928,4882.0,12.799219697663908
938567,GROCERY I,A,380.23755924170615,225.16622257822127,59.217249086929236,641841.0,1927,7,982.960817179754,3644.623731871697,4999.0,13.147044205652179
1109326,BEVERAGES,A,379.72452606635073,172.28650029986744,45.3714438950312,640975.0,1914,7,752.1149361777219,3410.186618642177,3628.0,9.554294629275713
413987,CLEANING,A,379.4899289099526,165.52889258828296,43.618784051463074,640579.0,1927,7,722.614669564457,3379.044171934125,3416.0,9.001556404440358
870544,PERSONAL CARE,A,379.40876777251185,203.61732380904542,53.66700537904583,640442.0,1922,7,888.8893223483545,3544.7506967559375,4083.0,10.761480352631464
1084437,GROCERY I,A,379.12263033175356,178.57127813512383,47.101192028253216,639959.0,1924,7,779.5510688533979,3433.4094811756727,3708.0,9.78047656177974
1464217,BEVERAGES,A,378.06457345971563,345.46504532519316,91.37725922421131,638173.0,1224,7,1508.1240843835947,4154.576098601604,4904.0,12.971329091014505
850460,GROCERY I,A,376.2873222748815,162.7140391835219,43.241966856554825,635173.0,1929,7,710.3264561223901,3344.3377120465607,4137.0,10.99425825719922
310671,GROCERY I,A,375.563981042654,172.66922820460786,45.9759819685683,633952.0,1921,7,753.7857308897061,3382.733598188284,2922.0,7.780298823885721
368140,GROCERY I,A,374.8667061611374,193.78071693659618,51.693232221401665,632775.0,1929,7,845.9477167251589,3470.014659853121,3590.0,9.57673738690688
417765,CLEANING,A,374.4431279620853,132.85941774030394,35.48186835832564,632060.0,1924,7,579.996414811584,3201.0983105461814,2485.0,6.636521849191532
1239808,DAIRY,A,373.8744075829384,209.35269575175943,55.995460375371565,631100.0,1591,7,913.9270292792044,3531.047882359773,4143.0,11.08126128981144
627263,GROCERY I,A,373.8228672985782,249.40601540935504,66.71769900318873,631013.0,1922,7,1088.7793822235492,3705.539453313597,5010.0,13.402069370995525
1463507,BEVERAGES,A,373.5776066350711,370.9698368735338,99.30194698096967,630599.0,1212,7,1619.4649882513893,4234.5082346968875,4075.0,10.908041401905173
409738,BREAD/BAKERY,A,372.0266587677725,143.5052349060108,38.57391171410381,627981.0,1910,7,626.4706196053967,3230.6572309798044,3388.0,9.106874252564966
1080021,GROCERY I,A,371.7582938388626,169.7408785649452,45.65893522163593,627528.0,1921,7,741.0020508073578,3343.3101076793955,2146.0,5.7725679172881526
805310,BEVERAGES,A,371.49585308056874,324.84383078380006,87.44211492270657,627085.0,1347,7,1418.102385459347,4018.573357023328,5681.0,15.292229920983598
864510,GROCERY I,A,371.38862559241704,184.7749667798957,49.75245714247539,626904.0,1635,7,806.6332075062116,3406.353586653131,4683.0,12.609433023238008
1464240,BEVERAGES,A,370.2867298578199,286.2197233804546,77.29678119719688,625044.0,1170,7,1249.4892438375305,3841.49635284227,3103.0,8.379992448531622
939663,GROCERY I,A,370.07997630331755,166.81331766294588,45.074937403861504,624695.0,1922,7,728.2218139511256,3318.7816480743486,1787.0,4.828685998767399
268664,GROCERY I,A,369.53909952606637,162.7583355579649,44.0436034418827,623782.0,1920,7,710.5198314871407,3297.2935281696055,2984.0,8.074923611133377
108786,CLEANING,A,367.42002369668245,161.87653284009053,44.057624081404185,620205.0,1930,7,706.6703308372287,3278.6104967140054,3424.0,9.319034835256085
802831,GROCERY I,A,367.3844786729858,186.4499756187628,50.75064038966236,620145.0,1911,7,813.9454412781494,3385.6367919890495,4228.0,11.508379491893026
1695875,PRODUCE,A,366.9058056872038,259.5675666792526,70.74501483918745,619337.0,1199,7,1133.139529254939,3701.4801690653658,4367.0,11.902237392566567
467808,CLEANING,A,366.6415876777251,139.74032502871518,38.113604600563136,618891.0,1926,7,610.0349444529701,3176.526058197046,3078.0,8.395119657581061
1047755,BEVERAGES,A,366.59774881516586,162.5719449438695,44.3461383680881,618817.0,1917,7,709.7061451879792,3275.8903868941406,3543.0,9.664543798893696
215896,GROCERY I,A,365.91824644549763,139.5971980469169,38.14983248388229,617670.0,1927,7,609.4101250933966,3170.8378502118803,3426.0,9.362747097964933
172343,GROCERY I,A,365.8655213270142,224.68280546084722,61.411308900032566,617581.0,1923,7,980.8504647508164,3541.909114039916,5182.0,14.163674076760781
692537,GROCERY I,A,365.0053317535545,150.39664136882638,41.203957390510574,616129.0,1930,7,656.5549832841177,3211.592305558999,3267.0,8.950554185892889
557257,EGGS,A,364.16706161137444,143.24367803766268,39.33460577237131,614714.0,1927,7,625.3287958002692,3174.4982270798905,3898.0,10.70387855165166
1489837,PRODUCE,A,363.02369668246445,240.32925199978592,66.20208382980604,612784.0,1175,7,1049.15486538325,3590.320742160501,2956.0,8.142719131047809
699686,MEATS,A,361.32384674170595,311.87862107921535,86.31553767946106,609914.6532999997,1680,7,1361.5028965120287,3890.7698237039704,4652.0,12.874876767614799
1342008,GROCERY I,A,359.50710900473933,390.05555902185165,108.49731458765383,606848.0,1364,7,1702.783511005658,4219.333274038833,6100.0,16.967675595865853
223434,GROCERY I,A,358.70023696682466,138.58110427947673,38.63423828523809,605486.0,1929,7,604.9743782547371,3115.8760370225095,2825.0,7.875656910316671
208530,FROZEN FOODS,A,357.8172713270146,1919.8665384366714,536.5494324286198,603995.5540000007,1670,7,8381.15752837747,10885.878427666572,13332.0,37.25924114997703
1087269,PERSONAL CARE,A,354.146327014218,192.0002797246082,54.2149572306308,597799.0,1923,7,838.175236480148,3317.1995255796737,4364.0,12.322590034443015
1960892,PRODUCE,A,354.0687203791469,565.8265804849965,159.8069944950498,597668.0,759,7,2470.1100883030663,4948.591130957095,7165.0,20.236184637624902
364832,GROCERY I,A,354.01066350710903,189.59331885032515,53.555821446750805,597570.0,1922,7,827.6676736636023,3305.7423182133657,2907.0,8.211617049048646
162066,GROCERY I,A,353.5835308056872,120.8629588581515,34.18229310136395,596849.0,1929,7,527.625997565865,3002.7107132056753,4165.0,11.779394788296537
557408,DAIRY,A,353.4668246445498,115.93362658709633,32.79901210069163,596652.0,1929,7,506.1070484898166,2980.3748210016647,2541.0,7.188793467548923
1457012,HOME CARE,A,352.6563981042654,317.2277446825143,89.95377551287858,595284.0,1227,7,1384.854440309712,3853.4492270395695,4482.0,12.709254742274275
1047735,BEVERAGES,A,351.5148104265403,178.0721202575731,50.65849716018912,593357.0,1916,7,777.372000298617,3237.975673284399,3495.0,9.942682061558218
882624,DAIRY,A,351.41409952606637,131.16334743561552,37.324440770165054,593187.0,1924,7,572.5922374283103,3032.490934110775,1520.0,4.3253813721474
1463820,BEVERAGES,A,351.2251184834123,330.01208680612564,93.96027488897025,592868.0,1207,7,1440.6643537018729,3899.240183085759,3132.0,8.917357658028433
760319,POULTRY,A,350.23046261848356,217.93590560288717,62.226427699492035,591189.0209000002,1882,7,951.3969431618646,3403.0101814912496,3671.0,10.481669619923752
1751175,PRODUCE,A,349.40487186018913,307.857058300708,88.10897703335228,589795.4236999992,1196,7,1343.9468057723172,3789.780908793641,5472.0,15.660915003467856
1696046,PRODUCE,A,349.0161662322272,227.0519888666971,65.05486302191,589139.2885999995,1197,7,991.193110419413,3434.306274045003,3582.0,10.2631349105377
105576,GROCERY I,A,345.34774881516586,200.5321119487161,58.06672046848732,582947.0,1893,7,875.4208618631303,3292.8551035692917,3677.0,10.647238942819845
165718,BREAD/BAKERY,A,344.56990521327015,170.90202761461154,49.59865183491066,581634.0,1927,7,746.0710349811762,3158.0603714740673,3128.0,9.077983749230615
938570,GROCERY I,A,344.51777251184836,165.984948630949,48.1789219234664,581546.0,1924,7,724.6055775045813,3136.2299850875197,1273.0,3.6950198264625667
507478,EGGS,A,343.5361374407583,141.6101649198723,41.22133001052691,579889.0,1924,7,618.1977111697613,3022.950673255069,3305.0,9.620530825726993
1149579,BREAD/BAKERY,A,343.34774881516586,124.84323123705677,36.36057951970541,579571.0,1843,7,545.0018354929216,2948.436077199083,3107.0,9.049134618536815
1397062,BEVERAGES,A,343.31457345971563,303.9364223092817,88.5300088622499,579515.0,1117,7,1326.8313098783542,3730.0333240963637,4635.0,13.500737685823491
1137146,GROCERY I,A,342.8453791469194,196.67473012192244,57.36543120729694,578723.0,1870,7,858.5815013710288,3258.499155399465,2275.0,6.635644341075092
783243,GROCERY I,A,340.8276066350711,122.94199277282594,36.07160640143263,575317.0,1925,7,536.7019986299362,2922.495245075434,3192.0,9.365438532148364
838408,DAIRY,A,340.7808056872038,118.22012967380677,34.69095902728711,575238.0,1928,7,516.0887540798552,2901.554393890282,1592.0,4.671624614507387
1489835,PRODUCE,A,340.76718009478674,373.0338251099399,109.46882414150858,575215.0,1174,7,1628.4753075625035,4013.8455682260105,3605.0,10.579070434533174
577741,GROCERY I,A,339.9306872037915,140.55776586256908,41.34894881623425,573803.0,1927,7,613.6034739634831,2993.1182843900233,3642.0,10.713948863982935
802832,GROCERY I,A,339.6812796208531,190.69544228120668,56.1395206983611,573382.0,1924,7,832.4789821087485,3210.24793945472,2408.0,7.08899825945007
804503,GROCERY I,A,339.50118483412325,210.08170378008234,61.87952006197742,573078.0,1925,7,917.109506291279,3293.617800130142,3556.0,10.474190249843826
841612,CLEANING,A,339.4917061611374,132.34859330909504,38.98433773409377,573062.0,1929,7,577.7664160374026,2954.2083591653645,2771.0,8.162202344597967
315712,GROCERY I,A,338.5835308056872,146.11925574923453,43.15604347368338,571529.0,1922,7,637.882100576027,3007.9668162158373,1754.0,5.180405543725691
260628,BREAD/BAKERY,A,337.65876777251185,124.0682090425302,36.743665760848145,569968.0,1891,7,541.6184841139215,2905.2298585215044,2458.0,7.279538500407041
1695972,PRODUCE,A,337.11653572274946,240.16919241078418,71.24218688824672,569052.7123000011,1169,7,1048.4561269019575,3408.271876961204,3808.0,11.295797139810922
464333,GROCERY I,A,336.4117298578199,123.83961153186948,36.81191841444075,567863.0,1926,7,540.6205440440859,2895.5026530488253,3210.0,9.541878939110314
801217,CLEANING,A,335.94135071090045,233.17184637081138,69.4084982028518,567069.0,1879,7,1017.9092850942271,3369.4987400705304,4016.0,11.954467622105952
956012,GROCERY I,A,334.15521327014216,126.23895942933197,37.778539557686386,564054.0,1923,7,551.0948724890148,2890.18136538001,2706.0,8.0980331670372
959502,CLEANING,A,334.15225118483414,234.24123404528106,70.10015141741842,564049.0,1898,7,1022.5776859331385,3361.6434442269774,4916.0,14.711856594019313
956013,GROCERY I,A,333.811018957346,131.1669932729827,39.293787749332225,563473.0,1923,7,572.6081532936506,2909.2852859950726,2879.0,8.624640399806202
723184,DAIRY,A,333.42476303317534,173.1707038823098,51.93696542121544,562821.0,1922,7,755.9749177770886,3089.948259009316,3356.0,10.065239214599314
802833,GROCERY I,A,332.59300947867297,210.3416568080385,63.24295785342606,561417.0,1920,7,918.244328547754,3246.3953948984645,1278.0,3.8425341591009894
1695935,PRODUCE,A,331.1784761255926,390.9610301955988,118.05146118473439,559029.2677000003,1171,7,1706.736336055028,4024.9856689341764,5077.0,15.330102545899306
119026,CLEANING,A,330.93957345971563,199.87272854379424,60.395535793522804,558626.0,1926,7,872.542330424821,3189.1193446428306,1381.0,4.172967244632366
517615,GROCERY I,A,329.042654028436,183.60720029563964,55.800425278533105,555424.0,1848,7,801.5353349900944,3104.833913189146,3212.0,9.761652359278678
1464241,BEVERAGES,A,328.07523696682466,221.71504521166253,67.58054867581566,553791.0,1131,7,967.8947380599767,3264.421396827749,1183.0,3.605880196680697
1489836,PRODUCE,A,327.24229857819904,200.92734937400184,61.400176641892,552385.0,1197,7,877.1462667577473,3167.8423568051403,2930.0,8.953610253717969
870545,PERSONAL CARE,A,326.31161137440756,287.5903204393305,88.13364600420286,550814.0,1917,7,1255.4725711305434,3539.653850751396,3422.0,10.486908466378852
1047743,BEVERAGES,A,324.5627962085308,166.27702751535372,51.23108053595925,547862.0,1919,7,725.8806448553056,2997.820218315021,1337.0,4.119387729026653
1239913,DAIRY,A,323.43838862559244,149.70374285197204,46.28508801571693,545964.0,1589,7,653.5301419711043,2917.5988623502517,4082.0,12.62064165402847
1342003,GROCERY I,A,322.7399289099526,175.7574506634003,54.4579194948135,544785.0,1365,7,767.2673341114014,3026.4468364810696,3263.0,10.11030773607937
165550,BEVERAGES,A,322.69609004739334,168.77921716453622,52.30283922552273,544711.0,1926,7,736.8039279043195,2995.676558236073,2826.0,8.757465885579693
269036,BEVERAGES,A,322.59656398104266,251.87515956964094,78.07744647411754,544543.0,1880,7,1099.5584055323677,3357.7343533996664,3624.0,11.233845628352581
764438,GROCERY I,A,322.47274881516586,156.6034051386779,48.56329898078906,544334.0,1919,7,683.65054636368,2940.959788069841,1033.0,3.2033714594348326
268443,CLEANING,A,322.0154028436019,121.98902730004623,37.88297895777814,543562.0,1922,7,532.5418377090759,2786.6496576142895,2523.0,7.835028938741118
265257,GROCERY I,A,321.0936018957346,146.5347601387188,45.636150727880754,542006.0,1913,7,639.6959806933585,2887.351193963501,2935.0,9.140636819518603
360314,BREAD/BAKERY,A,321.08530805687207,115.49344622209357,35.969707527582315,541992.0,1924,7,504.18544565642856,2751.7826020545326,3921.0,12.211707921888145
1464210,BEVERAGES,A,320.72748815165875,312.26340360882483,97.36097314526667,541388.0,1220,7,1363.1826606676404,3608.2750777292517,3750.0,11.692169017414498
789224,CLEANING,A,320.061018957346,119.44358253120764,37.31900339513876,540263.0,1925,7,521.4297248823204,2761.8568575837426,2695.0,8.420269387316917
1502383,PRODUCE,A,319.5379146919431,214.71621137343837,67.19584797329601,539380.0,1198,7,937.3414012843589,3174.1068041279605,3135.0,9.811042307834922
119624,BEVERAGES,A,318.04383886255926,200.46142341257197,63.02949433936376,536858.0,1882,7,875.1122717892824,3101.4191438271973,3370.0,10.596023529499421
1239890,POULTRY,A,317.612816350711,132.0582626009525,41.57837965050269,536130.4340000001,1589,7,576.4989803320805,2799.7886947870575,3095.0,9.744568986732803
1418845,GROCERY I,A,317.4063981042654,304.3303272994538,95.88033798848748,535782.0,1059,7,1328.5508980412558,3550.3956847711133,3869.0,12.189420323937721
1463819,BEVERAGES,A,316.667654028436,310.77619759935624,98.13954587589463,534535.0,1197,7,1356.6902782061725,3573.3638564052244,3209.0,10.133652613954185
1695931,PRODUCE,A,316.62188744075826,399.3464344950624,126.12723577733784,534457.7459999999,1197,7,1743.3427318465638,3959.6959439318716,4519.0,14.272544568939601
1239867,POULTRY,A,316.30221682464463,155.9339650752692,49.29904274484353,533918.1420000001,1591,7,680.7281126866994,2894.8436304592115,3937.0,12.446956709704759
111397,GROCERY I,A,315.98933649289097,136.524119248926,43.20529317988473,533390.0,1927,7,595.9946313663944,2807.919986816631,2291.0,7.250244661504715
985823,GROCERY I,A,315.98222748815164,287.9167700207698,91.11802657684784,533378.0,1457,7,1256.8976834038908,3468.773275820952,3498.0,11.070242867159877
1146497,FROZEN FOODS,A,315.7914691943128,227.8251098241896,72.14416222371234,533056.0,1769,7,994.5681619677936,3205.108446327983,3143.0,9.952770440629127
664543,PERSONAL CARE,A,315.49407582938386,172.63710099212577,54.71960148167291,532554.0,1929,7,753.6454798757063,2962.1040106813934,2373.0,7.521535844252415
116018,GROCERY I,A,314.6481042654028,175.60250051527794,55.80917162213659,531126.0,1925,7,766.5909008414532,2969.127630699273,3468.0,11.021836626337254
1489850,PRODUCE,A,313.9030179502374,191.18955620007316,60.90720549567388,529868.2943000008,1198,7,834.6360313140312,3031.9571569656932,2894.0,9.219408016200665
890215,GROCERY I,A,313.54028436018956,180.3000486901195,57.50458798557252,529256.0,1881,7,787.0979988413737,2981.8799893627006,2530.0,8.069138564324259
1695900,PRODUCE,A,312.02179028436035,254.88368516447127,81.68778370644678,526692.7820000002,1198,7,1112.6920929182425,3296.8446249087647,2129.0,6.823241409068709
365140,GROCERY I,A,311.62263033175356,203.44445219592697,65.28551921256167,526019.0,1919,7,888.1346531082155,3069.4930654304903,3103.0,9.957556666204072
220432,GROCERY I,A,311.50710900473933,173.73027786020134,55.77088703216663,525824.0,1890,7,758.4177321934014,2938.967495226577,4058.0,13.026990019474196
1464070,BEVERAGES,A,310.8915876777251,171.65915351700153,55.21511688342818,524785.0,1222,7,749.3762602818435,2925.617374025919,2639.0,8.48848957191993
1047756,BEVERAGES,A,310.7345971563981,140.77719501441638,45.30464142155397,524520.0,1922,7,614.5613896576897,2789.703569752476,2343.0,7.540196751315489
158956,CLEANING,A,310.69490521327015,122.73766114617997,39.5042400395749,524453.0,1927,7,535.8099910259368,2710.6743275188282,3302.0,10.62778933479263
964753,GROCERY I,A,310.2582938388626,145.6998209755693,46.960814221211685,523716.0,1919,7,636.0510624071812,2807.859119279219,3553.0,11.451748657669423
1463626,BEVERAGES,A,309.9472748815166,403.89017008297816,130.3093147818038,523191.0,952,7,1763.1783625881808,3932.809286758797,4259.0,13.74104676877087
105574,GROCERY I,A,309.3382701421801,320.7985101926194,103.70475985566607,522163.0,1925,7,1400.4425802339888,3565.8104712292493,3809.0,12.313381070661844
205387,GROCERY I,A,308.3436018957346,134.50919293864916,43.623150314023064,520484.0,1927,7,587.1984913866571,2745.6037046567994,2287.0,7.4170502839664625
265237,GROCERY I,A,307.9372037914692,135.41551067415284,43.9750406923401,519798.0,1927,7,591.1550120926245,2746.715438632909,2877.0,9.34281393926102
639586,GROCERY I,A,307.52547393364927,206.96841852047862,67.30122739852553,519103.0,1587,7,903.51849167171,3056.196809207255,2023.0,6.578316827296318
414421,GROCERY I,A,306.6232227488152,121.17285673101473,39.51848644884904,517580.0,1921,7,528.9788535265146,2675.341412768221,2616.0,8.531643417442714
213652,GROCERY I,A,305.47156398104266,104.4459144904855,34.19169795358344,515636.0,1927,7,455.9575600775945,2594.2585079448927,2519.0,8.246266746309411
1457328,HOME CARE,A,305.4223933649289,251.51580711118478,82.35015263293587,515553.0,1212,7,1097.9896560895118,3235.946409644014,3262.0,10.68029087213148
1696051,PRODUCE,A,305.31457345971563,218.2413925822152,71.48083044617941,515371.0,1175,7,952.7305434123806,3089.93255763039,3502.0,11.470137046904075
1112840,CLEANING,A,305.07523696682466,134.76111170274763,44.1730744988005,514967.0,1832,7,588.2982401473093,2723.8248989150816,3965.0,12.996793969322306
564288,BREAD/BAKERY,A,304.0035545023697,161.54121005410684,53.137934626632024,513158.0,1924,7,705.2064826811625,2833.2313641977503,2693.0,8.858449054677116
513855,CLEANING,A,303.6658767772512,128.00348170509315,42.152738089498236,512588.0,1924,7,558.7978762444362,2684.459013685195,1228.0,4.043918312562916
1239906,DAIRY,A,303.5787914691943,153.34965894130903,50.51395659069623,512441.0,1590,7,669.4463509722058,2794.497891256566,2336.0,7.6948721901643315
838407,DAIRY,A,303.20023696682466,114.81963631047122,37.86924359265408,511802.0,1925,7,501.2439354522414,2623.6455942200137,3195.0,10.53759070890696
464263,GROCERY I,A,302.86433649289097,172.15023886019088,56.84070988801672,511235.0,1769,7,751.5200882713135,2871.57044372155,3847.0,12.702056784062124
1464239,BEVERAGES,A,302.6380331753555,186.56883917927894,61.64751905824627,510853.0,1203,7,814.4643389229203,2932.930571150409,1012.0,3.3439286839854123
781794,FROZEN FOODS,A,302.0379146919431,110.98693988507284,36.746029053429105,509840.0,1923,7,484.5123388247643,2598.777741668366,2980.0,9.866310999529265
1660271,PRODUCE,A,301.9620853080569,234.15629188484496,77.54493139294705,509712.0,1196,7,1022.20687180978,3135.941468966178,3463.0,11.468327212229651
660312,BREAD/BAKERY,A,301.56457345971563,118.61047406593,39.33170024090198,509041.0,1819,7,517.7927984887795,2628.744812706789,2797.0,9.274962134680704
911429,GROCERY I,A,301.28495260663504,127.72918851134504,42.39481175752955,508569.0,1926,7,557.6004521424271,2666.595120388872,3430.0,11.384571218458067
1239796,DAIRY,A,301.26066350710903,174.22530499707824,57.83207902712694,508528.0,1497,7,760.578768042469,2869.4034125922326,2921.0,9.695922348425258
407499,EGGS,A,301.14869668246445,107.75726578317847,35.782079408033866,508339.0,1923,7,470.41322991725696,2578.454106694508,2228.0,7.398338510324803
2026983,GROCERY I,A,300.62736966824644,294.19277220483633,97.85961023092776,507459.0,813,7,1284.295506065009,3388.687093742734,3035.0,10.095554517704878
268834,GROCERY I,A,300.5989336492891,122.05835109796931,40.60505126088559,507411.0,1928,7,532.8444700323267,2637.0370055773506,2933.0,9.757186974661566
371130,CLEANING,A,300.1285545023697,109.31337475850663,36.42218413364714,506617.0,1926,7,477.2064075639528,2578.1062890805406,2600.0,8.662954460667525
1239956,DAIRY,A,299.69964454976304,180.7453563753099,60.308832413479365,505893.0,1588,7,789.0419849380411,2886.9394967863823,3789.0,12.642657637089266
115267,CLEANING,A,299.44135071090045,128.6314769132309,42.95715224629074,505457.0,1928,7,561.5393828341362,2657.6288378104396,3352.0,11.194178733304714
410866,PREPARED FOODS,A,299.3998815165877,127.18520163247209,42.48004407624511,505387.0,1758,7,555.2256830457601,2651.0248536618737,3697.0,12.348034278681485
314570,CLEANING,A,298.3868483412322,133.5661000327215,44.76273025276792,503677.0,1931,7,583.0814290543393,2671.789367442965,2666.0,8.934710141618538
1489899,PRODUCE,A,298.17890995260666,179.26333289766595,60.119387023769896,503326.0,1198,7,782.5722267656829,2869.8245964339294,3150.0,10.56412742437307
464339,GROCERY I,A,297.5444312796209,154.85742529529756,52.04514318393292,502255.0,1927,7,676.0284894051487,2758.839508362495,2283.0,7.672803655513633
507870,GROCERY I,A,297.4484597156398,133.66361392880313,44.93673090678813,502093.0,1928,7,583.5071249597075,2665.646342969186,3859.0,12.97367619146254
1689854,PRODUCE,A,297.15402843601896,211.1925953376412,71.07175913084201,501596.0,1174,7,921.9590919028012,3002.037290954934,3043.0,10.240480386605954
2011073,GROCERY I,A,295.92002369668245,563.1490867950301,190.30448827358066,499513.0,811,7,2458.4215172760833,4529.86168315286,3732.0,12.61151561621019
115720,GROCERY I,A,295.3981042654028,180.55852504216793,61.12379275120319,498632.0,1928,7,788.2263746844374,2856.013104542257,2879.0,9.746169519806191
906979,BEVERAGES,A,295.2399289099526,354.8052600182438,120.1752287802706,498365.0,1912,7,1548.8986950787043,3615.5781974483725,5350.0,18.12085519649253
262991,GROCERY I,A,294.9342417061611,95.33323468750228,32.323555968276295,497849.0,1922,7,416.1762505931043,2480.715942536232,2808.0,9.520766336780833
1642664,PRODUCE,A,294.25747428909943,189.87305492116653,64.52616212379426,496706.61659999983,1198,7,828.8888585893003,2888.6911786129967,4019.0,13.658106764185195
741201,SEAFOOD,A,294.2565165876777,134.91776196261875,45.85039051205453,496705.0,1900,7,588.9820952375233,2648.7777113512675,3656.0,12.424533676930976
1047774,BEVERAGES,A,294.08590047393363,153.09156769188473,52.05675193716199,496417.0,1919,7,668.3196562906669,2726.9209596082023,1794.0,6.100258452067516
789905,DAIRY,A,294.0118483412322,133.54571310199273,45.42188141581241,496292.0,1898,7,582.9924301189774,2641.0753685076033,2441.0,8.30238649827118
877513,CLEANING,A,293.5130331753555,135.8293420440155,46.27710755279002,495450.0,1925,7,592.9615886600914,2647.55282088758,1900.0,6.4733070945605
841514,GROCERY I,A,293.11611374407585,161.78754995019796,55.19572018188571,494780.0,1909,7,706.281876951196,2758.094673159727,3606.0,12.302291927725452
804932,BEVERAGES,A,292.8815165876777,131.1550231971087,44.78091506940344,494384.0,1906,7,572.5558980511543,2622.726514164898,1283.0,4.380611023010454
1463765,BEVERAGES,A,290.4792654028436,174.84750013651757,60.19276449698909,490329.0,1213,7,763.29495449222,2796.6498123121255,3785.0,13.030189933697578
1037846,GROCERY I,A,290.11255924170615,102.0427812018373,35.1735138487475,489710.0,1921,7,445.466706546573,2476.254621238516,3066.0,10.568311858038431
871513,BREAD/BAKERY,A,289.8015402843602,109.98234149086936,37.950916818092836,489185.0,1846,7,480.12677491914485,2508.737556909666,3089.0,10.659018571706
1457231,HOME CARE,A,289.2873222748815,192.70330099226052,66.61311649500955,488317.0,1230,7,841.2442685571336,2866.255524481304,2594.0,8.966863738104552
1146785,GROCERY I,A,288.1611374407583,247.1092758597191,85.75385218644243,486416.0,1780,7,1078.752989460421,3095.880951545729,2523.0,8.755517910595046
1239790,DAIRY,A,287.2731042654028,167.38146777098348,58.26562434342787,484917.0,1500,7,730.7020673749419,2741.6137972327615,3208.0,11.167073952862037
864508,GROCERY I,A,287.1706161137441,158.11141257212591,55.05835336213518,484744.0,1648,7,690.2337372265113,2700.4280500227196,3670.0,12.77985905962735
213788,GROCERY I,A,285.1350710900474,154.2815444338019,54.10823152830571,481308.0,1924,7,673.5144874570221,2669.4599850873537,2791.0,9.788343430817688
1457183,HOME CARE,A,284.7399289099526,219.37251262467086,77.04311561236857,480641.0,1229,7,957.668436265623,2950.847938635291,3191.0,11.206717695743809
940591,CLEANING,A,284.6469194312796,128.8925363050798,45.281549704667526,480484.0,1928,7,562.6790349107486,2555.207470929706,3167.0,11.126064551577159
913968,GROCERY I,A,284.5704976303318,171.28602291323014,60.191068413471804,480355.0,1922,7,747.7473624880349,2739.7408459003573,4079.0,14.333882232931893
1239908,DAIRY,A,284.1415876777251,141.25846290438358,49.7141105104965,479631.0,1591,7,616.6623596565987,2605.6534734006746,2847.0,10.019652607942357
1109390,GROCERY I,A,284.00118483412325,129.79675732124306,45.702892893581954,479394.0,1921,7,566.6264024101087,2554.6346962489715,3363.0,11.841499893615689
1463998,BEVERAGES,A,283.81338862559244,253.9100801656567,89.46374284710568,479077.0,1208,7,1108.4418303598225,3095.13555073897,2854.0,10.055903330779811
830625,CLEANING,A,283.77251184834125,118.27120660388539,41.67817588586381,479008.0,1916,7,516.3117298901444,2502.719312828533,2505.0,8.827493486538847
564274,GROCERY I,A,283.4620853080569,135.07600727408862,47.652230853834524,478484.0,1924,7,589.6729135090037,2573.907510665402,2437.0,8.597269710167946
114800,PERSONAL CARE,A,283.2659952606635,211.13558970104603,74.53615796938756,478153.0,1924,7,921.7102343854976,2904.5722012101423,903.0,3.187816452056141
874593,GROCERY I,A,283.25236966824644,167.37947637920095,59.091995090893946,478130.0,1654,7,730.6933739746997,2713.4599616524247,2983.0,10.531244640578922
1105228,GROCERY I,A,283.0776066350711,195.54921499502083,69.07971892213737,477835.0,1783,7,853.668076718701,2835.211323164199,3617.0,12.777414797995123
464336,GROCERY I,A,282.89395734597156,116.73691322676787,41.26525512314207,477525.0,1929,7,509.61378801193484,2489.871489433736,2714.0,9.593700853358463
648313,CLEANING,A,282.7494075829384,118.19729779204553,41.80284542501647,477281.0,1929,7,515.9890817360339,2495.2349348166026,2152.0,7.610979695399566
1114567,BEVERAGES,A,282.54857819905214,222.0874535138752,78.60151161596616,476942.0,1719,7,969.5204826537972,2947.3605300471622,4172.0,14.76560252609332
769312,CLEANING,A,282.31338862559244,119.81064441731792,42.438881485784684,476545.0,1929,7,523.0321297519104,2499.2258501310575,2817.0,9.978272775918327
258268,EGGS,A,280.6581753554502,102.05546577130544,36.36290503280491,473751.0,1925,7,445.52208090346903,2410.1293083916207,2210.0,7.874347494781014
208514,GROCERY I,A,280.0313981042654,114.56162610160496,40.91027894627362,472693.0,1929,7,500.11759455242105,2460.337381282279,2367.0,8.45262358444064
2026945,GROCERY I,A,279.8880331753555,291.00703424008486,103.97266040229849,472451.0,812,7,1270.3881999100424,3229.6044321375307,4052.0,14.477217743215697
1346636,CLEANING,A,279.83175355450237,161.84766521893195,57.83749097916765,472356.0,1330,7,706.5443095354581,2665.3665844169745,3089.0,11.03877583856244
1473427,PRODUCE,A,278.16888927725114,234.82563966465105,84.41836909755935,469549.0850999999,1196,7,1025.1289026236473,2972.311127564405,2780.0,9.99392853465066
1457181,HOME CARE,A,276.71800947867297,196.68618537173592,71.07820186415977,467100.0,1230,7,858.6315091456796,2795.6575754963906,2620.0,9.468122457717834
1473476,PRODUCE,A,276.6040077606639,212.2648881699663,76.73962857169877,466907.5651000006,1198,7,926.6401751783005,2862.8682295029475,2992.0,10.816907622643258
1696013,PRODUCE,A,276.1048373222746,203.64428333608893,73.7561446989035,466064.96539999946,1137,7,889.0070138849893,2821.7408751409116,2487.0,9.007448127745507
414426,GROCERY I,A,275.58590047393363,109.99377556000123,39.912700675485034,465189.0,1927,7,480.17669022974894,2409.2779935472845,3492.0,12.67118526018457
1089046,CLEANING,A,275.24229857819904,109.75358093097275,39.87525954328952,464609.0,1877,7,479.1281230595554,2405.8242131069487,2218.0,8.058354444274649
1167545,BEVERAGES,A,275.08530805687207,183.70703632130864,66.78184219250576,464344.0,1676,7,801.971168128173,2727.5683245262776,3630.0,13.19590648312458
1913464,PRODUCE,A,275.02902843601896,231.70615216633917,84.2478895714973,464249.0,919,7,1011.5108121951085,2936.714011247241,2666.0,9.69352222621912
1239852,POULTRY,A,274.86966409952595,125.38028543875505,45.61444997922973,463979.99299999984,1588,7,547.346340059044,2471.4339887557257,2365.0,8.604077891780998
215327,GROCERY I,A,274.60663507109007,164.24328809693094,59.81038588321498,463536.0,1864,7,717.0023764464236,2639.248821944054,2659.0,9.682941562251907
1501524,PRODUCE,A,273.45142180094786,165.97693025241577,60.6970441621015,461586.0,1197,7,724.5705733559785,2638.7305259626137,3182.0,11.636436113746951
106716,GROCERY I,A,273.35130331753555,96.9992172879473,35.48518558745236,461417.0,1928,7,423.4490804145123,2336.908203637261,1931.0,7.064169720664822
1686641,PRODUCE,A,273.3441943127962,189.34702883051486,69.27055074520412,461405.0,1173,7,826.5924971279572,2740.0018573175307,2537.0,9.281338520388813
1239858,POULTRY,A,272.59681457345954,152.2197082401243,55.84060418252028,460143.4229999997,1589,7,664.5135628661943,2572.691264880411,3779.0,13.862964634833006
1978835,BREAD/BAKERY,A,272.2091232227488,360.7556540233048,132.5288622777343,459489.0,577,7,1574.8750786001021,3480.338941159344,4756.0,17.471861132693057
859966,DAIRY,A,272.10130331753555,133.20639466533376,48.954706589510586,459307.0,1910,7,581.5111389911903,2486.2202622139393,2948.0,10.834200219025618
1239820,DAIRY,A,270.96090047393363,201.243813707442,74.27042549513581,457382.0,1299,7,878.5277885341699,2775.254091851705,1513.0,5.583831458168446
459804,GROCERY I,A,270.8702606635071,122.54779399234253,45.242247595641174,457229.0,1929,7,534.9811279284675,2431.0729525730176,2387.0,8.812336925260647
1695873,PRODUCE,A,270.3222748815166,204.75197006320326,75.74365455194061,456304.0,1196,7,893.8426088423333,2786.0985330129497,3196.0,11.82292506749886
1089045,CLEANING,A,269.896327014218,111.07027544475596,41.15294071375222,455585.0,1869,7,484.8761393491427,2374.1504284486687,1026.0,3.8014596617535696
1222571,PERSONAL CARE,A,269.41350710900474,202.2814481970434,75.08214802133149,454770.0,1400,7,883.0575711727632,2768.9521209357963,2363.0,8.770903973437122
1342009,GROCERY I,A,269.29206161137444,175.6700985918608,65.23404274923521,454565.0,1355,7,766.8859995460317,2651.930430825653,3041.0,11.292572019403165
457688,CLEANING,A,269.20616113744074,139.14803294314936,51.68827947890413,454420.0,1926,7,607.4492994758039,2491.892427437889,3027.0,11.24417059108314
315322,GROCERY I,A,269.15343601895734,129.1322084611081,47.97717256413286,454331.0,1931,7,563.7253212304605,2447.799373363162,2554.0,9.489011315538672
1457217,HOME CARE,A,268.26895734597156,190.05292853383617,70.84417459778452,452838.0,1230,7,829.6740949861022,2707.556796407903,3238.0,12.06997645957274
856687,GROCERY I,A,267.9271327014218,2171.10825827999,810.3353461776768,452261.0,449,7,9477.950659332282,11353.440588242234,12213.0,45.58328929534053
949297,CLEANING,A,266.4757109004739,128.11328164594386,48.076907727546285,449811.0,1925,7,559.2772067512461,2424.6071830545634,3057.0,11.471964891921274
1693647,PRODUCE,A,266.16528436018956,170.1191623172516,63.91485753906095,449287.0,1195,7,742.6534446178292,2605.810435139156,3667.0,13.77715357889278
1109391,GROCERY I,A,266.14218009478674,118.18365385298918,44.406209421933035,449248.0,1915,7,515.9295192611173,2378.9247799246245,3297.0,12.388115250373957
1165989,GROCERY I,A,265.6795023696682,142.59272230401928,53.670953548239794,448467.0,1691,7,622.4870552738114,2482.243571861489,3168.0,11.924141575634328
584078,MEATS,A,265.19132547393406,132.4242809710922,49.935374294174764,447642.9574000007,1922,7,578.0968297434873,2434.4361080610256,3230.0,12.179885575923485
1149225,CLEANING,A,265.08175355450237,208.04582075171612,78.48364437084527,447458.0,1657,7,908.2218799753468,2763.7941548568633,2974.0,11.21918034765274
1044592,DAIRY,A,265.0776066350711,106.3507443159674,40.12060681624423,447451.0,1920,7,464.27307499099857,2319.8163214364963,1903.0,7.179029659113511
1696003,PRODUCE,A,265.068725177725,164.44383775894147,62.03818939736632,447436.0080999998,1198,7,717.8778739229001,2573.3589501669753,2291.0,8.64304152994253
757889,CLEANING,A,264.40343601895734,144.10372045198227,54.50145528428392,446313.0,1890,7,629.0833020699437,2479.907354202645,3275.0,12.386374584652476
764439,GROCERY I,A,264.3080568720379,124.88800326760466,47.25092558493891,446152.0,1919,7,545.1972873294814,2395.3536854337467,2548.0,9.640266097652818
468265,BEVERAGES,A,264.2553317535545,204.18254778911628,77.26714402854043,446063.0,1890,7,891.3568017907787,2741.1441240656604,3167.0,11.98462100644976
470624,CLEANING,A,264.1623222748815,103.64424387137429,39.2350593297421,445906.0,1923,7,452.457875276528,2301.5941312006985,1087.0,4.114894170520245
1463510,BEVERAGES,A,264.1196682464455,288.71044705320423,109.31046861069564,445834.0,1176,7,1260.3624722849477,3109.200150010066,4623.0,17.503429527582014
1239783,DAIRY,A,263.0580568720379,162.70504890902183,61.85138400386199,444042.0,1578,7,710.2872091719902,2551.6936072762555,2505.0,9.522612725823233
2010511,GROCERY I,A,263.04502369668245,247.65662374276872,94.14989885090618,444020.0,812,7,1081.1424309860797,2922.457596862857,3443.0,13.089014008378001
1033395,BREAD/BAKERY,A,262.3341232227488,107.61591451010658,41.02246142745583,442820.0,1900,7,469.7961623957735,2306.135024955015,2018.0,7.692480014452825
1239914,DAIRY,A,261.9751184834123,143.14452059328175,54.64050228203079,442214.0,1589,7,624.8959250017894,2458.7217543856755,2899.0,11.065936401832598
823245,BREAD/BAKERY,A,261.81042654028437,97.63149277283193,37.29091085599279,441936.0,1922,7,426.2092725081068,2258.8822582900975,2348.0,8.968321204880345
1168717,GROCERY I,A,261.49229857819904,166.95545223633098,63.84717758194439,441399.0,1675,7,728.8423009620296,2559.288391009423,3717.0,14.214567772015796
471980,GROCERY I,A,261.31516587677726,122.31605806949034,46.80786806195867,441100.0,1873,7,533.969487152651,2363.175648290092,2038.0,7.799011562004081
1239806,DAIRY,A,261.1593601895735,120.91595733893932,46.299683553814575,440837.0,1493,7,527.8573618859125,2355.9728832129267,1997.0,7.646672125978536
890213,GROCERY I,A,260.7381516587678,142.6851058454448,54.72352432419599,440126.0,1892,7,622.8903546689596,2448.057416280334,3172.0,12.165461708692511
329362,GROCERY I,A,260.3530805687204,106.70959398019208,40.98649178534533,439476.0,1925,7,465.8396294908345,2288.3111934718772,1486.0,5.707633636421557
1585782,PRODUCE,A,259.82109004739334,158.82942626129767,61.13030556231058,438578.0,1192,7,693.3682185646672,2512.1158488964206,3102.0,11.9389846275919
949053,GROCERY I,A,259.5888625592417,123.69134337385306,47.64894077288274,438186.0,1925,7,539.9732809328751,2357.095318847567,1940.0,7.473356063406864
812769,"LIQUOR,WINE,BEER",A,259.46149289099526,360.092951762854,138.78473747706983,437971.0,1677,7,1571.9820587322874,3388.2125089692545,5009.0,19.305369533599258
463901,CLEANING,A,259.3382701421801,111.55717445259712,43.0160864385487,437763.0,1927,7,487.0016919349231,2302.3695829301837,2052.0,7.9124457754538415
1501581,PRODUCE,A,259.13270142180096,173.08406248734954,66.79360093792775,437416.0,1197,7,755.5966856629796,2569.525595615586,2100.0,8.103955959544232
364413,CLEANING,A,258.65343601895734,187.96484886345337,72.67054006956126,436607.0,1918,7,820.5586047689899,2631.132656901691,1300.0,5.026030274365734
357962,EGGS,A,258.56457345971563,102.21675550244093,39.53238996925707,436457.0,1893,7,446.22618955753046,2256.17820377554,3022.0,11.687602673344683
759694,GROCERY I,A,258.4312796208531,89.00698381950522,34.44125802034807,436232.0,1924,7,388.5590678216952,2197.578025167667,2444.0,9.457059546296465
573832,GROCERY I,A,258.36078199052133,98.62519955430582,38.173440564181355,436113.0,1923,7,430.54728919093895,2239.072763124588,2462.0,9.529310064134753
414623,GROCERY I,A,258.32109004739334,96.73556004023763,37.447798018539594,436046.0,1920,7,422.2980874249931,2230.545717756747,2489.0,9.635295358746555
371438,CLEANING,A,258.2719194312796,118.56868745195898,45.90847031030311,435963.0,1904,7,517.6103794574265,2325.5138154763836,2463.0,9.536460662946167
1464045,BEVERAGES,A,258.16469194312793,148.90441020040296,57.67806940586813,435782.0,1220,7,650.0406635431759,2457.1935071450716,2345.0,9.083349013956521
1920080,GROCERY I,A,258.06161137440756,400.3549797467239,155.1393008880622,435608.0,912,7,1747.7455257176184,3554.1768053384712,2517.0,9.753484784485135
567750,GROCERY I,A,257.8714454976303,101.54581574164747,39.37846454681645,435287.0,1926,7,443.29720896711876,2248.397327450531,2229.0,8.643841879036131
417763,CLEANING,A,257.8631516587678,105.60986101337569,40.95577841735604,435273.0,1891,7,461.0387565918551,2266.0808182032297,2052.0,7.957709299680889
1695837,PRODUCE,A,257.3227112559245,247.5913828371054,96.21823959054254,434360.7366000005,1179,7,1080.857622486785,2882.1166012782564,4209.0,16.35689278826955
740729,GROCERY I,A,256.97097156398104,149.5070960577074,58.18053889424739,433767.0,1912,7,652.6716824234294,2451.4684833712968,3057.0,11.896285332909143
1464025,BEVERAGES,A,256.6303317535545,189.1841138265379,73.71853223032649,433192.0,1205,7,825.8812933621064,2622.293615636988,2601.0,10.135201019409408
812757,"LIQUOR,WINE,BEER",A,256.44490521327015,205.1881130264136,80.01255195761082,432879.0,1722,7,895.7465864399303,2690.8609229328213,2924.0,11.402059235952771
1018878,DAIRY,A,256.31042654028437,123.36135961298916,48.12966888555368,432652.0,1743,7,538.5327402357813,2332.7057260177717,2242.0,8.747205606353374
305227,GROCERY I,A,255.9851895734597,548.6599016683763,214.33267392640624,432103.0,1916,7,2395.1691293766653,4187.065456390883,3794.0,14.821169952534465
1954663,PRODUCE,A,255.75702310426524,261.6619631272182,102.30880855246178,431717.85499999975,848,7,1142.282595299294,2932.5817570291506,3103.0,12.13260915511591
179615,DAIRY,A,255.54739336492892,87.15262324025788,34.10428965550099,431364.0,1921,7,380.4638758810405,2169.295629435543,2454.0,9.602915403232537
372924,GROCERY I,A,255.46149289099526,107.03120715662224,41.89719786938385,431219.0,1919,7,467.2436284881075,2255.4740787250744,2097.0,8.208673551026276
1695961,PRODUCE,A,255.44382328199026,183.49053661181367,71.8320506850754,431189.1736999996,1193,7,801.0260408842746,2589.1328038582064,3479.0,13.6194328572958
651525,GROCERY I,A,255.41943127962085,168.08465485063243,65.80730918103936,431148.0,1883,7,733.7718233024849,2521.707842259831,3509.0,13.738187350979246
1457341,HOME CARE,A,254.95616113744074,193.00478496738302,75.7011652930163,430366.0,1205,7,842.5603937341684,2627.2535216962538,3253.0,12.759056245149479
1463806,BEVERAGES,A,254.88447867298578,379.2503227785389,148.79302370746288,430245.0,1207,7,1655.6133638764309,3439.8047145873315,1099.0,4.311757254587502
1463801,BEVERAGES,A,254.76303317535545,299.211246964998,117.44688514485087,430040.0,1222,7,1306.203605755809,3089.544837983297,3805.0,14.935447865314854
844017,DELI,A,254.53969194312796,110.78874356157277,43.525134612925676,429663.0,1825,7,483.6471148232293,2265.424958425125,2576.0,10.120229109790696
1239868,POULTRY,A,254.19930687203757,139.7612243919532,54.980962030045255,429088.4299999994,1590,7,610.1261804071543,2389.5213285114173,896.0,3.5247932459982714
563966,BEVERAGES,A,253.97037914691944,118.69638783754891,46.73631162667367,428702.0,1922,7,518.1678541707132,2295.9605081991494,2528.0,9.953916706710022
402174,GROCERY I,A,253.9632701421801,159.68942762386533,62.87894605171211,428690.0,1923,7,697.122545623343,2474.865436618604,2471.0,9.729753434883015
781797,FROZEN FOODS,A,253.36729857819904,95.99481513804385,37.88761046777949,427684.0,1922,7,419.06437321135616,2192.6354632587495,1423.0,5.616352260079872
949299,CLEANING,A,253.33056872037915,121.60495512499435,48.00247981885648,427622.0,1920,7,530.8651745989424,2304.1791556415965,2441.0,9.635631468914134
165551,BEVERAGES,A,253.2541469194313,124.98302598304959,49.35083097486688,427493.0,1917,7,545.6121080115308,2318.39113644755,2593.0,10.23872671599301
1489879,PRODUCE,A,252.98578199052133,170.0556508934445,67.21944986608615,427040.0,1191,7,742.3761861537006,2513.2766600873497,863.0,3.411258898463844
265086,BEVERAGES,A,252.88151658767774,151.33828594996464,59.84553082095007,426864.0,1701,7,660.6657229695383,2430.8363390832824,2761.0,10.91815660257131
2042436,BEVERAGES,A,252.63921800947867,718.3624935897035,284.34322242192485,426455.0,275,7,3136.004040237068,4904.478566303418,4925.0,19.494202201873588
660319,BREAD/BAKERY,A,252.603672985782,76.9554313113099,30.464890079267132,426395.0,1818,7,335.9481399209747,2104.173850821449,2950.0,11.678373339274616
275823,CLEANING,A,252.37322274881515,105.35503751812291,41.7457273678285,426006.0,1922,7,459.9263272573741,2226.53888649908,1843.0,7.302676488124581
584032,MEATS,A,251.46110888625597,99.4887577392609,39.5642722566148,424466.35180000006,1798,7,434.317143520981,2194.544905724773,1917.0,7.623445265514682
268676,GROCERY I,A,251.30627962085308,133.06097598365957,52.94773221919057,424205.0,1923,7,580.8763152394972,2340.020272585469,2568.0,10.218606569936705
1456881,HOME CARE,A,251.08530805687204,170.88477853925784,68.05845386244248,423832.0,1220,7,745.995734321019,2503.5928907191233,1500.0,5.974065195643557
1057495,CLEANING,A,251.03436018957345,98.30477741727508,39.15988924505726,423746.0,1917,7,429.1484896638527,2186.389010990867,2824.0,11.249456042062935
1089044,CLEANING,A,250.125,133.14665422521696,53.23204566725316,422211.0,1872,7,581.250342717382,2332.125342717382,1882.0,7.52423788105947
326951,GROCERY I,A,249.92298578199052,100.01381214966356,40.01785263437365,421870.0,1910,7,436.6092631222411,2186.0701635961746,2541.0,10.167132054898428
1150954,BEVERAGES,A,249.65995260663507,139.2309298352745,55.76822729540735,421426.0,1751,7,607.8111850014923,2355.430853247938,1202.0,4.814548698941214
819209,MEATS,A,249.4823717417066,126.21571427171905,50.59103510623682,421126.24350000074,1922,7,550.9933959937348,2297.3699981856807,798.0,3.198622790175264
1167544,BEVERAGES,A,249.47097156398104,168.10577367459754,67.38490359047003,421107.0,1676,7,733.8640173102046,2480.160818258072,2215.0,8.878788526431524
916886,CLEANING,A,249.45616113744074,110.73273813463668,44.389658539492714,421082.0,1869,7,483.4026237108535,2229.5957516729386,2860.0,11.464940320412651
1463771,BEVERAGES,A,249.28969194312796,195.02484984614242,78.23221583130467,420801.0,1218,7,851.3789660815002,2596.4068096833957,2441.0,9.791820836927668
119141,GROCERY I,A,249.17061611374407,166.1264850112343,66.67178000450869,420600.0,1619,7,725.2234531096917,2469.4177659059005,2274.0,9.126276747503566
125430,GROCERY I,A,248.82523696682463,94.25281212018156,37.87912081150679,420017.0,1914,7,411.4596770435166,2153.236335811289,2787.0,11.200632355357046
1160873,GROCERY I,A,248.0675355450237,131.81102286282945,53.135136193146096,418738.0,1721,7,575.4196578109579,2311.892406626124,1992.0,8.030071309506182
1464093,BEVERAGES,A,247.89691943127963,245.36274535797625,98.97773071197608,418450.0,1201,7,1071.1285286085003,2806.4069646274575,1753.0,7.0714876329310545
1149069,PRODUCE,A,247.8133886255924,212.20889343348955,85.63253769718806,418309.0,1840,7,926.3957307350146,2661.0894511141614,3751.0,15.136389606726128
907686,BEVERAGES,A,247.75651658767774,202.4003599561456,81.69325382185005,418213.0,1860,7,883.5766792279635,2617.8722953417077,3563.0,14.381054630056932
977007,CLEANING,A,247.72808056872037,111.10193814507406,44.848342541552974,418165.0,1922,7,485.0143625400921,2219.110926521135,3041.0,12.27555629954683
170791,GROCERY I,A,247.20616113744074,156.86637382319782,63.4556894138184,417284.0,1925,7,684.7985334377117,2415.241661399797,2021.0,8.175362582797328
1239815,DAIRY,A,247.1563981042654,123.74898786911731,50.069101515596834,417200.0,1593,7,540.2249273810949,2270.3197141109526,3115.0,12.603355704697986
352513,CLEANING,A,246.61255924170615,126.56065926709009,51.31963256706946,416282.0,1925,7,552.4992498054191,2278.787164497362,2850.0,11.556589043004502
1463807,BEVERAGES,A,246.28791469194312,342.3537351776537,139.0054950953926,415734.0,1206,7,1494.5416920953257,3218.5570949389275,4223.0,17.146598546185782
1473488,PRODUCE,A,246.1676236966824,161.17002926646924,65.47165985769774,415530.9487999999,1198,7,703.586096789531,2426.7594626663076,816.0,3.3148144656319287
877514,CLEANING,A,245.24940758293837,197.62366768074452,80.58069115372366,413981.0,1872,7,862.7240784751425,2579.469931555711,2404.0,9.802266287583247
1695971,PRODUCE,A,244.47427067535546,185.55376790961878,75.89909866466932,412672.5689,1180,7,810.0330557877502,2521.3529505152383,2404.0,9.833345625120371
1214325,CLEANING,A,244.01718009478674,139.7818365364315,57.28360457330679,411901.0,1595,7,610.216162510812,2318.336423174319,2401.0,9.839471135054296
633735,MEATS,A,243.66275124407562,227.1325112578437,93.21593476974506,411302.72409999964,1768,7,991.5446300856241,2697.1838887941535,2853.0,11.708806477122003
1503899,PRODUCE,A,242.97511848341233,141.2656258278792,58.13995552697848,410142.0,1198,7,616.6936293250776,2317.5194587089636,2662.0,10.95585431387178
769314,CLEANING,A,242.91824644549763,219.91257763019854,90.52946036292883,410046.0,1898,7,960.0260844647407,2660.453809583224,3468.0,14.276408012759545
655427,CLEANING,A,242.5622037914692,175.2309239390469,72.24164408140561,409445.0,1841,7,764.9687871388084,2462.9042136790927,2707.0,11.160023934838623
1104599,PERSONAL CARE,A,242.478672985782,132.04612972600643,54.45680154054171,409304.0,1922,7,576.4460143919177,2273.796725292392,2854.0,11.770107304106483
1695887,PRODUCE,A,242.11001007108987,260.1699155616497,107.45937992619841,408681.6969999997,1141,7,1135.7690770747176,2830.539147572347,2933.0,12.114327694004862
1070962,GROCERY I,A,242.08767772511848,147.04697460691278,60.74120582621274,408644.0,1880,7,641.9320476596297,2336.545791735459,744.0,3.073266706473116
587186,CLEANING,A,242.0059241706161,94.57906730413802,39.08130250458622,408506.0,1917,7,412.8839406766624,2106.9254098709753,2091.0,8.640284353228594
1313222,BREAD/BAKERY,A,241.9472748815166,144.35263260354586,59.66284707039434,408407.0,1327,7,630.1699254946534,2323.8008496652697,3042.0,12.572987240669233
418238,BEVERAGES,A,241.7079383886256,184.70766446128127,76.41770712731102,408003.0,1920,7,806.3393999299872,2498.294968650366,2743.0,11.348406751911138
418025,DELI,A,241.58234597156397,97.1589361168074,40.217730201296966,407791.0,1927,7,424.14633131092853,2115.2227531118765,2242.0,9.280479461292673
1239954,DAIRY,A,241.43364928909952,141.82609068230207,58.74329908026842,407540.0,1589,7,619.1403328536793,2309.175877877376,1912.0,7.91936006281592
318932,DELI,A,241.0568720379147,92.02215998607342,38.17446032884708,406904.0,1927,7,401.7217882097463,2089.1198924751493,2518.0,10.445667774217014
1239859,POULTRY,A,240.93093779620892,164.17817430502177,68.14325125978284,406691.42300000065,1589,7,716.7181228609087,2403.234687434371,3143.0,13.045232084965784
1047682,BEVERAGES,A,240.8702606635071,191.09348473315413,79.33461117481392,406589.0,1539,7,834.2166323182623,2520.308456962812,3557.0,14.767285883287546
1473425,PRODUCE,A,240.84318726303349,179.4600109967692,74.51321876120768,406543.3001000005,1197,7,783.4308229743071,2469.3331338155413,2704.0,11.227222288197277
207857,GROCERY I,A,240.80805687203792,177.24331029065587,73.603563183453,406484.0,1931,7,773.7538389552359,2459.4102370595015,2505.0,10.402475866208755
354964,GROCERY I,A,240.79324644549763,1624.790212055747,674.7656905001737,406459.0,598,7,7093.00487568982,8778.557600808304,8317.0,34.54000526498368
1695874,PRODUCE,A,240.52369668246445,161.61760176064894,67.19404532270012,406004.0,1196,7,705.5399698864305,2389.2058466636818,2968.0,12.339740495167536
796396,CLEANING,A,240.24229857819904,95.6466310396204,39.81256906284859,405529.0,1924,7,417.54437912877825,2099.2404691761712,1873.0,7.796295702650119
795610,FROZEN FOODS,A,239.87263033175356,95.71621544961336,39.90293320135522,404905.0,1922,7,417.8481491513263,2096.956561473601,3012.0,12.556663908818118
809882,BREAD/BAKERY,A,239.84419431279622,90.53536720746547,37.74757503172768,404857.0,1923,7,395.2312097033287,2074.1405698929025,1965.0,8.192818698948024
1239912,DAIRY,A,239.49763033175356,137.2114337545556,57.29135339021497,404272.0,1591,7,598.9950957361267,2275.4785080584015,2109.0,8.80593263941109
502227,GROCERY I,A,239.2541469194313,115.53438254811229,48.28939604002702,403861.0,1925,7,504.3641527645149,2179.143181200534,2494.0,10.424061744015885
409904,GROCERY I,A,238.51362559241707,108.43842092483796,45.46424576604377,402611.0,1924,7,473.3868056472455,2142.982184794165,2302.0,9.651440223938243
373152,PERSONAL CARE,A,238.49822274881515,138.36429242466355,58.014810689129526,402585.0,1924,7,604.0278883436787,2273.5154475853847,2638.0,11.060879069016481
363868,GROCERY I,A,238.114336492891,109.44646022669595,45.9638263863896,401937.0,1909,7,477.787390799663,2144.5877462499,2606.0,10.944322120133254
907684,BEVERAGES,A,237.978672985782,158.2488912301907,66.49708952686079,401708.0,1911,7,690.8338988872115,2356.6846097876855,2305.0,9.685741882163162
819228,MEATS,A,237.70133287914703,97.95449063864656,41.20906241970841,401239.8499000002,1921,7,427.61931635257446,2091.5286465066038,2051.0,8.628474965442356
940592,CLEANING,A,237.4638625592417,96.17770276136133,40.502037541551076,400839.0,1924,7,419.86276724048616,2082.109805155178,2140.0,9.011897544899574
1239789,DAIRY,A,237.0462085308057,138.43727773128995,58.40096687869999,400134.0,1498,7,604.3465049453258,2263.669964660966,2018.0,8.513108108783557
1098624,PERSONAL CARE,A,236.7600710900474,197.531717865749,83.43117864271183,399651.0,1232,7,862.3226725082412,2519.643170138573,2816.0,11.893897425503752
1963265,DAIRY,A,236.36848341232226,316.49669226812574,133.89970088187582,398990.0,650,7,1381.6630385514,3036.2424224376555,2777.0,11.748605228201209
1489908,PRODUCE,A,235.951755390995,164.2700033879592,69.62016583252277,398286.56309999956,1193,7,717.1190017732583,2368.7812895102234,2378.0,10.078331462545904
1047751,BEVERAGES,A,235.6291469194313,109.6915537365123,46.552625246323686,397742.0,1915,7,478.85734398329754,2128.2613724193166,2937.0,12.46450211443599
1457184,HOME CARE,A,235.35781990521326,171.40443993357243,72.82717013719915,397284.0,1228,7,748.2643107662929,2395.7690501027855,2334.0,9.916815175038511
1503891,PRODUCE,A,234.7227488151659,149.2820694903267,63.5993188746609,396212.0,1195,7,651.6893312695709,2294.748572975732,2971.0,12.657486396171747
849142,DAIRY,A,234.6990521327014,124.63327607151636,53.10344244639188,396172.0,1716,7,544.0852783880076,2186.9786433169174,2042.0,8.700503821572449
1239905,DAIRY,A,234.26954976303318,121.35433167447832,51.80115460896641,395447.0,1591,7,529.771080516345,2169.657928857577,1610.0,6.8724253819095855
986193,BREAD/BAKERY,A,234.25888625592418,87.11321606847886,37.18672852107264,395429.0,1903,7,380.291844279981,2020.1040480714503,2287.0,9.762703291867819
1159726,GROCERY I,A,234.09478672985782,133.35131228101972,56.96466552879937,395152.0,1733,7,582.143775344491,2220.8072824534956,3029.0,12.939203142082034
949298,CLEANING,A,233.73578199052133,114.68031605496854,49.06408213510893,394546.0,1919,7,500.63573431696216,2136.7862082506113,3008.0,12.869231978020307
583795,MEATS,A,233.45989845971556,86.06095792261864,36.86327223236962,394080.3085999999,1923,7,375.6982222211507,2009.9175114391596,1854.0,7.94140669225004
1346627,CLEANING,A,233.1824644549763,169.17136347057632,72.5489216635501,393612.0,1351,7,738.5158385498219,2370.793089734656,2161.0,9.26742070871823
354919,GROCERY I,A,232.98045023696682,107.097609372414,45.968496182183486,393271.0,1831,7,467.5335066747637,2098.3966583335314,3054.0,13.108395991568155
1463637,BEVERAGES,A,232.61255924170615,195.8100647696585,84.17862965266359,392650.0,1082,7,854.8068137135446,2483.094728405488,927.0,3.985167451929199
1695820,PRODUCE,A,232.11848341232226,153.34148615410632,66.06173015602515,391816.0,1098,7,669.4106727541523,2294.240056640408,3335.0,14.367662372133859
315463,GROCERY II,A,232.07049763033174,132.17578158814587,56.95501278180153,391735.0,1925,7,577.0120082559094,2201.5054916682316,2543.0,10.957877136329406
1404385,BEVERAGES,A,231.85130331753555,288.9605111995292,124.63182525386922,391365.0,1089,7,1261.4541247308805,2884.4132479536293,1122.0,4.839308573837721
1473409,PRODUCE,A,231.2317912914691,147.27294786616466,63.69061409922055,390319.26369999984,1198,7,642.9185315870662,2261.54107062735,3337.0,14.43140660443914
789904,DAIRY,A,231.17298578199052,97.99540950649519,42.39051080082105,390220.0,1893,7,427.79794724719983,2046.0088477211334,1782.0,7.708513146430219
916885,CLEANING,A,231.0734597156398,122.95049392124176,53.20840137701026,390052.0,1916,7,536.7391103054712,2154.25332831495,3032.0,13.121368432926891
559494,BREAD/BAKERY,A,230.74940758293837,89.36444027689753,38.72791753312615,389505.0,1925,7,390.11954029150564,2005.3653933720743,2328.0,10.088866638425694
1333994,GROCERY I,A,230.54561611374407,181.74544589652837,78.83274857278604,389161.0,1217,7,793.4078654052515,2407.22717820146,3049.0,13.225148460405848
407769,CLEANING,A,230.43957345971563,93.2607233312479,40.47079324574054,388982.0,1921,7,407.12872369039394,2020.2057379084035,642.0,2.785979813975968
315279,GROCERY I,A,230.26184834123222,111.11641302722532,48.25654524520208,388682.0,1829,7,485.07755248850026,2096.910490877126,2712.0,11.777895554720827
1057034,GROCERY I,A,229.9265402843602,89.0755554161416,38.74087580580214,388116.0,1920,7,388.85841641800437,1998.3441984085257,2068.0,8.994176998629277
1696036,PRODUCE,A,229.0041469194313,168.1728719708655,73.4366055082978,386559.0,1173,7,734.1569342289846,2337.1859626650034,2023.0,8.833901163858556
358232,CLEANING,A,228.86196682464455,82.31353041639329,35.966452424776385,386319.0,1924,7,359.33886617892057,1961.3726339514326,2178.0,9.516653335714786
1104598,PERSONAL CARE,A,228.85011848341233,122.2270547787936,53.40921629789454,386299.0,1919,7,533.5809442071186,2135.531773591005,1973.0,8.621363244533379
1112450,BEVERAGES,A,228.63684834123222,136.15870316010012,59.55238805465346,385939.0,1644,7,594.3994112078374,2194.857349596463,3044.0,13.313689469061172
564272,GROCERY I,A,228.46623222748815,90.83072734588274,39.7567406177736,385651.0,1900,7,396.5206013345274,1995.7842269269445,2551.0,11.165763864219203
1463898,BEVERAGES,A,228.40758293838863,241.846020403419,105.88353385301367,385552.0,900,7,1055.7763021708643,2654.629382739585,3272.0,14.325268705648005
108797,GROCERY I,A,228.35308056872037,102.59972007987932,44.93029821377997,385460.0,1928,7,447.8980174617312,2046.3695814427738,2454.0,10.746515851190786
1024975,CLEANING,A,227.77251184834122,122.29604006910665,53.69218571490117,384480.0,1837,7,533.882098778897,2128.2896817172855,1827.0,8.02116104868914
699745,SEAFOOD,A,227.627181220379,88.28922661390747,38.786767968817216,384234.68189999973,1914,7,385.4257061599303,1978.8159747025832,2520.0,11.070734112198327
671083,DELI,A,227.61255924170615,98.87482158916153,43.43996742471686,384210.0,1928,7,431.6370116038226,2024.9249262957658,2089.0,9.177876682022852
404336,GROCERY I,A,227.6042654028436,113.32572191772508,49.79068459773656,384196.0,1918,7,494.72226761291785,2087.952125432823,2622.0,11.519995002550782
583799,MEATS,A,227.53137363744108,102.21205588771637,44.92218117163295,384072.95870000054,1921,7,446.2056734380291,2038.9252889001168,1416.0,6.2233175907262765
1463859,BEVERAGES,A,227.28791469194312,165.74402740460863,72.9224990379499,383662.0,1066,7,723.5538383813333,2314.569241224935,1930.0,8.491432563037257
838406,DAIRY,A,226.2861374407583,77.09702033885969,34.07058921541037,381971.0,1925,7,336.5662453571739,1920.569207442482,2084.0,9.209578737652858
1121513,CLEANING,A,226.25059241706163,135.38610360239,59.83900512968579,381911.0,1865,7,591.0266358248172,2174.7807827442484,2931.0,12.954662211876588
1239785,DAIRY,A,226.228672985782,155.5032041635392,68.7371773485637,381874.0,1557,7,678.8476303792071,2262.4483412796812,2979.0,13.168092093203517
991114,DELI,A,226.14514218009478,95.47870301708916,42.22009904641372,381733.0,1909,7,416.81129108224707,1999.8272863429106,2166.0,9.577919645406606
1457182,HOME CARE,A,225.72985781990522,227.37700359265494,100.72969778506832,381032.0,1229,7,992.6119588459882,2572.7209635853246,3260.0,14.44204161330282
911989,CLEANING,A,225.728672985782,100.07162233612371,44.33270306888613,381030.0,1907,7,436.8616328936638,2016.9623437941377,2690.0,11.916961919009001
173111,GROCERY I,A,225.67061611374407,100.64788054610081,44.59946194119112,380932.0,1876,7,439.3772821526855,2019.071594948894,2231.0,9.88608990580996
1489694,PRODUCE,A,225.51367855450255,165.8670068905476,73.55075219992058,380667.0894000003,1194,7,724.0907040559925,2302.68645393751,2036.0,9.028277189438581
1047752,BEVERAGES,A,225.45556872037915,106.59356338975667,47.27918853135943,380569.0,1905,7,465.33309914766716,2043.522080190321,1643.0,7.28746692452617
813770,PREPARED FOODS,A,225.25118483412322,80.0624313955943,35.54362275810132,380224.0,1756,7,349.51171667265555,1926.2700105115182,2035.0,9.034358693822588
1159728,GROCERY I,A,224.86729857819904,147.44507678531065,65.56981727337987,379576.0,1670,7,643.6699586043455,2217.7410486517388,2854.0,12.69192994288364
1672581,PRODUCE,A,224.78699816350723,174.82369554961565,77.7730460293131,379440.4529000002,1196,7,763.1910358141615,2336.700022958712,2603.0,11.579851242582146
1457337,HOME CARE,A,224.7541469194313,186.05647570331405,82.78222148666767,379385.0,1188,7,812.2276214647655,2385.5066499007844,2325.0,10.344636714682974
1150700,POULTRY,A,224.54888027251178,120.1152957297524,53.49182573699805,379038.5098999999,1734,7,524.3620819072407,2096.2042438148233,1917.0,8.537116718967981
2010568,GROCERY I,A,224.25947867298578,372.1706330445416,165.95536351319146,378550.0,811,7,1624.7070515236019,3194.523402234502,4050.0,18.05943732664113
457556,GROCERY I,A,223.8240521327014,104.72457570456552,46.78879446006818,377815.0,1917,7,457.1740527272114,2023.9424176561213,2276.0,10.168701613223403
1239791,DAIRY,A,223.49822274881515,128.37071446791302,57.43701801700056,377265.0,1498,7,560.4010270745355,2124.8885863162413,2984.0,13.351336593641076
807495,BEVERAGES,A,223.04146919431278,220.734071411031,98.96548485283175,376494.0,1136,7,963.6123070733944,2524.902591433584,2867.0,12.854111884917158
414455,GROCERY I,A,222.70734597156397,97.96135294488373,43.98658361156698,375930.0,1920,7,427.6492736795189,1986.6006954804668,1003.0,4.503668236107786
583931,MEATS,A,221.98680864928915,99.85470748949274,44.98227083720567,374713.73300000007,1808,7,435.91469337288936,1989.8223539179135,2147.0,9.67174587113411
1239857,POULTRY,A,221.78623222748823,115.65696267444919,52.14794512394203,374375.16000000015,1588,7,504.89927503895944,2057.402900631377,2414.0,10.884354613698191
1239899,POULTRY,A,221.51549170616087,94.30936985778753,42.57461594735253,373918.14999999956,1588,7,411.7065792624126,1962.3150212055386,2621.0,11.832129571672317
1239861,POULTRY,A,220.95410071090032,100.88558996891939,45.65907111220335,372970.52199999976,1591,7,440.4150001808588,1987.093705157161,2589.0,11.717365695726492
1091367,GROCERY I,A,220.93957345971563,110.34410008463126,49.94311266050784,372946.0,1918,7,481.7060283208067,2028.283042538816,1649.0,7.46357917768256
856688,GROCERY I,A,220.86255924170615,1878.49724883622,850.5277016103223,372816.0,423,7,8200.560322250432,9746.598236942376,8787.0,39.78492339384576
214859,CLEANING,A,220.25118483412322,169.68244928420046,77.04042519089857,371784.0,1914,7,740.746978386235,2282.5052722250975,3261.0,14.805822735782067
847894,BREAD/BAKERY,A,220.20971563981044,73.88972525846539,33.554253064530684,371714.0,1925,7,322.5648318366989,1864.032841315372,2023.0,9.18669729953674
464536,GROCERY I,A,220.17061611374407,84.18751851327386,38.23739970359218,371648.0,1924,7,367.51974184491854,1908.7140546411272,1643.0,7.462394523850525
358272,DAIRY,A,220.1617298578199,90.63085175015517,41.1655794168607,371633.0,1892,7,395.64804648744143,1936.7801554921807,1687.0,7.662548804869321
360703,GROCERY I,A,220.13151658767774,193.92763311162724,88.09625996211517,371582.0,1917,7,846.589077768622,2387.5096938823663,2339.0,10.625466249710696
105857,GROCERY I,A,220.10781990521326,157.56572949261948,71.58570266175606,371542.0,1733,7,687.8515633835119,2228.606302720005,2143.0,9.7361375026242
510055,GROCERY I,A,220.04324644549763,111.98915962920728,50.89415896113213,371433.0,1927,7,488.8875187580948,2029.1902438765783,2389.0,10.856956705516204
657869,GROCERY I,A,220.00947867298578,115.08196828795639,52.3077319132282,371376.0,1928,7,502.3891429882945,2042.455493699195,2507.0,11.39496359484727
979195,CLEANING,A,219.83471563981044,83.67088325273538,38.0608144665497,371081.0,1917,7,365.26437595536396,1904.107385434037,1887.0,8.583721613340483
457471,DELI,A,219.6777251184834,90.29708585323867,41.104343102850706,370816.0,1894,7,394.1909949145049,1931.9350707438887,1710.0,7.784130134622023
1473414,PRODUCE,A,219.40283353080542,140.63284282325088,64.09800664835316,370351.98299999954,1198,7,613.9312216592882,2149.7510563749265,2228.0,10.15483694601955
738219,CLEANING,A,218.25533175355451,78.51625279675274,35.974494719519726,368415.0,1923,7,342.76188998186416,1870.549212256746,1880.0,8.613764368986061
215370,BREAD/BAKERY,A,217.79383886255926,101.66257316513334,46.67835127755309,367636.0,1923,7,443.8069122924548,1968.3637843303695,1722.0,7.906559749317259
557241,FROZEN FOODS,A,217.40897156398117,907.025387014984,417.19777270003596,366986.3440000002,1676,7,3959.6099513252066,5481.472752273075,5370.0,24.699992651497666
215303,GROCERY I,A,216.97630331753555,135.45434790319626,62.428175718785575,366256.0,1874,7,591.3245556145631,2110.158678837312,2402.0,11.070333318771569
1457179,HOME CARE,A,216.6925355450237,182.43734881423734,84.19180123365673,365777.0,1230,7,796.4283604404873,2313.276109255653,2742.0,12.653873808358645
1084365,MEATS,A,216.50772784360197,189.12592720016193,87.35296845236871,365465.04460000014,1240,7,825.6272802461223,2341.181375151336,1592.0,7.353086265585902
1084882,GROCERY I,A,216.4022511848341,111.08133349643664,51.3309509897656,365287.0,1926,7,484.9244131594504,1999.7401714532893,2442.0,11.284540648859664
1584574,PRODUCE,A,216.20260663507108,152.20152645106077,70.39763711450627,364950.0,1194,7,664.434190453978,2177.8524368994754,3090.0,14.292149609535553
211205,GROCERY I,A,216.20142180094786,155.3126689903086,71.83702479685898,364948.0,1913,7,678.0158510499821,2191.425803656617,2065.0,9.551278538312308
1463899,BEVERAGES,A,215.99881516587678,167.4147932907838,77.50727389972822,364606.0,1204,7,730.8475495871527,2242.8392557482903,2440.0,11.296358260697849
838409,DAIRY,A,215.6972748815166,71.64324185310954,33.21471812402984,364097.0,1921,7,312.7578317519405,1822.6387559225568,2606.0,12.081747446422245
770463,BEVERAGES,A,215.56042654028437,154.96004935509347,71.88705823336002,363866.0,1820,7,676.4764936773892,2185.3994794593796,2111.0,9.79307767145048
841667,DAIRY,A,215.25236966824644,110.09222719471585,51.14565166664291,363346.0,1923,7,480.6064798234264,1987.3730675011516,1972.0,9.16133932945457
634014,MEATS,A,215.1184456753553,122.00357860575222,56.714605864098324,363119.93629999977,1925,7,532.6053612837222,2038.4344810112093,2235.0,10.389625087627012
939210,DAIRY,A,214.57701421800948,88.56045682817805,41.27210789604936,362206.0,1898,7,386.60975885669137,1888.6488583827577,1637.0,7.628962524088502
1397060,BEVERAGES,A,214.5100710900474,201.18830020046627,93.78967578450482,362093.0,1086,7,878.2854448932961,2379.855942523628,2656.0,12.38170304314085
554143,GROCERY I,A,213.57642180094786,124.02695856778904,58.07146571796279,360517.0,1909,7,541.4384055928344,2036.4733581994694,1869.0,8.750965973865311
158789,CLEANING,A,213.39928909952607,102.6138030984456,48.0853537663793,360218.0,1921,7,447.95949673370967,1941.7545204303924,2726.0,12.774175638085826
1087270,PERSONAL CARE,A,213.05509478672985,101.3722114636333,47.580280380109116,359637.0,1921,7,442.5393412859508,1933.9250047930598,1778.0,8.345259247519026
1920084,GROCERY I,A,212.72689573459715,320.2020101655608,150.52257922526732,359083.0,912,7,1397.8385655317322,2886.926835673912,1978.0,9.298307076636878
522941,GROCERY I,A,212.2754739336493,95.82557395471791,45.14208456539355,358321.0,1811,7,418.3255525749494,1904.2538701104945,2252.0,10.608856304821654
1047703,BEVERAGES,A,212.24170616113744,89.49845316163042,42.16817456870692,358264.0,1894,7,390.7045721545503,1876.3965152825124,1835.0,8.645803094924414
265266,PREPARED FOODS,A,212.13447867298578,81.93064312241107,38.6220305322034,358083.0,1707,7,357.66737565484885,1842.6087263657494,2115.0,9.970090733154045
158788,CLEANING,A,212.12618483412322,170.88727335535154,80.55925461959383,358069.0,1927,7,746.0066254148878,2230.88991925375,1998.0,9.418922051336475
580929,GROCERY I,A,211.94490521327015,81.78387359817326,38.58732698286756,357763.0,1925,7,357.02665481390767,1840.6409913067987,1993.0,9.403387158537914
463903,CLEANING,A,211.79857819905214,89.51244433998356,42.26300530490726,357516.0,1927,7,390.7656504990277,1873.3556978923928,2440.0,11.520379507490572
510057,GROCERY I,A,211.66409952606634,113.02326692065263,53.39746663403062,357289.0,1901,7,493.4019034495978,1975.050600132062,2950.0,13.93717690720957
740722,CLEANING,A,211.55805687203792,77.30462588944175,36.54062011743655,357110.0,1920,7,337.4725452422746,1818.37894334654,659.0,3.114984178544426
371437,CLEANING,A,211.21267772511848,95.91286900179846,45.41056438223074,356527.0,1901,7,418.7066382006331,1897.1953822764624,2286.0,10.823213950135614
1014864,DAIRY,A,210.65402843601896,90.21493429213152,42.82611396607215,355584.0,1917,7,393.8323631236712,1868.410562175804,1711.0,8.122322714182864
886398,GROCERY I,A,210.51184834123222,103.51261675883887,49.17187207014049,355344.0,1896,7,451.88325847735035,1925.466196865976,1611.0,7.652775901661489
222975,GROCERY I,A,210.29443127962085,293.3606795536943,139.49997523406753,354977.0,1922,7,1280.6630141975768,2752.724033154923,2655.0,12.625155996022277
1012787,GROCERY I,A,210.26125592417063,134.6959217749916,64.06121811788704,354921.0,1919,7,588.013654191542,2059.8424456607363,2000.0,9.511975904497056
1473511,PRODUCE,A,210.09293181279642,144.9877845980328,69.01126246704213,354636.86890000035,1196,7,632.9426749611829,2103.5931976507577,1286.0,6.121100738152828
159242,CLEANING,A,209.8281990521327,79.21200653319507,37.75088710241206,354190.0,1927,7,345.79919572647526,1814.5965890914042,1416.0,6.748377989214828
1913463,PRODUCE,A,209.80509478672985,243.28869327652086,115.95938293292048,354151.0,885,7,1062.074275685851,2530.70993919296,2551.0,12.158903970340335
838217,DAIRY,A,209.31398104265404,83.5041844805925,39.894222098606974,353322.0,1925,7,364.5366541886966,1829.7345214872748,2297.0,10.973944447274723
271479,DAIRY,A,209.25651658767774,73.37154696625292,35.06296872504351,353225.0,1919,7,320.3027298583214,1785.0983459720655,1833.0,8.759583834666289
1309245,BREAD/BAKERY,A,209.17831753554503,298.4305596510759,142.66801797005778,353093.0,1397,7,1302.7955233566465,2767.0437461054617,3510.0,16.779941828356833
1182733,BEVERAGES,A,208.96741706161137,142.18303679392457,68.04076864863757,352737.0,1614,7,620.6985774143069,2083.4704968455867,2632.0,12.595265027485066
839364,BEVERAGES,A,208.9377962085308,113.88881489145395,54.50847905842128,352687.0,1789,7,497.1804441691836,1959.7450176288992,2570.0,12.300311607742842
696183,BREAD/BAKERY,A,208.8027251184834,103.89517046439357,49.75757399978334,352459.0,1924,7,453.5532927245899,1915.1723685539737,1613.0,7.724994963953255
888761,DELI,A,208.70734597156397,103.17521985079249,49.435356178047485,352298.0,1892,7,450.4103557628591,1911.361777563807,2810.0,13.463828917564108
1463897,BEVERAGES,A,208.70616113744074,165.39988206462618,79.25011948051895,352296.0,1172,7,722.0514754569822,2182.9946034190675,2266.0,10.857369938915005
888763,DELI,A,208.59715639810426,94.16190305330677,45.14054969838626,352112.0,1845,7,411.0628144517784,1871.2429092385082,1885.0,9.036556550188577
959437,"LIQUOR,WINE,BEER",A,208.4366113744076,252.52608691685364,121.15246225302023,351841.0,1396,7,1102.400022138156,2561.456301759009,1461.0,7.0093252349782995
153398,BREAD/BAKERY,A,208.39869668246445,81.81759406143313,39.26012751706312,351777.0,1927,7,357.1738611477088,1815.9647379249598,1895.0,9.093147078973328
269287,CLEANING,A,208.2037914691943,109.37987455868692,52.535006104761884,351448.0,1911,7,477.4967117542485,1934.9232520386086,2625.0,12.607839566593068
1463625,BEVERAGES,A,207.96030805687204,220.38399663696245,105.97406721319764,351037.0,906,7,962.0840592658312,2417.8062156639353,2331.0,11.208869720285897
454596,GROCERY I,A,207.71445497630333,115.36223877781435,55.53885924355877,350622.0,1910,7,503.6126609146853,1957.6138457488087,1775.0,8.545385058553085
949296,CLEANING,A,207.5574644549763,90.49331048403819,43.5991597419365,350357.0,1923,7,395.0476115119365,1847.9498626967707,2677.0,12.897632985783073
830829,GROCERY I,A,207.50118483412322,80.14619928309047,38.624453805967164,350262.0,1772,7,349.8774045196329,1802.3856983584953,2504.0,12.067400974127938
1473413,PRODUCE,A,207.41858957345912,125.29385562772177,60.40628078967235,350122.579199999,1197,7,546.969031612381,1998.8991586265947,2472.0,11.91792888517603
215332,GROCERY I,A,207.16943127962085,99.33815119595296,47.95019737341182,349702.0,1814,7,433.6596722129514,1883.8456911702974,1419.0,6.849466116865217
1464092,BEVERAGES,A,207.0728672985782,205.8007826717438,99.38568261335746,349539.0,1205,7,898.4211894436103,2347.9312605336577,1868.0,9.020979060991763
949243,PERSONAL CARE,A,206.96445497630333,141.46086203258128,68.35031747300667,349356.0,1898,7,617.545930958598,2066.2971157927213,2678.0,12.93941996130022
1958186,BEVERAGES,A,206.31931279620852,278.16330487057274,134.82174843482926,348267.0,844,7,1214.3190321097725,2658.554221683232,1281.0,6.208822541326052
881911,GROCERY I,A,206.07109004739337,93.56446102586312,45.40397248558478,347848.0,1832,7,408.4546874565781,1850.9523177883316,1799.0,8.729997010188358
953428,DAIRY,A,206.04976303317537,83.60188889119159,40.57363991131169,347812.0,1895,7,364.9631817832215,1807.311523015449,1558.0,7.5612802318493895
1464034,BEVERAGES,A,205.76836492890996,139.34207674695847,67.7179297192254,347337.0,1207,7,608.2963956955515,2048.674950197921,2077.0,10.093874248928273
1003679,GROCERY I,A,205.1101895734597,237.67108361207409,115.87483006394122,346226.0,1921,7,1037.5506587634984,2473.3219857777167,2753.0,13.422053803007286
864290,PREPARED FOODS,A,205.0,76.73276733375198,37.43061821158633,346040.0,1756,7,334.97610262856597,1769.976102628566,2055.0,10.024390243902438
1719236,PRODUCE,A,203.94075829383885,157.59981014344496,77.27725024753236,344252.0,1091,7,688.0003421124077,2115.5856501692797,2428.0,11.905418123932469
521818,GROCERY I,A,203.79265402843603,92.68786163295512,45.48145372306796,344002.0,1902,7,404.62790186802124,1831.1764800670735,2556.0,12.542159638606751
668752,CLEANING,A,203.77962085308056,84.61622132186089,41.52339717172545,343980.0,1926,7,369.3912395244143,1795.848585495978,1951.0,9.574068259782546
1489833,PRODUCE,A,203.58353080568722,121.75704909074834,59.80692475903704,343649.0,1194,7,531.5291392342851,1956.6138548740958,1547.0,7.598846497443612
1114914,CLEANING,A,203.5829383886256,80.63539986256482,39.60813244017408,343648.0,1907,7,352.0130045925873,1777.0935733129666,2514.0,12.348775491200298
502230,GROCERY I,A,203.40521327014218,122.47358473083167,60.21162523901228,343348.0,1928,7,534.6571681644239,1958.4936610554191,2672.0,13.136339806843203
363895,CLEANING,A,203.3584123222749,87.48418582567963,43.01970340279699,343269.0,1919,7,381.9113089204218,1805.420195176346,1829.0,8.99397265701243
1328672,DELI,A,203.29502369668248,119.25943177176684,58.66323218501536,343162.0,1242,7,520.6258166455009,1943.6909825222783,1053.0,5.179664415057611
472658,GROCERY I,A,203.17002369668248,76.67800595996611,37.74080672178323,342951.0,1925,7,334.7370424173581,1756.9272082941357,1825.0,8.98262433992028
1047696,BEVERAGES,A,202.83530805687204,115.04655159142541,56.71919385907312,342386.0,1850,7,502.2345317656818,1922.081688163786,2850.0,14.050808152202485
1963892,GROCERY I,A,202.75236966824644,1586.8977038624967,782.6777593076017,342246.0,375,7,6927.585522857321,8346.852110535046,11483.0,56.635589605137824
1057491,CLEANING,A,202.74348341232226,82.86127163867427,40.87000491658622,342231.0,1920,7,361.7300248229277,1780.9344087091836,1455.0,7.1765561857341975
1112839,CLEANING,A,202.6309241706161,105.07453847139305,51.85513460073835,342041.0,1884,7,458.70181156832166,1877.1182807626346,2142.0,10.570943249493482
2013931,BEVERAGES,A,202.59537914691944,1728.5555266337183,853.2058006022897,341981.0,375,7,7545.991283884521,8964.158937912958,11970.0,59.08328240457803
1134971,BEVERAGES,A,202.55035545023696,84.50830606609067,41.722121829034684,341905.0,1825,7,368.92013659084165,1786.7726247425003,1788.0,8.827434521285152
414305,BEVERAGES,A,202.51125592417063,123.07403705659002,60.77392414309776,341839.0,1754,7,537.2784365858003,1954.8572280549947,1764.0,8.71062693256182
153239,BREAD/BAKERY,A,202.38625592417063,72.61293952842693,35.87839460582407,341628.0,1925,7,316.9910369300225,1733.694828399217,1470.0,7.2633390705679854
570917,GROCERY I,A,201.64218009478674,75.85340665135818,37.617827091386076,340372.0,1926,7,331.13726265930165,1742.632523322809,664.0,3.292961818245919
219152,BEVERAGES,A,201.3382701421801,150.4920223812462,74.74586042433585,339859.0,1761,7,656.9713681079073,2066.339259103168,2448.0,12.15864226046684
572838,CLEANING,A,201.21623222748815,79.6509293709656,39.58474348178581,339653.0,1912,7,347.7153088377298,1756.228934430147,1937.0,9.626459945885948
1239818,DAIRY,A,201.00177725118485,126.72336748818717,63.04589403198432,339291.0,1587,7,553.2095508627453,1960.2219916210393,2263.0,11.258606918544848
1102268,PERSONAL CARE,A,200.88803317535545,162.11461858750752,80.69899238149117,339099.0,1615,7,707.7096917065462,2113.9259239340345,1847.0,9.194176331985645
1089843,BREAD/BAKERY,A,200.85011848341233,86.31108854940733,42.97288405958074,339035.0,1919,7,376.7901648868606,1782.7409942707468,1696.0,8.444107540519415
1246758,GROCERY I,A,200.8021327014218,120.93825913566256,60.227577022545354,338954.0,1546,7,527.9547201489798,1933.5696490589326,2427.0,12.086525015193802
897348,DELI,A,200.79561611374407,85.008904313317,42.33603599451209,338943.0,1883,7,371.1054930645526,1776.6748058607611,1621.0,8.072885411411358
1992914,CLEANING,A,200.09834123222748,1472.5800932265738,735.9281861899826,337766.0,503,7,6428.533175298011,7829.221563923604,8783.0,43.89341733626238
368624,BEVERAGES,A,200.00533175355451,125.4670267432954,62.731841018066056,337609.0,1924,7,547.7250083273923,1947.762330602274,1747.0,8.734767141871217
264452,CLEANING,A,199.93305687203792,80.48608812684662,40.25651854978624,337487.0,1921,7,351.3611857537066,1750.892583857972,1255.0,6.277101043892061
1047757,BEVERAGES,A,199.75651658767774,103.27691519934508,51.70139976585668,337189.0,1919,7,450.85430575576675,1849.149921869511,1789.0,8.95590306919858
850388,FROZEN FOODS,A,199.70448992890996,1106.4781342676629,554.0577153080247,337101.179,1281,7,4830.3188577649025,6228.250287267272,2322.0,11.627179743562985
114799,PERSONAL CARE,A,199.593009478673,94.27881850568093,47.23553132042676,336913.0,1922,7,411.57320765059274,1808.724274001304,1575.0,7.891057928901526
1021281,CLEANING,A,199.50888625592418,90.8944077216651,45.559077305994485,336771.0,1919,7,396.79859735675757,1793.360801148227,1513.0,7.583622105228775
302952,BREAD/BAKERY,A,199.32049763033174,73.30215637769457,36.77602517009759,336453.0,1921,7,319.99980596124266,1715.2432893735647,2569.0,12.888789816111018
1146797,GROCERY I,A,199.18601895734596,114.08190431180194,57.27405211920603,336226.0,1844,7,498.02337403779694,1892.3255067392186,2329.0,11.69258772373344
1116113,GROCERY I,A,199.14810426540285,113.01905560661447,56.75125857888912,336162.0,1744,7,493.38351900169545,1887.4202488595154,2334.0,11.719920752494332
513853,CLEANING,A,199.05627962085308,104.81114835285449,52.6540275707406,336007.0,1919,7,457.55198472843756,1850.9459420744092,2033.0,10.213191987071697
1239918,DAIRY,A,198.90462085308056,116.0028655167259,58.32084997281716,335751.0,1587,7,506.40931032140946,1898.7416562929734,1580.0,7.943505752775122
1314409,GROCERY I,A,198.9022511848341,273.02589861736675,137.26636927987892,335747.0,1388,7,1191.891738215452,2584.2074965092906,2419.0,12.161752748349205
507641,DAIRY,A,198.86255924170615,94.44297620689005,47.49158241099571,335680.0,1921,7,412.2898363983651,1804.327751090308,1967.0,9.891253574833176
1071949,BEVERAGES,A,198.67061611374407,99.99455428545382,50.33182875327892,335356.0,1920,7,436.52519311509707,1827.2195059113055,2400.0,12.080296759264781
1228319,BEVERAGES,A,198.58945497630333,109.77142031508977,55.27555344174152,335219.0,1576,7,479.20600070651716,1869.3321855406405,1510.0,7.6036262860995345
177395,GROCERY I,A,198.406990521327,75.44816372125013,38.02696846668823,334911.0,1928,7,329.36817883680715,1718.217112486096,1954.0,9.848443317776962
1916577,BREAD/BAKERY,A,198.3649289099526,186.39947537964417,93.96795915686279,334840.0,844,7,813.724983006285,2202.2794853759533,1004.0,5.061378568868713
329071,GROCERY I,A,198.29443127962085,74.70116544351136,37.67184230109469,334721.0,1923,7,326.10716557686806,1714.168184534214,1536.0,7.746057164026159
1354380,GROCERY I,A,198.12736966824644,185.28103606955509,93.51612368336497,334439.0,1186,7,808.8424477591112,2195.734035436836,2087.0,10.533627956069717
1104725,BEVERAGES,A,198.00888625592418,89.97116524120362,45.437943186507766,334239.0,1913,7,392.7681918516236,1778.830395643093,791.0,3.99477020934122
698643,GROCERY I,A,197.9265402843602,110.31186432132637,55.73374048919453,334100.0,1881,7,481.56530342931194,1867.0510854198333,2541.0,12.838096378329842
459762,BREAD/BAKERY,A,197.79383886255926,87.74512549390785,44.361910360048775,333876.0,1920,7,383.0504383448056,1767.6073103827202,2018.0,10.202542261198767
851982,PERSONAL CARE,A,197.74822274881515,114.65977148652964,57.982706439882094,333799.0,1925,7,500.5460472158061,1884.7836064575122,1185.0,5.992468521475499
226857,GROCERY I,A,197.29917061611374,98.1880678058223,49.76608239112543,333041.0,1893,7,428.6389950614529,1809.733189374249,2517.0,12.757276131167034
210798,GROCERY I,A,197.0734597156398,105.08322063956386,53.321853075086814,332660.0,1925,7,458.73971348372595,1838.2539314932046,1090.0,5.5309324836169065
1672580,PRODUCE,A,196.8898104265403,181.08335189989194,91.9719265855326,332350.0,1170,7,790.5175009068311,2168.746173892613,2093.0,10.630311418685121
1076066,GROCERY I,A,196.83590047393366,71.91954867087438,36.53782084350941,332259.0,1892,7,313.9640463087802,1691.8153496263158,1917.0,9.739077045317057
268440,CLEANING,A,196.83412322274881,71.66096887819018,36.406781357262176,332256.0,1923,7,312.83521889669026,1690.674081455932,1819.0,9.241283829336416
212552,GROCERY I,A,196.68424170616115,72.05708235307415,36.63592046216123,332003.0,1920,7,314.56444817677294,1691.3541401199009,2283.0,11.607437282193233
1062374,MEATS,A,196.47040059241715,150.67048864038193,76.68864530538201,331642.03620000015,1919,7,657.7504607174045,2033.0432648643246,2986.0,15.19821810815428
1165988,GROCERY I,A,196.42950236966826,87.53542700960969,44.56327891360912,331573.0,1697,7,382.13500177920145,1757.1415183668794,1794.0,9.13304762450501
179274,GROCERY I,A,196.33530805687204,73.29265514587524,37.33034871376508,331414.0,1919,7,319.95832843194717,1694.3054848300515,1874.0,9.544895508337005
164036,GROCERY I,A,196.26599526066352,80.05694123336237,40.79002128057775,331297.0,1923,7,349.4877494261824,1723.349716250827,1841.0,9.380127197046757
1239870,POULTRY,A,195.80164040284382,129.0691326782194,65.91831019018613,330513.16900000034,1571,7,563.4499645522582,1934.0614473721648,1627.0,8.30942987327684
695758,SEAFOOD,A,195.79972464454963,73.32385188881646,37.448393771710826,330509.9351999998,1919,7,320.0945174907843,1690.6925900026317,2107.0,10.760995725734547
464334,GROCERY I,A,195.78436018957345,82.96517082411273,42.3757907647881,330484.0,1917,7,362.1835956429801,1732.6741169699944,2472.0,12.62613621234311
660323,BREAD/BAKERY,A,195.5722748815166,63.36608703026256,32.400342568317306,330126.0,1819,7,276.6239979316277,1645.6299221022439,2024.0,10.349115186322798
1306198,CLEANING,A,195.52251184834122,203.8432113587,104.2556222461037,330042.0,1340,7,889.87543211143,2258.5330150498185,1380.0,7.05801079862563
1913236,BEVERAGES,A,195.4277251184834,271.7568847190695,139.05748764885303,329882.0,694,7,1186.3518711599063,2554.34594698929,2676.0,13.693041754324273
1306197,CLEANING,A,194.9940758293839,143.23521803869315,73.45618959420143,329150.0,1342,7,625.2918637622165,1990.2503945679036,2540.0,13.026036761355005
1171140,DAIRY,A,194.96208530805688,74.97636644555564,38.4568960303674,329096.0,1670,7,327.3085527066102,1692.0431498630085,594.0,3.0467462381797406
870546,PERSONAL CARE,A,194.80805687203792,206.87704489109652,106.19532282845276,328836.0,1886,7,903.1196010371482,2266.7759991414136,1928.0,9.896921261662348
660502,GROCERY I,A,194.74822274881515,108.58246692041645,55.755305690499334,328735.0,1922,7,474.01563695197694,1837.253196193683,565.0,2.901181802971999
129297,GROCERY I,A,194.5936018957346,91.9969198719145,47.27643610873058,328474.0,1927,7,401.6116027522861,1763.7668160224284,2322.0,11.932560872397815
871421,BEVERAGES,A,194.56101895734596,111.38600111218742,57.24990633226834,328419.0,1923,7,486.2544364867395,1848.1815691881611,1862.0,9.570262378242429
361502,GROCERY I,A,194.51125592417063,98.62439134693949,50.70369366459069,328335.0,1923,7,430.54376097003546,1792.1225524392298,2405.0,12.364323023740996
355091,GROCERY I,A,194.49822274881515,159.48460645758135,81.99797623012105,328313.0,1889,7,696.2284009391142,2057.7159601808203,1913.0,9.835565451261449
1050142,BEVERAGES,A,194.45142180094786,172.73958770826238,88.83431455959678,328234.0,1876,7,754.0928845756218,2115.252837182257,1945.0,10.002498217734908
839367,BEVERAGES,A,194.24822274881515,79.26421704776145,40.80563308435466,327891.0,1923,7,346.02712018812815,1705.7646794298344,2277.0,11.722114971133701
2010329,GROCERY I,A,194.07049763033174,284.8355784971441,146.7691287316133,327591.0,812,7,1243.4467736569893,2601.9402570693114,2353.0,12.124460073689448
1695825,PRODUCE,A,193.9644404620855,123.01604518226547,63.42195759655832,327411.9755000003,1195,7,537.0252736578836,1894.776356892482,1669.0,8.60466999014823
865147,PERSONAL CARE,A,193.74111374407582,85.59247450963805,44.17878727728501,327035.0,1922,7,373.65306272437675,1729.8408589329074,1823.0,9.40946381885731
979196,CLEANING,A,193.62796208530807,75.42373377782363,38.95291411712201,326844.0,1920,7,329.2615301713048,1684.6572647684611,1798.0,9.285848906511974
1239854,POULTRY,A,193.60611966824595,84.58719929547011,43.690354127449396,326807.1299999992,1589,7,369.2645441681986,1724.5073818459202,1594.0,8.23321082376632
357961,EGGS,A,193.46445497630333,81.38011899068294,42.06463611139879,326568.0,1894,7,355.2640682484165,1709.5152530825399,2295.0,11.86264422723598
1165987,GROCERY I,A,193.0462085308057,147.92009192149942,76.6241891240743,325862.0,1693,7,645.7436322712681,1997.067091986908,2339.0,12.116270077517475
1920045,GROCERY I,A,193.0047393364929,153.36617311900457,79.4623871135202,325792.0,921,7,669.5184434442327,2020.5516187996827,1780.0,9.222571456634908
841614,CLEANING,A,192.97630331753555,83.56768789823724,43.30463712983953,325744.0,1927,7,364.8138777020062,1715.6480009247553,1724.0,8.933739378161992
1693653,PRODUCE,A,192.83649289099526,142.7915397420662,74.04798625060144,325508.0,1174,7,623.3549907444803,1973.2104409814472,2410.0,12.497634466741216
871600,GROCERY I,A,192.15817535545023,145.7011849374059,75.82356809326008,324363.0,1863,7,636.05701676848,1981.1642442566317,2622.0,13.645008832696702
1354712,GROCERY I,A,192.03080568720378,138.76453585765933,72.26160165348203,324148.0,1157,7,605.775146913208,1949.9907867236343,2456.0,12.789614620482002
1091366,GROCERY I,A,191.86729857819904,80.9525861792826,42.19196641593872,323872.0,1921,7,353.3976781795452,1696.4687682269384,853.0,4.445781049303429
583797,MEATS,A,191.4455909952606,84.58747236357162,44.18355728321038,323160.1575999999,1896,7,369.2657362441731,1709.3848732109973,1636.0,8.545508891037874
1464002,BEVERAGES,A,191.23578199052133,201.71723889259462,105.48090780552397,322806.0,1155,7,880.5945212862789,2219.244995219928,2447.0,12.795722508255732
1239807,DAIRY,A,191.2292654028436,83.62956848091162,43.732620268523,322795.0,1590,7,365.0840167460275,1703.6888745659326,2094.0,10.950206787589646
1147495,GROCERY I,A,191.20082938388626,116.15696869259938,60.75128913765512,322747.0,1772,7,507.08204614276013,1845.487851829964,1787.0,9.346193767873908
1463773,BEVERAGES,A,191.12263033175356,145.29017805548804,76.01934831228053,322615.0,1222,7,634.2627704739402,1972.1211827962152,825.0,4.31660028206996
1457176,HOME CARE,A,191.05450236966826,127.74590565772436,66.86359341092674,322500.0,1230,7,557.6734306721453,1895.0549472598232,2373.0,12.420539534883721
365139,GROCERY I,A,190.75236966824644,79.18567498224581,41.51228900587935,321990.0,1922,7,345.6842456129889,1680.950833290714,1787.0,9.368166713251965
1473483,PRODUCE,A,190.7458781398105,123.34010003584325,64.66200016413408,321979.0423000001,1198,7,538.4399317715056,1873.661078750179,2609.0,13.677884027919536
471985,DAIRY,A,190.66350710900474,74.13539309203892,38.88284350589166,321840.0,1892,7,323.63729222475877,1658.281841987792,1619.0,8.49139945314442
1693644,PRODUCE,A,190.44490521327015,147.14568049574834,77.26417271754627,321471.0,1193,7,642.3629471970439,1975.477283689935,2217.0,11.641162033278274
421066,GROCERY I,A,189.93127962085308,89.5201889289213,47.13293624284761,320604.0,1923,7,390.7994594219816,1720.3184167679533,2254.0,11.867450187770583
219147,BEVERAGES,A,189.87263033175356,87.57685376413576,46.12400092162717,320505.0,1914,7,382.3158498478673,1711.4242621701424,2155.0,11.349713733015086
329397,DAIRY,A,189.86966824644549,70.74953476859596,37.26215746938845,320500.0,1922,7,308.8563627125173,1637.9440404376355,1653.0,8.705971918876756
364834,GROCERY I,A,189.82760663507108,108.0156869192936,56.901990618754105,320429.0,1840,7,471.5413647157346,1800.334611161232,2622.0,13.812532573518627
1913257,CLEANING,A,189.79324644549763,180.5434844188389,95.12640085994052,320371.0,849,7,788.1607149987655,2116.713440117249,844.0,4.44694432392445
463598,CLEANING,A,189.7351895734597,76.99852887876682,40.58210237745873,320273.0,1927,7,336.1362819062194,1664.2826089204375,1224.0,6.451096408376604
651523,GROCERY I,A,189.58590047393366,137.04066395944614,72.28420658755053,320021.0,1924,7,598.2496019607798,1925.3509052783156,1828.0,9.642067239337418
1121515,CLEANING,A,189.46919431279622,115.8734614999516,61.15688722920053,319824.0,1836,7,505.8443984237973,1832.1287586133708,2544.0,13.426984841662915
355090,GROCERY I,A,189.13921800947867,95.54316666945516,50.51473072320043,319267.0,1920,7,417.09270649030657,1741.0672325566575,2054.0,10.85972555885826
736128,BREAD/BAKERY,A,189.09419431279622,63.514080216330164,33.5885934769982,319191.0,1926,7,277.27006065563825,1600.9294208452118,1850.0,9.783483870159246
1457175,HOME CARE,A,188.51125592417063,123.22944525138651,65.36980757316478,318207.0,1227,7,537.9568694537699,1857.5356609229643,1882.0,9.98348873532009
770456,GROCERY I,A,188.4739336492891,85.71573065300525,45.47882510506967,318144.0,1800,7,374.19113614417915,1693.5086716892029,2390.0,12.680798632065983
305079,GROCERY I,A,188.44609004739337,119.09808625336804,63.20008349518707,318097.0,1913,7,519.9214644527182,1839.0440947844718,2451.0,13.006372270093713
322095,CLEANING,A,188.27843601895734,90.21186493346546,47.914071755079924,317814.0,1880,7,393.8189638701417,1711.768016002843,1699.0,9.023869307204844
1920057,GROCERY I,A,188.25118483412322,160.7853134440593,85.40998750458577,317768.0,919,7,701.9066238435092,2019.6649176823717,905.0,4.807406661463709
1695991,PRODUCE,A,188.18009478672985,146.59260291306282,77.90016424383282,317648.0,1174,7,639.9484927268513,1957.2091562339604,2925.0,15.543620611494484
368213,DAIRY,A,188.1510663507109,62.44118544322084,33.18672950108684,317599.0,1914,7,272.58634961386747,1589.6438140688438,860.0,4.57079524809587
1391549,GROCERY I,A,188.0468009478673,215.66623135805472,114.68753005686303,317423.0,1142,7,941.4887037070888,2257.81631034216,2129.0,11.321649659917524
557810,GROCERY I,A,187.87736966824644,92.73599898900875,49.359855927705304,317137.0,1926,7,404.8380449982899,1719.979632676015,2259.0,12.023800439557668
1246784,GROCERY I,A,187.86137440758293,169.18834688201193,90.06020924500525,317110.0,1548,7,738.5899794568909,2053.6196003099712,1913.0,10.183040585285864
1118775,GROCERY I,A,187.60781990521326,161.72010805044542,86.2011552248476,316682.0,1875,7,705.9874600349558,2019.2421993714486,2723.0,14.514320359224712
1229028,PERSONAL CARE,A,187.59123222748815,222.3394054944966,118.52334613638553,316654.0,1443,7,970.6203764208368,2283.759002013254,1835.0,9.781907065756315
1146796,GROCERY I,A,186.96682464454977,102.36944664037533,54.75273318407907,315600.0,1840,7,446.89276114185395,1755.6605336537023,1448.0,7.744689480354879
1909752,BEVERAGES,A,186.84123222748815,190.0531758744757,101.71907646331344,315388.0,887,7,829.6751747491074,2137.5638003415247,2013.0,10.773853158649029
308726,GROCERY I,A,186.7654028436019,79.62669143127462,42.6346048138018,315260.0,1924,7,347.60949836255026,1654.9673182677636,1750.0,9.37004377339339
634009,MEATS,A,186.10192026066326,78.75910513654372,42.320415085577814,314140.0413999996,1924,7,343.8220593609194,1646.5355011855622,1489.0,8.000992133312947
849098,DAIRY,A,186.0995260663507,71.51219274975413,38.42685377084606,314136.0,1916,7,312.18573824586343,1614.8824207103182,2283.0,12.267629307051724
1239739,DAIRY,A,185.95971563981044,114.62626794118884,61.640376006602985,313900.0,1583,7,500.39978783493837,1802.1177973136114,1906.0,10.24953169799299
129758,GROCERY I,A,185.92476303317537,80.76587389229792,43.440084351693656,313841.0,1883,7,352.5825876207106,1654.0559288529382,2159.0,11.612224024267064
1143691,GROCERY I,A,185.91232227488152,123.39806449952829,66.37433333605371,313820.0,1609,7,538.6929750385589,1840.0792309627295,2236.0,12.027174813587406
1060036,BEVERAGES,A,185.68542654028437,133.660305907146,71.9821196512417,313437.0,1871,7,583.4926838253575,1883.290669607348,2051.0,11.045562585144701
1239817,DAIRY,A,185.65936018957345,95.01964557152614,51.17956103829254,313393.0,1593,7,414.8072805488007,1714.422801875815,1375.0,7.4060365100688275
1987709,GROCERY I,A,185.64691943127963,315.5051941619555,169.94905982199458,313372.0,545,7,1377.3346638177752,2676.8630998367325,2808.0,15.125486642073957
939130,DAIRY,A,185.42890995260663,87.83135452533143,47.36659162143598,313004.0,1855,7,383.4268702901579,1681.4292399584044,1455.0,7.846672885969508
522383,GROCERY I,A,185.22037914691944,75.83367523552292,40.94240363009438,312652.0,1917,7,331.0511253674314,1627.5937793958674,1850.0,9.988101787290661
583868,MEATS,A,185.1437057464455,75.50944705342995,40.78423662797385,312522.5753,1923,7,329.6357105899681,1625.6416508150867,1374.0,7.421262280888416
581742,GROCERY I,A,185.08234597156397,98.59163628407416,53.26906559700825,312419.0,1802,7,430.40076908167754,1725.9771908826253,2059.0,11.124777942442682
1695882,PRODUCE,A,185.0059870853081,155.970655417396,84.30573403307017,312290.1062000001,1170,7,680.8882839959953,1975.9301935931521,2415.0,13.053631604291915
129296,GROCERY I,A,184.88270142180096,69.12228544308255,37.38710269349829,312082.0,1923,7,301.7526226024472,1595.931532555054,2176.0,11.769624649931748
2027559,BEVERAGES,A,184.58353080568722,2538.028743686004,1375.002814502346,311577.0,264,7,11079.73824560932,12371.82296124913,13176.0,71.38231640974783
812726,CLEANING,A,184.3133886255924,99.03876427449777,53.7338958461024,311121.0,1918,7,432.3527017020245,1722.5464220811714,1471.0,7.980972033388939
805311,BEVERAGES,A,184.27310426540285,95.34406948455799,51.74063239703005,311053.0,1900,7,416.22354978765446,1706.1352796454744,854.0,4.634425644504312
214862,CLEANING,A,184.12322274881515,82.66801169347752,44.89819940109076,310800.0,1927,7,360.8863505298498,1649.7489097715559,2137.0,11.606357786357787
1695907,PRODUCE,A,183.98933039099512,146.35074625667394,79.54306151648275,310573.98969999974,1146,7,638.8926699933959,1926.8179827303618,2239.0,12.169183915403726
428054,GROCERY I,A,183.92831753554503,73.35560395900376,39.88271351681746,310471.0,1927,7,320.23313082497395,1607.7313535737894,1452.0,7.894379829356042
123347,DAIRY,A,183.86078199052133,70.7902908032792,38.50211558815664,310357.0,1868,7,309.0342827606423,1596.0597566942915,1762.0,9.583337897969113
314880,CLEANING,A,183.70142180094786,79.13772538193639,43.07953885500523,310088.0,1902,7,345.4749221284808,1631.3848747351158,705.0,3.8377492840741985
968935,"LIQUOR,WINE,BEER",A,183.50533175355451,129.812461240758,70.7404302644975,309757.0,1683,7,566.6949577084238,1851.2322799833055,2434.0,13.263919782280949
1328495,BEVERAGES,A,183.34063981042655,134.4712261834077,73.34501849805389,309479.0,1263,7,587.0327479091031,1870.417226582089,2718.0,14.824863722578915
830624,CLEANING,A,183.23637440758293,72.02329283225716,39.306220211524,309303.0,1919,7,314.41694037291995,1597.0715612260005,1749.0,9.545048059669645
1457338,HOME CARE,A,183.16528436018956,204.7565486331085,111.78785835336586,309183.0,1129,7,893.8625965419274,2176.019587063254,2938.0,16.04015744720764
209085,CLEANING,A,182.69609004739337,66.43574816209527,36.36407771226035,308391.0,1922,7,290.02457187234387,1568.8972022040973,857.0,4.690850251790746
939129,DAIRY,A,182.68542654028437,85.05501049933085,46.55818042528706,308373.0,1901,7,371.30676914300824,1650.1047549249988,1763.0,9.650468750506692
1164290,DAIRY,A,182.64277251184834,76.6643395470234,41.97501959298721,308301.0,1707,7,334.6773818329229,1613.1767894158613,1954.0,10.698479732469243
1464312,BEVERAGES,A,182.5100710900474,187.20262806299874,102.57112220981827,308077.0,941,7,817.2311377434862,2094.801635373818,2037.0,11.161027924836972
1726009,PRODUCE,A,182.4490521327014,132.97545889953608,72.88361180567739,307974.0,1175,7,580.5029912927242,1857.646356221634,1520.0,8.331092884464274
514597,GROCERY I,A,182.3595971563981,79.93511845762396,43.83378758457595,307823.0,1920,7,348.9559333579472,1625.4731134527337,1299.0,7.123288383259211
376427,EGGS,A,182.06694312796208,73.92337364142956,40.602303950077314,307329.0,1926,7,322.71172350471426,1597.1803254004487,1603.0,8.80445385889389
1057498,CLEANING,A,182.01836492890996,69.01085873856874,37.91422847113366,307247.0,1889,7,301.26619047568147,1575.3947449780512,1714.0,9.416632220981816
358100,GROCERY I,A,181.99170616113744,68.30370675597922,37.531219524642715,307202.0,1921,7,298.17912580533556,1572.1210689332977,1550.0,8.516871634950293
1473415,PRODUCE,A,181.83945497630333,124.88604918676322,68.67929141287732,306945.0,1194,7,545.1887568097669,1818.06494164389,2526.0,13.89137467624493
557305,DELI,A,181.82701421800948,84.25468041178486,46.337823218481724,306924.0,1897,7,367.812936418633,1640.6020359446993,1740.0,9.569535129217657
771156,CLEANING,A,181.79265402843603,88.79524922414714,48.84424494416467,306866.0,1922,7,387.63474263430567,1660.1833208333578,1889.0,10.390958920180143
1146803,GROCERY I,A,181.73163507109004,77.0874868213678,42.41830916846845,306763.0,1839,7,336.52462688510855,1608.6460723827388,560.0,3.081466800103011
422452,GROCERY I,A,181.39514218009478,69.11773575768224,38.103410558293774,306195.0,1929,7,301.73276099786113,1571.4987562585245,1803.0,9.939626708470094
692104,CLEANING,A,180.98578199052133,99.47201174114613,54.9612299083006,305504.0,1914,7,434.24403903931005,1701.1445129729593,2230.0,12.321409866973918
916887,CLEANING,A,180.97334123222748,83.4263720508655,46.09870795489797,305483.0,1819,7,364.19696483105054,1631.0103534566429,1486.0,8.211154139510219
1047702,BEVERAGES,A,180.86315165876778,80.22679959454915,44.3577361440168,305297.0,1886,7,350.2292643461611,1616.2713259575355,1446.0,7.9949950376191055
1455482,BEVERAGES,A,180.85485781990522,149.67459708547398,82.75951162700841,305283.0,1197,7,653.4029064287292,1919.3869111680658,2418.0,13.369837167480664
1550461,PRODUCE,A,180.76893175355445,154.90758475705715,85.69369927363705,305137.9567999999,1112,7,676.2474600169747,1941.6299822918559,1647.0,9.111078900689554
172184,GROCERY I,A,179.95556872037915,72.19402113770508,40.11769218983299,303765.0,1921,7,315.16225302557814,1574.851234068232,739.0,4.106569222919033
1148812,BEVERAGES,A,179.7334123222749,127.02394791863813,70.67353046793275,303390.0,1707,7,554.5217316248562,1812.6556178807805,1721.0,9.575292527769538
740714,CLEANING,A,179.65758293838863,68.36859442434893,38.05494502717155,303262.0,1924,7,298.4623922508763,1556.0654728195966,1517.0,8.443840639447078
574898,CLEANING,A,179.51718009478674,71.32105549714711,39.72937601821114,303025.0,1921,7,311.35133054534424,1567.9715912088514,1649.0,9.185750350631135
1686650,PRODUCE,A,179.39691943127963,129.1696796500082,72.00217264571722,302822.0,1195,7,563.8889013182738,1819.6673373372312,2445.0,13.62899657224376
679926,EGGS,A,179.26599526066352,64.14601750908908,35.782590789634654,302601.0,1919,7,280.0287763750036,1534.8907431996483,909.0,5.070677228429516
1239846,DAIRY,A,179.15580568720378,96.12077714499851,53.6520582050353,302415.0,1563,7,419.6142590506798,1673.7048988611061,565.0,3.1536795463188003
1028589,"LIQUOR,WINE,BEER",A,178.87322274881515,186.86222480837762,104.46629290667006,301938.0,1649,7,815.7451108540988,2067.8576700958047,1856.0,10.376063960150761
1673297,PRODUCE,A,178.58353080568722,140.19790257593885,78.50550492726292,301449.0,1190,7,612.0324945055133,1862.117210145324,2026.0,11.344831132297667
1047758,BEVERAGES,A,178.53436018957345,84.2941195354337,47.21450786612029,301366.0,1898,7,367.98510750524986,1617.7256288322642,2313.0,12.955489338545158
664545,PERSONAL CARE,A,177.95675355450237,90.16894925038613,50.66902348427609,300391.0,1923,7,393.6316158992673,1639.3288907807837,1145.0,6.434147494432256
2010916,GROCERY I,A,177.87203791469193,199.74974778373698,112.29969034229971,300248.0,814,7,872.0054591880116,2117.109724590855,2524.0,14.189976286270017
933780,GROCERY I,A,177.66350710900474,142.9968157380155,80.48744396916602,299896.0,1918,7,624.2511209829117,1867.895670745945,1563.0,8.797529810334249
226126,CLEANING,A,177.6190758293839,66.53527395810586,37.45953166765593,299821.0,1924,7,290.45905070605545,1533.7925815117426,1506.0,8.478819028687116
819933,BEVERAGES,A,177.6042654028436,193.71077776448874,109.06876438193206,299796.0,777,7,845.6423979922671,2088.872255812172,3106.0,17.488318723398578
999546,CLEANING,A,177.50236966824644,62.470500956363544,35.194178575261546,299624.0,1919,7,272.714326183465,1515.23091386119,1562.0,8.799882519424346
598414,GROCERY I,A,177.43601895734596,67.19213504509592,37.8683738735416,299512.0,1927,7,293.32657099150606,1535.3787036929277,1555.0,8.763722321643206
464356,GROCERY I,A,177.2968009478673,74.9954879494332,42.299402780248144,299277.0,1920,7,327.39202743413364,1568.4696340692049,2322.0,13.096683006044568
1968390,DAIRY,A,177.1042654028436,182.44252924018215,103.0141926989709,298952.0,812,7,796.4509755364005,2036.1808333563058,2127.0,12.009874494902192
805321,GROCERY I,A,176.80331753554503,86.01405008322688,48.649567939207,298444.0,1912,7,375.49344653316024,1613.1166692819756,630.0,3.5632815536583076
1463609,BEVERAGES,A,176.7031990521327,108.8104402517137,61.57808168465099,298275.0,1220,7,475.0108521732533,1711.9332455381823,1627.0,9.207529963959434
575675,GROCERY I,A,176.6777251184834,69.70148563700145,39.45120166690981,298232.0,1917,7,304.2811150619564,1541.0251908913401,1838.0,10.403122401351968
1958245,BEVERAGES,A,176.60130331753555,251.0239621410068,142.14162490616312,298103.0,847,7,1095.8425119562748,2332.051635179024,2053.0,11.625055769314633
215356,GROCERY I,A,176.44964454976304,76.29000456801937,43.23613389116449,297847.0,1928,7,333.04322635148543,1568.1907381998267,2048.0,11.606710828042585
1958166,BEVERAGES,A,176.44609004739337,201.73560924255042,114.33271725565825,297841.0,847,7,880.6747168591213,2115.797347190875,1533.0,8.688206123401413
849312,DAIRY,A,176.3702606635071,66.7126082190737,37.82531588267775,297713.0,1923,7,291.23320158925185,1525.8250262338017,1308.0,7.416216288841938
1463509,BEVERAGES,A,176.3015402843602,188.24732724981263,106.77577005066708,297597.0,1092,7,821.7917612447347,2055.902543235256,2342.0,13.284058643064279
557285,DELI,A,176.29443127962085,74.20914431627868,42.09386750201738,297585.0,1924,7,323.95925243182995,1558.020271389176,1697.0,9.625942167783995
1145597,BEVERAGES,A,176.26718009478674,99.69013110293447,56.55626365006046,297539.0,1821,7,435.19623685855316,1669.0664975220604,2117.0,12.010176817156742
360313,BREAD/BAKERY,A,176.010663507109,75.05953519768987,42.64487940792192,297106.0,1863,7,327.67162503435816,1559.7462695841211,1697.0,9.641461296641603
1173853,GROCERY I,A,175.93601895734596,96.44176848361974,54.81638669282447,296980.0,1643,7,421.01554342142566,1652.5676761228474,1953.0,11.10062630480167
838400,DAIRY,A,175.88862559241707,63.1757148236289,35.91802176567383,296900.0,1918,7,275.7929300313971,1507.0133091783164,916.0,5.207841023913775
830797,GROCERY I,A,175.28317535545023,58.886059190493334,33.59481540146707,295878.0,1926,7,257.06648270601346,1484.048710194165,1664.0,9.493210039272943
953427,DAIRY,A,175.21919431279622,64.43360045012992,36.77314046719387,295770.0,1914,7,281.2842167314463,1507.81857692102,1164.0,6.6431078202657465
1430041,BEVERAGES,A,175.18127962085308,167.71717455143192,95.73921078463647,295706.0,995,7,732.1675918548747,1958.4365492008462,1864.0,10.640406349549892
158680,EGGS,A,175.14336492890996,64.45061114009808,36.798774059330384,295642.0,1924,7,281.3584767226672,1507.3620312250368,1456.0,8.313189600936267
208386,EGGS,A,174.97156398104266,62.74839881203847,35.86205517305484,295352.0,1922,7,273.92748639985507,1498.7284342671537,1744.0,9.967333893117365
1246785,GROCERY I,A,174.8957345971564,186.23731110268056,106.48476449791507,295224.0,1541,7,813.0170565314509,2037.2871987115457,2191.0,12.527463891824512
358264,GROCERY I,A,174.79561611374407,75.93992559549771,43.44498293714736,295055.0,1923,7,331.51496021561866,1555.0842730118272,2192.0,12.54036027181373
819230,MEATS,A,174.5982737559238,76.45810564911226,43.790871469895144,294721.88609999936,1888,7,333.77706988337866,1555.9649861748453,1541.0,8.825975004507836
378330,GROCERY I,A,174.51421800947867,75.41125273945688,43.21209675612846,294580.0,1923,7,329.20704432732805,1550.8065703936788,2079.0,11.913069454817029
1102976,BEVERAGES,A,174.44372037914692,132.32817127729933,75.85722833111389,294461.0,1892,7,577.6772638686958,1798.7833065227242,610.0,3.4968298008904406
302998,GROCERY I,A,174.36729857819904,77.57804470996852,44.491166257976325,294332.0,1919,7,338.66615227702397,1559.2372423244171,2240.0,12.84644551051194
619969,GROCERY I,A,174.21741706161137,75.84963482745859,43.53734322707507,294079.0,1918,7,331.1207968010563,1550.642716232336,1781.0,10.222858483604746
1081359,GROCERY I,A,174.1984597156398,90.61477855452297,52.0181284624685,294047.0,1920,7,395.57787911805354,1614.9670971275323,1121.0,6.435188932381558
115891,GROCERY I,A,174.1208530805687,72.40372557214533,41.582455111590164,293916.0,1921,7,316.07771556646617,1534.9236871304472,1637.0,9.401516079424054
1080756,GROCERY I,A,174.07523696682463,117.19235880324469,67.32282020421967,293839.0,1914,7,511.6020309682203,1730.1286897359928,2552.0,14.6603275943629
255161,GROCERY I,A,174.0165876777251,96.47180552410893,55.438281379688114,293740.0,1918,7,421.14666981119603,1639.2627835552719,1647.0,9.464614965615851
252970,CLEANING,A,173.90580568720378,76.52604359075953,44.00430640504512,293553.0,1860,7,334.07365226538275,1551.414292075809,1642.0,9.44189294607788
765517,GROCERY I,A,173.85189573459715,88.8497441621609,51.10657193971541,293462.0,1922,7,387.8726397229046,1604.8359098650847,1997.0,11.486788749480342
508947,DAIRY,A,173.8181279620853,75.37421075843554,43.363837617027386,293405.0,1918,7,329.0453379420728,1545.7722336766699,1665.0,9.57897786336293
1948483,BEVERAGES,A,173.81398104265404,254.37344624033398,146.34809277966576,293398.0,743,7,1110.46465016913,2327.1625174677083,2730.0,15.706446533377868
622958,GROCERY I,A,173.61611374407582,73.21287932010075,42.169403370025,293064.0,1892,7,319.61006788915086,1534.9228640976817,1595.0,9.186935276936097
464302,GROCERY I,A,173.49289099526067,102.46171500038434,59.05816337061517,292856.0,1922,7,447.29555771371895,1661.7457946805434,1698.0,9.787144535198186
1322479,GROCERY I,A,173.45912322274881,92.65459585663362,53.415810097028185,292799.0,1299,7,404.4826804653495,1618.6965430245914,2322.0,13.386439161335934
1089844,BREAD/BAKERY,A,173.33649289099526,70.32998185366237,40.57424993471527,292592.0,1916,7,307.02480879918556,1520.3802590361524,1667.0,9.617132389128889
507457,FROZEN FOODS,A,173.3127962085308,84.63872131171742,48.835817760322605,292552.0,1924,7,369.48946299755636,1582.6790364572719,667.0,3.84853291038858
454416,GROCERY I,A,173.1972748815166,136.3118426434526,78.70322598129957,292357.0,1890,7,595.067940039449,1807.4488642100653,1950.0,11.25883765396416
683721,GROCERY I,A,173.18601895734596,80.68484534152172,46.58854440287909,292338.0,1923,7,352.2288583198685,1564.5309910212902,1418.0,8.187727904001532
1695831,PRODUCE,A,172.95574087677744,249.14161565350093,144.04934718588046,291949.2906000003,1019,7,1087.6251478224008,2298.315333959843,2829.0,16.356785762986178
1696022,PRODUCE,A,172.93483412322274,163.91640760194733,94.78507232681102,291914.0,1039,7,715.5753830244524,1926.1192218870115,1598.0,9.240474934398488
360704,GROCERY I,A,172.76244075829385,88.670191828137,51.32492423639262,291623.0,1919,7,387.0888058647097,1596.4258911727666,1842.0,10.662039688227608
1109235,FROZEN FOODS,A,172.50446800947893,769.5718366836487,446.1170458734794,291187.5420000004,1716,7,3359.557898175845,4567.089174242197,4989.0,28.920990033289225
322094,CLEANING,A,172.18364928909952,78.10008206334639,45.35859379552057,290646.0,1914,7,340.9451009470289,1546.2306459707256,1960.0,11.383194676685727
214860,CLEANING,A,172.15343601895734,99.0727107539356,57.549075432352005,290595.0,1917,7,432.50089470711436,1637.5749468398158,1500.0,8.713157487224489
1354383,GROCERY I,A,171.93424170616115,183.9445436973648,106.98540434530166,290225.0,1168,7,803.0080041232933,2006.5476960664214,2206.0,12.830486691360152
913967,GROCERY I,A,171.8957345971564,78.60658841662332,45.72922568488426,290160.0,1918,7,343.15624919663304,1546.426391376728,1396.0,8.121202095395644
1428331,BEVERAGES,A,171.42002369668248,136.73360420207675,79.76524635419415,289357.0,1297,7,596.9091357639818,1796.8493016407592,2101.0,12.256444461340143
468057,DELI,A,171.33767772511848,73.71363578162166,43.02243193693939,289218.0,1919,7,321.7961150457293,1521.1598591215586,2165.0,12.635866370696153
1371618,PERSONAL CARE,A,171.3133886255924,151.60038148026172,88.49301429182881,289177.0,1160,7,661.809898297836,1861.003618676983,1375.0,8.02622615214903
871511,BREAD/BAKERY,A,171.12322274881515,49.71167875318205,29.050223549232594,288856.0,1821,7,217.01581974014772,1414.8783789818538,1516.0,8.859113191347939
252972,CLEANING,A,170.85071090047393,76.88891237774425,45.00356596264591,288396.0,1846,7,335.657752204083,1531.6127285074003,1805.0,10.564778984451934
418026,DELI,A,170.74170616113744,69.41632157213294,40.65575021642417,288212.0,1922,7,303.03623428444075,1498.2281774124028,1528.0,8.949190179451238
1105210,GROCERY I,A,170.71090047393366,76.40546319784757,44.75722580440265,288160.0,1806,7,333.54725980653416,1528.5235631240698,2102.0,12.313214880621876
911871,CLEANING,A,170.70616113744074,88.04931813832172,51.57946119321992,288152.0,1905,7,384.3783881896331,1579.3215161517185,1659.0,9.718454149199035
579759,GROCERY I,A,170.70142180094786,122.42079796298836,71.7163317513203,288144.0,1446,7,534.4267280750472,1729.336680681682,2386.0,13.977622299961132
913102,BEVERAGES,A,170.47630331753555,362.35055328964404,212.55185984102218,287764.0,1033,7,1581.8375948612418,2775.1717180839905,2558.0,15.005018000861817
679442,BEVERAGES,A,170.44549763033174,249.57251903444003,146.42365008415874,287712.0,1832,7,1089.5062520777526,2282.6247354900747,3146.0,18.45751306862418
999545,CLEANING,A,170.28554502369667,60.79826850765451,35.70371665968119,287442.0,1922,7,265.4142127140635,1457.4130278799403,647.0,3.7995004209544887
841570,GROCERY I,A,170.27843601895734,85.95043826335299,50.476408095376215,287430.0,1914,7,375.2157497910398,1567.1648019237412,797.0,4.68056918206172
938575,GROCERY I,A,169.9170616113744,128.4137481592331,75.57436960211473,286820.0,1923,7,560.5888902091651,1750.008321488786,2317.0,13.636064430653372
1159597,CLEANING,A,169.88329383886256,167.8119303171279,98.78071382127816,286763.0,1508,7,732.5812471705543,1921.7643040425924,2373.0,13.968412940302619
1229025,PERSONAL CARE,A,169.86374407582937,147.86448327028268,87.04887795495316,286730.0,1518,7,645.5008732791937,1834.5470818099993,2548.0,15.000258082516654
617103,EGGS,A,169.52488151658767,60.68379390680839,35.79639364081821,286158.0,1918,7,264.91447502736435,1451.5886456434782,2156.0,12.717897105794702
213066,GROCERY I,A,169.34656398104266,57.76982125065938,34.11337076619185,285857.0,1924,7,252.19355751793353,1437.619505385232,1277.0,7.540749395676859
759894,PERSONAL CARE,A,168.9952606635071,86.22541573130499,51.022386895802775,285264.0,1916,7,376.4161610850128,1559.3829857295627,1602.0,9.479555779909136
258411,FROZEN FOODS,A,168.91469194312796,71.28216847668475,42.20009974069325,285128.0,1919,7,311.1815696594809,1493.5844132613765,1268.0,7.5067478465811845
1346628,CLEANING,A,168.8477488151659,128.61031095951088,76.16939631235351,285015.0,1364,7,561.4469830819585,1743.3812247881197,1867.0,11.057298738662876
1062926,BEVERAGES,A,168.81398104265404,89.77849599027367,53.1819079413745,284958.0,1892,7,391.9270962282616,1573.62496352684,1680.0,9.951782367927905
317285,GROCERY II,A,168.65284360189574,67.34749662997852,39.932618502983544,284686.0,1909,7,294.0048003843782,1474.5747055976485,1517.0,8.99480831512614
302997,GROCERY I,A,168.63803317535545,98.18340400794146,58.22138823562244,284661.0,1928,7,428.6186353000126,1609.0848675275006,1865.0,11.059189702839518
781798,FROZEN FOODS,A,168.5977488151659,67.15404017455771,39.8309233939884,284593.0,1920,7,293.1602682279484,1473.3445099341095,1398.0,8.291925662261544
567779,DELI,A,168.55805687203792,72.33634470571586,42.914795084895005,284526.0,1926,7,315.78356509056704,1495.6899631948324,721.0,4.277457947604085
1464208,BEVERAGES,A,168.47156398104266,118.49818431342914,70.33720202583457,284380.0,1220,7,517.3025987349473,1696.6035466022458,2472.0,14.673099374076939
365264,CLEANING,A,168.16587677725119,62.619399540122934,37.23668602701558,283864.0,1913,7,273.36434141174016,1450.5254788524985,1938.0,11.524335597328298
1117661,BEVERAGES,A,167.90462085308056,68.18128767585252,40.60715382902554,283423.0,1884,7,297.644706576457,1472.9770525480208,1864.0,11.10154080649771
828632,DELI,A,167.73815165876778,59.21401098684265,35.30145670574849,283142.0,1921,7,258.49815288302284,1432.6652144943973,1549.0,9.234631386371502
872317,GROCERY I,A,167.47571090047393,119.17431601595197,71.15916414098633,282699.0,1920,7,520.2542446933107,1692.5842209966281,2018.0,12.049508487826275
257848,BEVERAGES,A,167.45438388625593,146.4752741647065,87.47174649318254,282663.0,1925,7,639.436295288699,1811.6169824924905,1029.0,6.1449570690185835
881701,GROCERY I,A,167.35130331753555,78.05515187850236,46.641496260354195,282489.0,1911,7,340.748958689524,1512.208081912273,2125.0,12.697839561894444
724359,PREPARED FOODS,A,167.32523696682463,67.99061046064305,40.63380497355786,282445.0,1757,7,296.81230716444156,1468.088965932214,1565.0,9.353042185204199
586969,GROCERY I,A,167.24052132701422,100.3250576632217,59.988486562446674,282302.0,1796,7,437.9680021944141,1608.6516514835137,1412.0,8.442929911938279
881912,GROCERY I,A,167.1818720379147,79.0255254397136,47.26919520424537,282203.0,1826,7,344.9851144404892,1515.2582187058922,1257.0,7.518757773659386
164088,DAIRY,A,167.04265402843603,56.48715987168793,33.81600956967075,281968.0,1922,7,246.5941125265752,1415.8926907256273,2043.0,12.230409124439651
675524,PREPARED FOODS,A,167.02191943127963,64.62429005966055,38.692101180318375,281933.0,1757,7,282.11667025074274,1451.2701062697001,1555.0,9.310155249651512
1082042,GROCERY I,A,166.74466824644549,159.97641640053098,95.94094856699637,281465.0,1815,7,698.3753921613475,1865.5880698864657,2019.0,12.108333185298351
839545,DAIRY,A,166.69609004739337,61.545644758563775,36.920868834455405,281383.0,1913,7,268.67687601197133,1435.5495063437247,1957.0,11.739927429873163
1047717,BEVERAGES,A,166.38270142180096,111.98307467825205,67.3045176699956,280854.0,1896,7,488.86095496759833,1653.5398649202052,1451.0,8.720858524357851
1473396,PRODUCE,A,165.80544496445523,114.44926738566173,69.02624181624249,279879.5911000004,1198,7,499.62709373939407,1660.2652084905806,1682.0,10.144419565718009
843462,DELI,A,165.70853080568722,72.08788768639994,43.502822296416035,279716.0,1919,7,314.6989285409798,1474.6586441807904,1470.0,8.87099772626521
1968452,DAIRY,A,165.5521327014218,167.07930242017588,100.92247058001263,279452.0,812,7,729.382967659397,1888.2478965693495,1659.0,10.021012553139716
892076,GROCERY I,A,165.54028436018956,70.07081914678713,42.32856033660307,279432.0,1910,7,305.89343668122007,1464.6754272025469,1726.0,10.426465114947465
559872,GROCERY I,A,165.4170616113744,91.68423789777358,55.426107201186795,279224.0,1921,7,400.2465928262872,1558.166024105908,694.0,4.19545597799616
1473485,PRODUCE,A,165.377733412322,110.3152307955461,66.70500829788656,279157.61399999954,1197,7,481.5799997377198,1639.2241336239738,953.0,5.7625653728363035
594045,BREAD/BAKERY,A,165.30864928909952,81.36265130350361,49.21862930548346,279041.0,1917,7,355.1878132405941,1512.3483582642907,1843.0,11.148841926455253
1695844,PRODUCE,A,165.16528436018956,93.64733386057932,56.69916303740613,278799.0,1196,7,408.81646795989644,1564.9734584812234,1502.0,9.093920709902116
318787,GROCERY I,A,165.16409952606634,98.40949520105683,59.58286061162206,278797.0,1915,7,429.6056340665111,1585.7543307489755,1322.0,8.004160733436875
584099,MEATS,A,164.8900966824645,84.10936042006016,51.00934629326645,278334.4832000001,1912,7,367.17854349689424,1521.4092202741458,2125.0,12.887371908648936
1097187,GROCERY I,A,164.75177725118485,99.57457042074981,60.439147960714145,278101.0,1796,7,434.6917578949972,1587.954198653291,1930.0,11.714592899701906
305344,GROCERY I,A,164.62381516587678,108.22165901379458,65.73876258714405,277885.0,1912,7,472.4405337651979,1624.8072399263353,1511.0,9.17850189826727
567778,DELI,A,164.54739336492892,76.36423457643576,46.40865650607856,277756.0,1921,7,333.3672766859306,1485.199030240433,659.0,4.004925186134592
368419,DELI,A,164.52665876777252,64.35829436701276,39.11724388559653,277721.0,1917,7,280.95546880401804,1432.6420801784257,1181.0,7.178168017542785
358515,GROCERY I,A,164.49229857819904,68.46238778070273,41.62042136468532,277663.0,1920,7,298.87184617852097,1450.3179362259143,2171.0,13.198186290575267
759651,PERSONAL CARE,A,164.4537914691943,92.87444747071629,56.4744945318659,277598.0,1880,7,405.4424404140776,1556.6189806984376,1813.0,11.024373374447944
1102970,BEVERAGES,A,164.22689573459715,108.83067656997154,66.26848548964233,277215.0,1828,7,475.0991936114302,1624.6874637536102,1298.0,7.903699294771207
732006,DELI,A,163.99822274881515,67.982882531793,41.45342638006372,276829.0,1928,7,296.77857097092823,1444.7661302126344,1272.0,7.756181613920507
208498,CLEANING,A,163.91232227488152,92.30054544134985,56.310925353471305,276684.0,1925,7,402.93707703715654,1550.3233329613272,1311.0,7.998178427375635
575863,GROCERY I,A,163.82168246445497,62.70568861113479,38.27679441928591,276531.0,1921,7,273.74103545929444,1420.492812710479,1961.0,11.970332440124254
633997,MEATS,A,163.80870841232215,116.6026228956263,71.18218806910215,276509.0997999998,1912,7,509.027544959461,1655.688503845716,1987.0,12.130002240164982
1686668,PRODUCE,A,163.64277251184834,119.99934324764985,73.33005998719648,276229.0,1174,7,523.855892545193,1669.3553001281314,1838.0,11.23178232553425
1022053,BEVERAGES,A,163.54739336492892,95.4449404997083,58.359193953485224,276068.0,1859,7,416.66390116161534,1561.4956547161178,1724.0,10.54128692930727
849941,MEATS,A,163.5071102488155,85.7426106920214,52.439683241629886,276000.00210000057,1918,7,374.3084806766521,1518.8582524183607,1855.0,11.34507237744689
681606,DAIRY,A,163.35663507109004,68.99837775134412,42.23787893360878,275746.0,1920,7,301.21170485496515,1444.7081503525953,1604.0,9.819007347341394
886396,GROCERY I,A,163.0627962085308,81.5415802616769,50.00624431669777,275250.0,1907,7,355.9689257579568,1497.4084992176724,1860.0,11.406648501362397
153395,BREAD/BAKERY,A,163.03969194312796,71.22195210499683,43.683811749252264,275211.0,1925,7,310.9186957113185,1452.196539313214,1876.0,11.506400543582924
1696014,PRODUCE,A,162.9851895734597,145.93362022366495,89.53796391290548,275119.0,1027,7,637.0717106080199,1777.968037622238,1782.0,10.933508772567508
517906,DELI,A,162.74703791469193,66.59797612780493,40.92116021350507,274717.0,1924,7,290.7327763797405,1429.962041782584,759.0,4.663679350022023
1346625,CLEANING,A,162.364336492891,108.61338345338879,66.89485252701682,274071.0,1365,7,474.15060275709146,1610.7009582073285,2024.0,12.465791710907027
1178691,CLEANING,A,162.1404028436019,88.29332914878901,54.45485986238444,273693.0,1641,7,385.4436157335489,1520.426435638762,1856.0,11.446869302466633
1464076,BEVERAGES,A,162.103672985782,91.22999633819965,56.27879656138413,273631.0,1223,7,398.2636059933458,1532.9893168938197,1770.0,10.918938278192163
407608,CLEANING,A,162.07760663507108,70.8165318432693,43.692977280148035,273587.0,1918,7,309.1488377494722,1443.6920841949698,1227.0,7.570447426230048
871514,BREAD/BAKERY,A,161.95260663507108,55.93147701588194,34.535706573659986,273376.0,1783,7,244.16828476350528,1377.8365312090027,1340.0,8.274025517967928
1707160,PRODUCE,A,161.8690379146919,121.4407521843361,75.02407733363914,273234.9359999999,1198,7,530.1483483588225,1663.2316137616658,1384.0,8.550121862893846
2011054,FROZEN FOODS,A,161.85019194312824,1736.136813217761,1072.681343391804,273203.1240000005,714,7,7579.087312101346,8712.038655703243,4061.0,25.091104009484123
796394,CLEANING,A,161.48222748815166,62.952434329191476,38.98412556503189,272582.0,1920,7,274.81820134092374,1405.1937937579853,1450.0,8.979316315824228
813769,PREPARED FOODS,A,161.4472748815166,72.14236848816294,44.68478550728528,272523.0,1754,7,314.9367639179222,1445.0676880885385,1354.0,8.386638925888823
996606,MEATS,A,161.25841125592393,61.84568754953199,38.351914215116665,272204.1981999996,1914,7,269.98670971447774,1398.7955885059453,1394.0,8.644510318210086
1981607,GROCERY I,A,161.12440758293837,817.1390470224628,507.1478984969069,271978.0,570,7,3567.2120632198894,4695.082916300458,4711.0,29.238276625315287
115693,GROCERY I,A,161.0829383886256,80.8421663581432,50.1866722614067,271908.0,1924,7,352.91564159174254,1480.4962103121218,451.0,2.799799932330053
953562,GROCERY I,A,161.07168246445497,56.04222337936649,34.79334326301198,271889.0,1923,7,244.65174686854033,1372.153524119725,1245.0,7.729477838382576
700609,FROZEN FOODS,A,160.99940758293837,76.58618997757354,47.56923713406857,271767.0,1919,7,334.33622069530156,1461.3320737758702,736.0,4.571445392560539
1457251,HOME CARE,A,160.96090047393366,103.69867773949456,64.42476243246895,271702.0,1227,7,452.69550576513814,1579.421809082674,1896.0,11.779258157834686
1321497,BREAD/BAKERY,A,160.8021327014218,97.74227221721615,60.78418897509555,271434.0,1313,7,426.69287902746737,1552.30780793742,1561.0,9.707582690451453
417835,GROCERY I,A,160.6990521327014,237.76218761903868,147.95494090574996,271260.0,1926,7,1037.9483723641838,2162.8417372930935,2331.0,14.50537491705375
1114761,DAIRY,A,160.39336492890996,61.691666534182545,38.46272977783446,270744.0,1841,7,269.31433256404546,1392.067887066415,933.0,5.816948852052123
1457359,HOME CARE,A,160.36789099526067,102.39428567046528,63.84961792226308,270701.0,1227,7,447.001195670957,1569.5764326377816,796.0,4.963587131189024
1473405,PRODUCE,A,160.1883886255924,88.08159497668744,54.98625445478458,270398.0,1198,7,384.5192923938812,1505.8380127730281,2126.0,13.271873312672431
852620,CLEANING,A,160.0515402843602,108.34121730365928,67.69145558435223,270167.0,1919,7,472.96246424375886,1593.32324623428,2058.0,12.858357978583618
841583,GROCERY I,A,160.010663507109,74.26296951582758,46.411262779701055,270098.0,1889,7,324.1942257840834,1444.2688703338463,1288.0,8.049463528052781
853195,CLEANING,A,159.91824644549763,84.0313933240163,52.54646995685722,269942.0,1924,7,366.83817894504074,1486.2659040635242,1455.0,9.098398915322552
402299,BREAD/BAKERY,A,159.8850710900474,127.38737142477656,79.67433767035816,269886.0,1911,7,556.108253184288,1675.30375081462,1822.0,11.395685585765841
164037,GROCERY I,A,159.83234597156397,67.3862898552096,42.16060863374827,269797.0,1919,7,294.17415180812884,1413.0005736090766,1837.0,11.493293105557141
1473401,PRODUCE,A,159.62817399289082,140.5258989781079,88.03326847826145,269452.3576999997,1193,7,613.4643594087677,1730.8615773590034,1760.0,11.02562258262995
936341,GROCERY I,A,159.5977488151659,73.37286005441186,45.973618424522265,269401.0,1918,7,320.3084621311062,1437.4927038372673,2111.0,13.227003611716363
313641,GROCERY I,A,159.57523696682463,77.06823457730775,48.29586096327094,269363.0,1913,7,336.4405814126699,1453.4672401804423,1164.0,7.294364853376299
1160882,GROCERY I,A,159.34834123222748,103.23888943194137,64.78817955279837,268980.0,1743,7,450.68830466122847,1566.1266932868207,1309.0,8.214707413190572
119024,CLEANING,A,159.1872037914692,68.0304235758247,42.736113177126136,268708.0,1921,7,296.9861109072291,1411.2965374475134,1287.0,8.084820697560177
1695966,PRODUCE,A,159.10778590047386,202.5215350377752,127.28574776627073,268573.9425999999,1132,7,884.1056677942618,1997.8601690975788,2558.0,16.077151633547945
2026801,GROCERY I,A,159.01421800947867,174.3533294396958,109.6463773002379,268416.0,814,7,761.1376574233602,1874.237183489711,994.0,6.2510133524082026
114778,GROCERY I,A,158.86196682464455,88.46410761425308,55.68614652234651,268159.0,1856,7,386.18914735923903,1498.222915131751,1586.0,9.983509783374789
900196,DAIRY,A,158.47156398104266,95.61753317593103,60.33734429942862,267500.0,1911,7,417.41735270561946,1526.718300572918,842.0,5.313256074766355
221506,CLEANING,A,158.34715639810426,62.29537901005104,39.34101529012165,267290.0,1918,7,271.9498331370284,1380.3799279237583,1173.0,7.407774327509447
1717057,PRODUCE,A,158.19609004739337,148.95687033283738,94.1596409166699,267035.0,1155,7,650.2696777090515,1757.642308040805,901.0,5.695463141535754
1457180,HOME CARE,A,157.95142180094786,115.96500966957197,73.41814866073973,266622.0,1229,7,506.2440510119651,1611.9040036186002,2044.0,12.940687565167167
1908028,PRODUCE,A,157.6990521327014,160.34816956981606,101.67985628403491,266196.0,892,7,699.9982767791445,1803.8916417080545,1900.0,12.048265188056922
1473489,PRODUCE,A,157.67536344786737,106.94808122354027,67.8280226440707,266156.0135000001,1198,7,466.8807430864896,1570.608287221561,1268.0,8.041839715937883
940590,CLEANING,A,157.49466824644549,59.46825017144259,37.75889738590229,265851.0,1923,7,259.6080314153886,1362.070709140507,1960.0,12.444865733061002
414478,BREAD/BAKERY,A,157.38447867298578,77.07572980834198,48.972891391971565,265665.0,1920,7,336.47330176627355,1438.164652477174,2030.0,12.89834942502776
320681,GROCERY I,A,157.18127962085308,69.82109099215346,44.420742190528884,265322.0,1888,7,304.80325100354264,1405.0722083495143,1243.0,7.908066424947799
1354382,GROCERY I,A,157.0,128.56518283413018,81.88865148670712,265016.0,1181,7,561.249976717087,1660.249976717087,1405.0,8.949044585987261
742738,PERSONAL CARE,A,156.9377962085308,79.13475860797583,50.424283072527444,264911.0,1870,7,345.4619707074227,1444.0265441671384,1299.0,8.277164783644318
1695815,PRODUCE,A,156.9063981042654,100.15167133139452,63.82892765458998,264858.0,1198,7,437.21108595507263,1535.5558726849304,850.0,5.417242446896073
1660239,PRODUCE,A,156.90402843601896,153.67919052502901,97.94470674645237,264854.0,1189,7,670.8849176946518,1769.2131167467846,1764.0,11.242541173627734
319095,DELI,A,156.63684834123222,56.4382852091347,36.03129519446428,264403.0,1918,7,246.38075069240395,1342.8386890810295,1115.0,7.1183761152483145
420720,DAIRY,A,156.54383886255926,54.10543416117403,34.562480742967445,264246.0,1918,7,236.19671355661436,1332.003585594529,846.0,5.4042369610136
801934,CLEANING,A,156.47808056872037,67.61613782411598,43.21125206697627,264135.0,1923,7,295.1775507405102,1390.524114721553,1822.0,11.64380335813126
1930967,GROCERY I,A,156.42061611374407,440.23628624684096,281.44390246277715,264038.0,800,7,1921.8469570010466,3016.791269797255,4199.0,26.844287564668722
1397067,CLEANING,A,156.25355450236967,145.95488858958936,93.40900375317598,263756.0,1104,7,637.1645574396173,1730.9394389562049,1906.0,12.198122507165714
664539,PERSONAL CARE,A,156.20497630331752,76.85945322361921,49.20422834313176,263674.0,1912,7,335.5291485712619,1428.9639826944845,1419.0,9.084217632379378
507479,EGGS,A,156.0781990521327,63.091564200595045,40.42304728254932,263460.0,1921,7,275.42557135638623,1367.972964721315,1850.0,11.853032718439232
517904,DELI,A,156.0622037914692,64.81847634677484,41.53374409180169,263433.0,1923,7,282.96438847988634,1375.3998150201708,1869.0,11.975993895981143
1239853,POULTRY,A,155.62934952606642,78.45033492547662,50.40844491375127,262702.3420000001,1586,7,342.47412619618444,1431.8795728786495,2005.0,12.883174067782
740728,GROCERY I,A,155.59241706161137,66.03445822244821,42.4406661131178,262640.0,1918,7,288.2727447888458,1377.4196642201255,1517.0,9.749832470301554
108696,DELI,A,155.44016587677726,63.84554041315728,41.0740300314462,262383.0,1921,7,278.717046718668,1366.7982078561088,1650.0,10.615016978996353
584076,MEATS,A,155.40342263033156,65.44118633174743,42.110518046579145,262320.9773999997,1921,7,285.68282248249085,1373.5067808948118,1677.0,10.79126811762178
1017349,MEATS,A,155.2004094194311,56.65488127987067,36.50433751547661,261978.2910999997,1862,7,247.32629860030383,1333.7291645363216,1710.0,11.0180121714673
563654,CLEANING,A,154.9324644549763,66.84889225028233,43.1471173491265,261526.0,1916,7,291.82814811876005,1376.3553993035941,1262.0,8.145484578971116
1164923,BEVERAGES,A,154.89099526066352,72.65253252885017,46.90558828586801,261456.0,1691,7,317.16387976410743,1401.400846588752,1261.0,8.141209228321399
522721,CLEANING,A,154.84537914691944,67.38701814026719,43.51890803039686,261379.0,1846,7,294.1773311290197,1378.0949851574558,1436.0,9.273767211596953
864511,GROCERY I,A,154.76954976303318,66.31670371207079,42.84867650878867,261251.0,1920,7,289.5048845562939,1372.8917328975263,1243.0,8.031295573988233
796395,CLEANING,A,154.75059241706163,55.0599286783923,35.579785394296046,261219.0,1922,7,240.36354950516582,1323.6176964245972,1649.0,10.65585581446985
759697,BEVERAGES,A,154.72630331753555,71.91678072931592,46.47999673444366,261178.0,1921,7,313.95196288851827,1397.0360861112672,1188.0,7.678073957224575
155610,GROCERY I,A,154.5995260663507,67.40075872466701,43.59700216399117,260964.0,1918,7,294.2373155081842,1376.4339979726392,1401.0,9.062123511288913
158842,DAIRY,A,154.5207345971564,68.24921823639654,44.168323697350914,260831.0,1908,7,297.9412567363312,1379.5863989164259,1689.0,10.930571902879642
368139,GROCERY I,A,154.37263033175356,80.87170354402691,52.3873327611443,260581.0,1818,7,353.0445858713996,1433.6529981936746,1366.0,8.848718824473005
517905,DELI,A,154.3175355450237,64.99160152046755,42.11549989502366,260488.0,1920,7,283.7201646360914,1363.9429134512573,1525.0,9.882221062006694
1968368,DAIRY,A,154.12559241706163,173.66344536344323,112.67657930132229,260164.0,812,7,758.1259756196342,1837.0051225390657,1650.0,10.705554957642102
812725,CLEANING,A,154.1084123222749,81.4806840316866,52.87231423894784,260135.0,1919,7,355.7030838954028,1434.461970151327,1175.0,7.624502662079305
883336,CLEANING,A,154.08234597156397,76.52525762171689,49.66516906215829,260091.0,1910,7,334.07022112565147,1412.6466429265993,2083.0,13.518745362200153
1936589,GROCERY I,A,154.05864928909952,168.02689837149583,109.06683860130704,260051.0,792,7,733.5196879898281,1811.9302330135247,1499.0,9.730060641951003
1463852,BEVERAGES,A,154.00236966824644,196.63816008882088,127.68515219111298,259956.0,1148,7,858.421855269539,1936.438442947264,1032.0,6.701195586945483
1489881,PRODUCE,A,153.88862559241707,143.44358197041964,93.21259541971494,259764.0,1192,7,626.201474352364,1703.4218534992833,1541.0,10.013735544571226
1463805,BEVERAGES,A,153.3649289099526,324.9629079830039,211.88866991475223,258880.0,1205,7,1418.6222157416007,2492.176718111269,2794.0,18.217985166872683
951675,BEVERAGES,A,153.26244075829385,89.36157010743301,58.306242328714305,258707.0,1790,7,390.1070105963765,1462.9440959044334,1580.0,10.309114171630453
1898960,BEVERAGES,A,153.21741706161137,233.74587251924146,152.55829069696964,258631.0,788,7,1020.4151903116375,2092.937109742917,1828.0,11.930758493761383
752987,DAIRY,A,153.10722748815166,60.27694618157859,39.36910567219511,258445.0,1921,7,263.1383854883542,1334.8889779054157,1898.0,12.396540850084156
1642398,PRODUCE,A,152.45451303317543,140.30470191255537,92.03053364646794,257343.21800000014,969,7,612.4987259055554,1679.6803171377835,2316.0,15.191416468569994
875604,GROCERY I,A,152.4277251184834,82.99086586294892,54.446043722321114,257298.0,1919,7,362.29576706941646,1429.2898428988,1432.0,9.394616359241036
699692,MEATS,A,152.34496528436014,99.5481857572686,65.34392887317051,257158.3013999999,1923,7,434.5765759193014,1500.9913329098224,1610.0,10.56812082365077
1463808,BEVERAGES,A,152.1872037914692,157.34642868624232,103.39005170358635,256892.0,1206,7,686.8942079801285,1752.204634520413,1819.0,11.952384659701353
1101724,BEVERAGES,A,152.13033175355451,92.46128160732793,60.777676970501695,256796.0,1911,7,403.6387691082453,1468.551091383127,1333.0,8.762223710649698
1696015,PRODUCE,A,152.11137440758293,139.93236054287144,91.9933575564982,256764.0,994,7,610.8732735049974,1675.652894358078,1976.0,12.990481531678897
264752,CLEANING,A,152.0165876777251,71.82020848442723,47.244981341566444,256604.0,1927,7,313.5303777516992,1377.646491495775,1906.0,12.538105407554053
872306,GROCERY I,A,151.97334123222748,77.27151679404916,50.84544181730668,256531.0,1914,7,337.3280078285784,1401.1413964541707,1417.0,9.324003726645124
464385,BREAD/BAKERY,A,151.96563981042655,72.73774984322631,47.864602770708494,256518.0,1921,7,317.535895069147,1381.2953737421328,1297.0,8.534824066927076
318847,CLEANING,A,151.75,60.981745672858835,40.18566436432213,256154.0,1919,7,266.21518038220654,1328.4651803822067,671.0,4.421746293245469
318935,DELI,A,151.59715639810426,90.32715324558643,59.583672538277234,255896.0,1916,7,394.3222538050001,1455.50234859173,1591.0,10.49491981117329
1948448,BEVERAGES,A,151.39751184834122,251.56778051897362,166.16374829922933,255559.0,718,7,1098.216545463978,2157.9991284023663,2251.0,14.868143951103269
968936,"LIQUOR,WINE,BEER",A,150.80568720379148,168.1284552693006,111.4868135192408,254560.0,1726,7,733.963033577427,1789.6028440039674,1606.0,10.64946574481458
1092106,MEATS,A,150.77570444312795,85.93371728509759,56.9944060964487,254509.3891,1920,7,375.14275453330634,1430.5726856352019,1772.0,11.7525565975279
454326,GROCERY I,A,150.70734597156397,81.91806101182137,54.35571868359885,254394.0,1863,7,357.6124485811276,1412.5638703820755,1527.0,10.13222009953065
1473480,PRODUCE,A,150.59423584123232,88.78953284402436,58.95944977444749,254203.07010000016,1197,7,387.6097878359685,1441.7694387245947,2042.0,13.559615934788027
1354714,GROCERY I,A,150.45556872037915,117.11608306687089,77.84097595252886,253969.0,1158,7,511.2690500295232,1564.4580310721772,1875.0,12.462150892431753
305341,GROCERY I,A,150.33590047393366,67.52029226017588,44.91295295888625,253767.0,1923,7,294.7591379218607,1347.1104412393963,1268.0,8.434445771120751
1091365,GROCERY I,A,150.25177725118485,63.00313908256746,41.93170971764371,253625.0,1919,7,275.03955241766454,1326.8019931759584,1098.0,7.307733859043863
1038952,BREAD/BAKERY,A,150.24644549763033,48.459982261810964,32.25366304095046,253616.0,1918,7,211.55155164553273,1263.2766701289452,1491.0,9.923695665888587
1299616,DAIRY,A,150.24111374407582,106.17722477129172,70.67121783465772,253607.0,1330,7,463.5155772123439,1515.2033734208746,1656.0,11.02228250797494
402175,GROCERY I,A,150.2227488151659,58.51244522032883,38.950455694511724,253576.0,1921,7,255.43547478121204,1306.9947164873731,1706.0,11.356469066473167
1047698,BEVERAGES,A,150.13270142180096,77.08443729969308,51.344201875860975,253424.0,1868,7,336.51131422975965,1387.4402241823664,1955.0,13.021813245785717
108952,CLEANING,A,150.11789099526067,80.93684725806166,53.91552380696375,253399.0,1892,7,353.32897008164446,1404.154207048469,1087.0,7.240975694458147
127547,EGGS,A,149.9899289099526,58.11193967690859,38.743894406268076,253183.0,1923,7,253.68707197133406,1303.6165743410022,1012.0,6.747119672331871
264753,CLEANING,A,149.9010663507109,64.05668075902719,42.732638478474314,253033.0,1912,7,279.6387777160595,1328.946242171036,1429.0,9.532954199649849
1958177,BEVERAGES,A,149.83590047393366,224.1847448849533,149.620180594806,252923.0,846,7,978.6761864550758,2027.5274897726115,1833.0,12.233383282659148
858872,BREAD/BAKERY,A,149.76362559241707,88.92231337362979,59.37510728782207,252801.0,1919,7,388.1894398654427,1436.534819012362,2136.0,14.262475227550523
365138,GROCERY I,A,149.39810426540285,72.18289864408331,48.31580628081584,252184.0,1918,7,315.1136978946427,1360.9004277524625,1911.0,12.79132696761095
2049778,BEVERAGES,A,149.37796208530807,510.2571431311117,341.58796652996887,252150.0,233,7,2227.5222839416983,3273.168018538855,3478.0,23.283220305373785
507867,GROCERY I,A,149.33590047393366,51.54619739830941,34.51694953103839,252079.0,1922,7,225.02439192250264,1270.3756952400383,1195.0,8.002094581460574
724003,GROCERY I,A,149.26303317535545,82.21551682497459,55.08096350178487,251956.0,1905,7,358.91098885872356,1403.7522210862116,1503.0,10.069472447570211
1463887,BEVERAGES,A,149.14691943127963,137.99993173460845,92.52616967271173,251760.0,1201,7,602.4372755175461,1646.4657115365035,1885.0,12.638544645694312
584027,MEATS,A,149.00337304502372,54.66979229276651,36.69030517600911,251517.69370000006,1922,7,238.66041314645614,1281.6840244616224,1802.0,12.093685956058842
1240160,BEVERAGES,A,148.95556872037915,128.00505062942975,85.93505548605711,251437.0,1520,7,558.80472536741,1601.493706410064,1738.0,11.667908859873448
174081,BEVERAGES,A,148.8708530805687,67.1026713551685,45.074418508808186,251294.0,1917,7,292.9360181778911,1335.0319897418722,1782.0,11.970106727578058
1686652,PRODUCE,A,148.65284360189574,102.28715111465887,68.80941436182148,250926.0,1191,7,446.5335008750065,1487.1034060882766,2185.0,14.69867610371185
1239812,DAIRY,A,148.29324644549763,78.02070375645614,52.61244569565153,250319.0,1589,7,340.5985757688127,1378.6513008872962,1271.0,8.570855588269369
813167,FROZEN FOODS,A,148.1931279620853,60.48085694824395,40.81218729907487,250150.0,1910,7,264.0285558324585,1301.3804515670556,1441.0,9.72379772136718
1091368,GROCERY I,A,148.14218009478674,53.02317602967799,35.792085681304165,250064.0,1828,7,231.47212687059306,1268.4673875341002,1808.0,12.204491650137564
1464042,BEVERAGES,A,148.07997630331752,101.20725767409208,68.34634918281296,249959.0,1203,7,441.81923722279356,1478.3790713460162,1227.0,8.286062914317949
364829,GROCERY I,A,148.0527251184834,82.53872779090237,55.7495498477643,249913.0,1775,7,360.32196298953244,1396.6910388189162,1616.0,10.915030430589846
881910,GROCERY I,A,148.00059241706163,71.77955455213312,48.499504887021196,249825.0,1837,7,313.35290343049854,1349.35705034993,1955.0,13.209406584609225
1463632,BEVERAGES,A,147.59656398104266,196.57059873489558,133.18101277760312,249143.0,990,7,858.1269168773425,1891.3028647446413,1109.0,7.513725049469581
1047686,BEVERAGES,A,147.52369668246445,130.99448046112312,88.79555177028988,249020.0,1410,7,571.8550503966983,1604.5209271739493,2095.0,14.201108344711269
558730,DAIRY,A,147.52251184834122,64.32243925707071,43.60177877339605,249018.0,1919,7,280.7989436921911,1313.4565266305794,1174.0,7.958107446048078
1920059,GROCERY I,A,147.5165876777251,132.7173116602197,89.96772074891203,249008.0,918,7,579.3760521878903,1611.9921659319662,1566.0,10.615755317098246
954553,DAIRY,A,147.38447867298578,58.10497919057318,39.42408299282012,248785.0,1921,7,253.6566860401856,1285.348036751086,1279.0,8.677982997367204
1489741,PRODUCE,A,147.33352772511859,113.38763431057005,76.95983124908156,248698.99480000016,1197,7,494.99254552391005,1526.32723959974,1666.0,11.307677388328544
1078288,GROCERY I,A,147.29383886255926,280.1117693663779,190.1720883435945,248632.0,1921,7,1222.8250337254324,2253.8819057633473,2026.0,13.754818366099293
514757,CLEANING,A,147.2648104265403,56.12209849887889,38.10964638213698,248583.0,1917,7,245.0004408771231,1275.854113862905,1761.0,11.95805022869625
311954,CLEANING,A,147.03258293838863,54.069441530170316,36.77378200777929,248191.0,1925,7,236.03958809801426,1265.2676686667346,1142.0,7.766985910045086
949511,GROCERY I,A,146.93898104265404,125.55207643035746,85.4450436088921,248033.0,1921,7,548.0962918571249,1576.6691591557033,2182.0,14.849701451016598
459801,GROCERY I,A,146.56516587677726,80.03546578910466,54.60742688095031,247402.0,1917,7,349.3939985962616,1375.3501597337024,1238.0,8.446754674578216
1576589,PRODUCE,A,146.50355450236967,89.50699098252765,61.09543982503162,247298.0,1197,7,390.74184392342386,1416.2667254400114,1895.0,12.934839747996344
586823,CLEANING,A,146.50059241706163,58.53378680489123,39.954641711110455,247293.0,1923,7,255.52864124801673,1281.0327881674482,1712.0,11.68595957022641
651326,GROCERY I,A,146.44075829383885,71.58332286197768,48.882103381589346,247192.0,1928,7,312.49625601552157,1337.5815640723936,1645.0,11.233211430790641
1105213,GROCERY I,A,146.22689573459715,89.80136545946974,61.41234484144411,246831.0,1902,7,392.02693265964115,1415.6152028018212,839.0,5.737658559905361
1463769,BEVERAGES,A,146.17417061611374,103.27621530189336,70.65284849340443,246742.0,1222,7,450.8512503606759,1474.0704446734721,803.0,5.493446596039588
1080001,"LIQUOR,WINE,BEER",A,145.96978672985782,268.5195314796711,183.95555511539706,246397.0,1710,7,1172.2192390570026,2194.0077461660076,1857.0,12.721810736332017
227111,EGGS,A,145.9372037914692,49.77053282957407,34.10407458586885,246342.0,1923,7,217.2727466022776,1238.833173142562,1087.0,7.44840912227716
1473486,PRODUCE,A,145.87478732227498,95.07193302574636,65.17365664822391,246236.64100000018,1198,7,415.0355408897171,1436.159052145642,2102.0,14.409618266357027
308085,BEVERAGES,A,145.71563981042655,99.05071559048575,67.97534960512746,245968.0,1907,7,432.40487504843236,1452.4143537214181,1268.0,8.7018799193391
1161556,BEVERAGES,A,145.65995260663507,67.05322754776397,46.034085792164106,245874.0,1704,7,292.7201717477546,1312.3398399942,1325.0,9.096529116539365
359913,BREAD/BAKERY,A,145.61374407582937,50.55502799905902,34.718582589794636,245796.0,1841,7,220.69745215553885,1239.9936606863446,744.0,5.109407801591564
1987383,GROCERY I,A,145.59537914691944,267.55519010508937,183.76626488612732,245765.0,549,7,1168.0094167544155,2187.177070782852,2832.0,19.451166764999083
1336461,BEVERAGES,A,145.56635071090048,335.9188813607275,230.76684942653628,245716.0,1047,7,1466.4504042729675,2485.414859249271,854.0,5.86674046460141
1463566,BEVERAGES,A,145.5509478672986,74.78111423358267,51.37796443741607,245690.0,1218,7,326.4561811935142,1345.3128162646044,1354.0,9.302584557776058
1124165,BEVERAGES,A,145.51954976303318,73.90915848087599,50.78984823773237,245637.0,1727,7,322.64966736825613,1341.2865157094884,1283.0,8.816684782829947
556698,BEVERAGES,A,145.45082938388626,86.4621212460065,59.444227036896635,245521.0,1920,7,377.44949656267806,1395.6053022498818,2024.0,13.915355509304703
1088002,BEVERAGES,A,145.35781990521326,86.39398797224482,59.43539056143088,245364.0,1898,7,377.1520614603475,1394.6568007968403,2000.0,13.759149671508453
759698,BEVERAGES,A,145.3281990521327,71.57222630759564,49.24868454601916,245314.0,1919,7,312.4478141220691,1329.745207486998,1507.0,10.369632389508956
260669,GROCERY I,A,145.29739336492892,67.37173451488728,46.36816459995014,245262.0,1915,7,294.1106106204066,1311.192364174909,1348.0,9.27752362779395
562568,GROCERY I,A,145.26244075829385,91.98354042668316,63.32231507780948,245203.0,1912,7,401.55319492242853,1418.3902802304854,1734.0,11.937015452502619
155499,GROCERY I,A,145.06635071090048,145.01344284627558,99.96352850653125,244872.0,1878,7,633.0546857786641,1648.5191407549673,2066.0,14.24175895978307
1239876,POULTRY,A,144.80918009478674,170.1427299274766,117.49443634451038,244437.89600000004,1518,7,742.7563287766542,1756.4205894401614,1463.0,10.102950648863382
1124973,DAIRY,A,144.60545023696682,71.18893094810699,49.22977026899662,244094.0,1856,7,310.7745421922471,1323.0126938510148,1475.0,10.20016878743435
757880,GROCERY I,A,144.5165876777251,71.68339208083182,49.60218977816389,243944.0,1918,7,312.9331071560395,1324.5492209001154,1639.0,11.341258649526122
567644,GROCERY I,A,144.32582938388626,94.53084493727417,65.49821701411153,243622.0,1802,7,412.6734264325804,1422.9542321197841,1010.0,6.99805436290647
1898959,BEVERAGES,A,144.3228672985782,232.6080280143422,161.17198360057372,243617.0,741,7,1015.4479418871067,2025.7080129771539,2112.0,14.633855601210097
1113847,DELI,A,144.24348341232226,69.75298644319919,48.35780777964796,243483.0,1918,7,304.50594129906204,1314.210325185318,1791.0,12.41650546444721
988408,GROCERY I,A,144.20971563981044,83.3471968065579,57.79582633304155,243426.0,1914,7,363.8513261204399,1373.319335599113,1599.0,11.088018535407063
1943792,BEVERAGES,A,144.12203791469193,195.5918055817394,135.71262827792737,243278.0,762,7,853.8540054847729,1862.7082708876164,1425.0,9.887453859370762
1105214,GROCERY I,A,143.67890995260663,67.75694805454239,47.158589995492335,242530.0,1876,7,295.79225634591745,1301.544626014164,1301.0,9.05491279429349
1489880,PRODUCE,A,143.60071090047393,101.16811575834578,70.45098532169725,242398.0,1197,7,441.6483635942031,1446.8533398975205,1341.0,9.338393881137634
1937608,GROCERY I,A,143.5165876777251,221.21572780424736,154.13948407204344,242256.0,719,7,965.714973079222,1970.331086823298,1651.0,11.503896704312794
1239800,DAIRY,A,143.47748815165878,73.08006665156908,50.93486622397647,242190.0,1487,7,319.03027555752635,1323.3726926191378,1353.0,9.430050786572526
850334,GROCERY I,A,143.47097156398104,59.32815648704861,41.35202810736606,242179.0,1920,7,258.99645388427916,1263.2932548321464,766.0,5.339059125688024
1239845,DAIRY,A,143.41943127962085,82.3075019239592,57.38936571536569,242092.0,1563,7,359.31254885751446,1363.2485678148605,635.0,4.427572988781124
519560,DELI,A,143.38936706161118,54.03246319357653,37.68233607611923,242041.2515999997,1925,7,235.87815955184968,1239.603728983128,1046.0,7.294822631796382
1695872,PRODUCE,A,143.31516587677726,195.3397497048335,136.3008223936238,241916.0,959,7,852.7536581595771,1855.959819297018,1490.0,10.396666611551117
991329,GROCERY I,A,143.21919431279622,60.75692525163955,42.42233420119938,241754.0,1921,7,265.2337291572848,1267.7680893468585,1329.0,9.279482449101152
502067,GROCERY I,A,143.1563981042654,124.44187983888717,86.92722189632919,241648.0,1926,7,543.2497401128787,1545.3445268427365,1346.0,9.402304177977886
671062,DELI,A,143.12796208530807,70.64106272790201,49.355179588037494,241600.0,1919,7,308.38282914011546,1310.278563737272,1296.0,9.054834437086091
771157,CLEANING,A,143.11552132701422,64.21507467452504,44.86939926508441,241579.0,1898,7,280.3302447168881,1282.1388940059876,1307.0,9.132482541942801
623317,MEATS,A,143.0839953199052,62.734026486196065,43.84419539441585,241525.78409999996,1820,7,273.8647441599531,1275.4527113992895,1817.0,12.698834666571734
458029,CLEANING,A,143.0468009478673,75.33156040790254,52.662177629094096,241463.0,1924,7,328.85914827768676,1330.1867549127578,1911.0,13.359264152271777
1084417,GROCERY I,A,143.0260663507109,89.66374189028248,62.69049004705206,241428.0,1892,7,391.4261383909337,1392.60860284591,2054.0,14.361018605961199
911990,CLEANING,A,143.01777251184834,66.6447948031578,46.59896013807416,241414.0,1903,7,290.9371628230408,1292.0615704059792,920.0,6.432766948064321
617096,EGGS,A,142.9899289099526,54.72618717325109,38.27275640350497,241367.0,1920,7,238.90660441427218,1239.8361067839403,1328.0,9.287367370021586
867850,CLEANING,A,142.85485781990522,57.40153718855765,40.18171874905565,241139.0,1917,7,250.58581725168625,1250.5698219910228,1617.0,11.319181053251445
1464941,BEVERAGES,A,142.7861374407583,156.28371906026132,109.45300563586093,241023.0,1140,7,682.2549600928653,1681.7579221781734,673.0,4.713342710031823
1642401,PRODUCE,A,142.75296208530807,85.54450323673328,59.924853388059674,240967.0,1195,7,373.44364462837774,1372.7143792255342,1739.0,12.181883826416064
406965,CLEANING,A,142.66291469194312,107.11126253737656,75.07996227938112,240815.0,1786,7,467.59310942527856,1466.2335122688803,1954.0,13.69662188817142
1239797,DAIRY,A,142.63329383886256,72.74767878742198,51.00329441287907,240765.0,1592,7,317.57923977240023,1316.0122966444383,1700.0,11.918675887275974
1418022,GROCERY I,A,142.62736966824644,123.7510423401283,86.765283990005,240755.0,1051,7,540.2338961530568,1538.6254838307818,1417.0,9.934979543519345
816606,PERSONAL CARE,A,142.53376777251185,83.71637635758812,58.73441617792772,240597.0,1915,7,365.46297563434797,1363.199350041931,1705.0,11.962077665141294
165705,GROCERY I,A,142.04857819905214,53.95694178226831,37.984851708025296,239778.0,1924,7,235.54847161142908,1229.888519004794,635.0,4.4703016957352215
1224521,BEVERAGES,A,141.9490521327014,112.56657924926041,79.30069102823406,239610.0,1568,7,491.40823814079835,1485.0516030697083,1708.0,12.03248612328367
833396,PERSONAL CARE,A,141.906990521327,74.60314881445292,52.571863119908045,239539.0,1921,7,325.6792749958862,1319.0282086451753,1478.0,10.415272669586164
860548,DAIRY,A,141.8915876777251,54.43628292249374,38.3647006939788,239513.0,1922,7,237.6410304042568,1230.8821441483326,1199.0,8.45011335501622
1047394,CLEANING,A,141.88684834123222,60.942674642342396,42.951602177939485,239505.0,1888,7,266.0446162023543,1259.2525545909798,1054.0,7.428454520782448
982726,CLEANING,A,141.67950236966826,61.009218489298206,43.061429119163456,239155.0,1916,7,266.3351126783932,1258.0916292660709,1373.0,9.690886663460935
567579,GROCERY I,A,141.48815165876778,104.46299857932773,73.83162289890183,238832.0,1921,7,456.0321404908414,1446.4492021022158,2018.0,14.262678368057882
1418847,GROCERY I,A,141.32168246445497,134.45514574346404,95.14120083963904,238551.0,1021,7,586.9625489147485,1576.2143261659332,1626.0,11.505665455185685
913964,GROCERY I,A,141.1611374407583,132.84323852849698,94.1075149555577,238280.0,1923,7,579.9257846296811,1568.0537467149893,2221.0,15.733792177270438
1696020,PRODUCE,A,141.11374407582937,126.5776555889982,89.69902713443702,238200.0,1033,7,552.5734470730224,1540.369655603828,1595.0,11.302938706968934
1464907,BEVERAGES,A,141.08353080568722,135.33271513686987,95.92382212439956,238149.0,939,7,590.793569030452,1578.3782846702625,1589.0,11.262831252703139
1445215,FROZEN FOODS,A,140.95082938388626,189.03013996662972,134.11069717922496,237925.0,984,7,825.2091220682654,1811.8649277554691,1252.0,8.882530209099507
577740,GROCERY I,A,140.760663507109,54.72121581485707,38.87536080852121,237604.0,1917,7,238.8849020005907,1224.2095465503537,1250.0,8.880321880103029
1239903,POULTRY,A,140.62270379146935,64.71331927211163,46.01911179867199,237371.12400000024,1586,7,282.5053263574258,1266.8642528977111,1364.0,9.699713938246328
1037856,BEVERAGES,A,140.61137440758293,73.4332703854728,52.224274668289326,237352.0,1919,7,320.5721828069066,1304.8518036599871,1226.0,8.719067039671037
1303141,BREAD/BAKERY,A,140.4531990521327,81.15859602169303,57.78337308754996,237085.0,1358,7,354.2970120171171,1337.469405382046,1339.0,9.533424721091592
754103,GROCERY I,A,140.37796208530807,342.169306380184,243.74859222720931,236958.0,1906,7,1493.7365700863652,2476.3823046835214,2082.0,14.831387840883194
584246,MEATS,A,140.24739573459718,148.66253118136828,106.00020799152365,236737.60400000002,1906,7,648.9847431858215,1630.7165133280018,994.0,7.08747563399349
514149,GROCERY I,A,139.62559241706163,72.16360184614493,51.6836495351026,235688.0,1923,7,315.02945792270873,1292.40860484214,1379.0,9.876412884830792
1354384,GROCERY I,A,139.54561611374407,112.87102300481683,80.88467853609626,235553.0,1184,7,492.7372842087229,1469.5565970049315,775.0,5.553739498117197
1929797,GROCERY I,A,139.4727488151659,280.5106781221359,201.1222124071552,235430.0,481,7,1224.5664657752766,2200.8757074814375,1790.0,12.834048337085333
816679,MEATS,A,139.46643193127946,61.63417281796763,44.192836917443465,235419.3370999997,1842,7,269.06334434020704,1245.3283678591633,683.0,4.897235775964647
407500,EGGS,A,139.42417061611374,58.249330118295305,41.77850214987273,235348.0,1884,7,254.286848523038,1230.2560428358343,1332.0,9.5535802301273
1403464,GROCERY I,A,139.38744075829385,88.02669445595131,63.15252936496256,235286.0,1031,7,384.27962473810027,1359.991710046157,1655.0,11.87337963159729
168989,GROCERY I,A,139.25177725118485,224.2580215023236,161.0449977222215,235057.0,1917,7,978.9960747707643,1953.758515529058,1130.0,8.114797687369446
525902,EGGS,A,139.21030805687204,58.01959092573578,41.67765428838276,234987.0,1919,7,253.28392445267448,1227.7560808507787,1428.0,10.25786107316575
921042,PERSONAL CARE,A,139.15462085308056,65.46163182045353,47.042370148504034,234893.0,1919,7,285.77207705209753,1259.8544230236614,1283.0,9.219959726343484
660320,BREAD/BAKERY,A,139.0995260663507,42.55336569600297,30.592027808710824,234800.0,1818,7,185.76627808267787,1159.4629605471328,1555.0,11.179045996592846
1331068,PERSONAL CARE,A,139.03850710900474,133.4280993933727,95.96485331129631,234697.0,1235,7,582.4789886897393,1555.7485384527724,2308.0,16.599717934187485
915810,DAIRY,A,138.9490521327014,63.29503293293432,45.55269140842015,234546.0,1920,7,276.31381200420924,1248.9571769331192,387.0,2.785193522805761
634010,MEATS,A,138.92464330568737,62.027378552081366,44.648218686153044,234504.7979000003,1924,7,270.77987990801375,1243.2523830478253,1697.0,12.21525540480209
821186,BEVERAGES,A,138.81872037914692,86.15668999440491,62.06417243948836,234326.0,1868,7,376.1161395909758,1347.8471822450042,619.0,4.459052772632998
1239795,DAIRY,A,138.7399289099526,71.61518558585257,51.61829485463662,234193.0,1588,7,312.63535240724065,1283.8148547769088,611.0,4.403923259875402
1609724,PRODUCE,A,138.52902843601896,93.11062317024508,67.21379931806074,233837.0,1195,7,406.473462989083,1376.1766620412156,1600.0,11.549925803016631
1696026,PRODUCE,A,138.5207345971564,118.31818741103889,85.41550675076175,233823.0,1174,7,516.5168241181444,1486.1619662982393,1576.0,11.37735808710007
1726000,PRODUCE,A,138.42417061611374,95.86266144620367,69.25283425541035,233660.0,1131,7,418.4874576356667,1387.4566519484629,666.0,4.811298467859283
1464010,BEVERAGES,A,138.37440758293837,104.89367413326495,75.8042444159294,233576.0,1196,7,457.91225016977165,1426.5331032503402,2114.0,15.277391512826663
1660260,PRODUCE,A,137.73104265402844,105.14926004605425,76.3439076767773,232490.0,1196,7,459.02800783012736,1423.1453064083264,1162.0,8.43673276269947
1609729,PRODUCE,A,137.55568720379148,112.0851232255756,81.48345263218326,232194.0,1197,7,489.3064468460897,1452.1962572726302,1958.0,14.234235165422017
583973,MEATS,A,137.33274348341212,63.930641273700125,46.551637761042805,231817.67099999965,1923,7,279.08855364570206,1240.4177580295868,1390.0,10.121402694965404
819227,MEATS,A,137.21527926540284,55.272137851666635,40.28132883420282,231619.3914,1885,7,241.28994645754315,1201.7969013153631,1216.0,8.861986846581447
1447815,CLEANING,A,137.21208530805688,89.64104590608655,65.33028465009632,231614.0,1268,7,391.3270593065289,1351.8116564629272,591.0,4.307200773701071
603255,GROCERY I,A,137.1297393364929,1096.9723964864359,799.9522217384615,231475.0,522,7,4788.821657739329,5748.729833094779,5730.0,41.78524678691004
1660188,PRODUCE,A,137.10130331753555,109.54652203492874,79.90188231924526,231427.0,1191,7,478.22420958918997,1437.9333328119387,1627.0,11.867137369451273
1238497,DAIRY,A,136.9372037914692,85.91212422026,62.7383368738044,231150.0,1582,7,375.0484902319599,1333.6089167722441,1166.0,8.514851827817434
1711747,PRODUCE,A,136.89099526066352,97.50582585358435,71.22880922000519,231072.0,1194,7,425.66067487111815,1383.8976416957628,1868.0,13.645893920509623
1660272,PRODUCE,A,136.6872037914692,101.905942096044,74.5541201146468,230728.0,1194,7,444.8693368447031,1401.6797633849874,1656.0,12.115252591796402
167437,GROCERY II,A,136.61789099526067,57.628621296543564,42.182338547842704,230611.0,1912,7,251.57715057778861,1207.9023875446132,1030.0,7.539276096977161
1351305,GROCERY I,A,136.5627962085308,105.07673971364689,76.94389880036957,230518.0,1180,7,458.7114210686271,1414.6509945283428,1355.0,9.92217527481585
789223,CLEANING,A,136.51777251184834,53.56831715734556,39.239079404622125,230442.0,1922,7,233.85193482844184,1189.4763424113803,1104.0,8.086859166297812
268623,CLEANING,A,136.42002369668248,57.17680203349896,41.91232378072766,230277.0,1917,7,249.60473825530718,1204.5449041320844,1622.0,11.889750170446895
583975,MEATS,A,136.29848702606628,54.02374870856476,39.636352455059196,230071.8460999999,1895,7,235.84011655761017,1189.9295257400743,1074.0,7.879764650612768
1259006,EGGS,A,136.1042654028436,64.21441080393168,47.18030740173266,229744.0,1527,7,280.32734659667506,1233.0572044165801,1535.0,11.278118253360262
1919933,GROCERY I,A,136.05390995260663,290.2674554454472,213.3473823329,229659.0,389,7,1267.1595763268879,2219.5369459951344,2823.0,20.749128055072955
165553,BEVERAGES,A,136.0313981042654,59.47429473061972,43.721005267499955,229621.0,1920,7,259.6344188759953,1211.8542056058532,1174.0,8.630360463546452
1464027,BEVERAGES,A,135.97334123222748,416.7244883286331,306.4751403121834,229523.0,1143,7,1819.2064462245328,2771.0198348501253,2780.0,20.44518414276565
996537,GROCERY I,A,135.91291469194312,55.98603280129563,41.192577562030955,229421.0,1917,7,244.4064474807996,1195.7968503244015,1702.0,12.522724598009773
269084,BREAD/BAKERY,A,135.45675355450237,46.3333813821418,34.20529443258737,228651.0,1922,7,202.26789748746467,1150.4651723689813,970.0,7.160957091812413
583927,MEATS,A,135.26096771327,49.975228072345544,36.94726491849773,228320.51349999974,1901,7,218.16634156871424,1164.993115561604,355.0,2.624556115497702
414425,GROCERY I,A,135.1563981042654,77.68687717862545,57.47924498453598,228144.0,1790,7,339.1412592939725,1285.2360460238303,1431.0,10.587734062697244
1239841,DAIRY,A,135.14810426540285,68.86670432495374,50.956470828265424,228130.0,1551,7,300.6368858731324,1246.6736157309524,1091.0,8.072625257528601
119187,CLEANING,A,135.12381516587678,68.28541607563801,50.5354411373091,228089.0,1922,7,298.09927802937204,1243.9659841905095,1206.0,8.925147639737121
1914279,BEVERAGES,A,135.02191943127963,278.37188869914746,206.1679243427041,227917.0,859,7,1215.2296026573379,2160.383038676295,2756.0,20.41150067787835
577743,GROCERY I,A,134.97511848341233,58.64249980276521,43.44689633295046,227838.0,1922,7,256.00322671649724,1200.8290561003837,558.0,4.134095278224001
105737,GROCERY I,A,134.94431279620852,77.98106908973246,57.7875921362456,227786.0,1828,7,340.42555104092384,1285.0357406143835,1442.0,10.68588938740748
765092,POULTRY,A,134.85318524881487,77.40304824775394,57.3980125904621,227632.17669999952,1911,7,337.90220703011977,1281.8745037718238,1414.0,10.485477205384933
452079,CLEANING,A,134.8495260663507,116.01328757057976,86.03166133004959,227626.0,1704,7,506.45480768977836,1450.4014901542332,579.0,4.293674712027625
583968,MEATS,A,134.83067885071094,54.36066438081289,40.31772653240354,227594.18590000007,1923,7,237.31091844219856,1181.125670397175,1118.0,8.291881414005838
1965853,GROCERY I,A,134.6563981042654,170.2399935409027,126.4254769454658,227300.0,628,7,743.1809320756767,1685.7757188055343,1359.0,10.092353717553893
1324667,GROCERY I,A,134.3702606635071,102.14732355371488,76.01929403822055,226817.0,1401,7,445.9230851030672,1386.514909747617,1879.0,13.983749013521914
1038962,BREAD/BAKERY,A,134.36078199052133,59.49266556896461,44.278296603812265,226801.0,1911,7,259.7146165808953,1200.2400905145446,1163.0,8.655799577603274
1971436,DAIRY,A,134.3489336492891,201.36119601108044,149.87926628187714,226781.0,601,7,879.0402197673526,1819.4827553123764,1706.0,12.698277192533766
358519,GROCERY I,A,134.260663507109,89.47373754211424,66.64181094068307,226632.0,1871,7,390.59667637303136,1330.4213209227944,1991.0,14.829362137738713
1239798,DAIRY,A,134.07938388625593,71.22042137030878,53.11810011800732,226326.0,1501,7,310.91201330486064,1249.4677005086521,1858.0,13.857462244726634
457727,DAIRY,A,134.04561611374407,52.691724161554085,39.308800756932364,226269.0,1858,7,230.02517716643106,1168.3444899626397,1147.0,8.556788601178244
1463772,BEVERAGES,A,133.93009478672985,137.36503469595758,102.56472595998495,226074.0,1174,7,599.6656390580835,1537.1763025651926,1868.0,13.94757468793404
1306196,CLEANING,A,133.89099526066352,85.33111578131789,63.731780927606366,226008.0,1264,7,372.5121038974932,1309.7490707221377,882.0,6.587448231920994
583925,MEATS,A,133.78289573459728,49.60267172811323,37.07699063901006,225825.5280000002,1923,7,216.5399506989874,1153.0202208411683,1076.0,8.042881671021703
1489895,PRODUCE,A,133.74466824644549,115.94830262935254,86.69377564696609,225761.0,1195,7,506.1711166005836,1442.383794325702,2071.0,15.484729426251658
1336459,BEVERAGES,A,133.72808056872037,237.86885435599896,177.87502321456157,225733.0,1021,7,1038.4140249017971,1974.5105888828398,2907.0,21.738141964178922
1148018,"LIQUOR,WINE,BEER",A,133.6712085308057,192.17708901891524,143.7684981913112,225637.0,1467,7,838.9470956268129,1774.645555342453,2634.0,19.705066101747494
1463770,BEVERAGES,A,133.6208530805687,90.16168215466433,67.47575702147329,225552.0,1222,7,393.5998914680119,1328.9458630319928,1214.0,9.085408242888558
568133,BEVERAGES,A,133.60248815165878,99.9559959832312,74.81596889854792,225521.0,1759,7,436.3568672453115,1371.574284306923,1787.0,13.375499399169035
1138053,PERSONAL CARE,A,133.5420616113744,181.20448501004464,135.6909447282418,225419.0,1294,7,791.0463062470807,1725.8407375267016,1774.0,13.28420408217586
1089845,BREAD/BAKERY,A,133.45616113744074,49.52965686080457,37.113053783853495,225274.0,1891,7,216.22120505048744,1150.4143330125726,1051.0,7.875245256887169
939131,DAIRY,A,133.4472748815166,64.60134842768993,48.40964229883849,225259.0,1852,7,282.0165187935167,1216.1474429641328,1630.0,12.214561904296831
305345,GROCERY I,A,133.3791469194313,165.31968624115535,123.94717619615456,225144.0,1910,7,721.7013814185839,1655.3554098546028,1338.0,10.031553139324165
679604,BREAD/BAKERY,A,133.1404028436019,54.951497982619834,41.273345137141106,224741.0,1913,7,239.89019642359142,1171.8730163288046,603.0,4.529053443741907
1239862,POULTRY,A,133.04249526066357,79.49328231772351,59.75029419132305,224575.7320000001,1591,7,347.0271022563586,1278.3245690810036,1227.0,9.222617161501667
829389,GROCERY I,A,132.91232227488152,76.61592365347931,57.643958319400014,224356.0,1763,7,334.46602275011884,1264.8522786742894,1209.0,9.096222075629802
1464081,BEVERAGES,A,132.85248815165878,70.14077900544049,52.795984464642274,224255.0,1220,7,306.1988457210142,1236.1662627826256,1723.0,12.969271588147421
456870,GROCERY I,A,132.718009478673,86.49343652813721,65.17083617203903,224028.0,1926,7,377.5862031031216,1306.6122694538326,1133.0,8.536897173567588
363889,GROCERY I,A,132.67476303317537,63.08091107357934,47.54552382943088,223955.0,1909,7,275.3790652405178,1204.1024064727453,988.0,7.446781719541872
1288843,MEATS,A,132.4998816943128,98.07978861548608,74.02254806669454,223659.8003,1276,7,428.1663033752943,1355.6654752354839,1713.0,12.928313430135885
1161555,BEVERAGES,A,132.4170616113744,66.72554712376893,50.39044539411326,223520.0,1704,7,291.28968624395276,1218.2091175235737,577.0,4.357444523979957
1412575,POULTRY,A,132.30371652843598,75.06018999180158,56.73324375258115,223328.67349999995,1363,7,327.67448353128435,1253.8004992303363,1810.0,13.680643654564136
363049,PERSONAL CARE,A,132.1877962085308,52.6492225236513,39.82910982235859,223133.0,1922,7,229.83963670549494,1155.1542101652105,960.0,7.262395073790071
660503,DAIRY,A,132.15462085308056,53.15872114256685,40.22464050020972,223077.0,1881,7,232.0638476598143,1157.146193631378,1227.0,9.284578867386598
886067,BEVERAGES,A,132.125,74.15997137512211,56.12864437095335,223027.0,1912,7,323.744588465499,1248.619588465499,1658.0,12.54872280037843
577745,GROCERY I,A,131.84478672985782,50.549404370267446,38.34008581153853,222554.0,1919,7,220.67290226217926,1143.586409371184,1676.0,12.711917107758117
1457339,HOME CARE,A,131.79561611374407,112.22751227237448,85.15268988576854,222471.0,1128,7,489.9280447580511,1412.4973575542597,1483.0,11.252271082523116
750856,GROCERY I,A,131.78554502369667,74.82892119845782,56.780826140683835,222454.0,1918,7,326.6648820045084,1249.1636971703851,1219.0,9.24987637893677
1345070,GROCERY I,A,131.68068720379148,117.39125867294075,89.148425001203,222277.0,1365,7,512.4703262934015,1434.235136719942,1507.0,11.444350967486514
1179579,BREAD/BAKERY,A,131.5740521327014,63.17066856309076,48.011494317571696,222097.0,1639,7,275.77090063317974,1196.7892655620897,1159.0,8.808727718069132
1024976,CLEANING,A,131.56516587677726,87.91823664473021,66.82485904139219,222082.0,1783,7,383.8061532843151,1304.762314421756,1414.0,10.747525688709576
374464,GROCERY I,A,131.55509478672985,50.7512625464257,38.577952931964326,222065.0,1927,7,221.55411204364194,1142.439775550751,690.0,5.244950802692905
1230417,PERSONAL CARE,A,131.42239336492892,74.68361365813806,56.82715992757742,221841.0,1591,7,326.0305434392492,1245.9872969937517,1131.0,8.605839317348911
1239842,DAIRY,A,131.25770142180096,64.4799313109049,49.124684199441,221563.0,1535,7,281.4864736252493,1200.2903835778561,486.0,3.702639881207602
1239986,POULTRY,A,131.0368714454976,1399.863606991824,1068.297488752295,221190.23899999997,203,7,6111.090106291871,7028.348206410355,7012.0,53.511656090755444
1695959,PRODUCE,A,130.96399828199048,114.45441244269044,87.39379825304987,221067.22909999994,1142,7,499.64955443266973,1416.3975424066032,1710.0,13.05702347539851
315473,BREAD/BAKERY,A,130.8601895734597,81.02463709466332,61.91694919498746,220892.0,1909,7,353.71221570586795,1269.733542720086,1531.0,11.699509262444996
936994,GROCERY I,A,130.71563981042655,65.49475853355231,50.10476070693426,220648.0,1914,7,285.91669137570796,1200.9261700486938,1599.0,12.232660164606068
1346626,CLEANING,A,130.66528436018956,101.06142168541939,77.34374296912354,220563.0,1366,7,441.1825917217122,1355.839582243039,1316.0,10.071535116950713
742735,PERSONAL CARE,A,130.65462085308056,69.13292380940545,52.91272773822867,220545.0,1896,7,301.7990642806638,1216.3814102522276,1779.0,13.616051146024622
554047,GROCERY I,A,130.58056872037915,77.38889038167136,59.26524224855333,220420.0,1794,7,337.84040101208245,1251.9043820547365,1369.0,10.483948824970511
1673295,PRODUCE,A,130.56931279620852,99.32586927788533,76.07137324289384,220401.0,1190,7,433.60605562658213,1347.5912452000416,1527.0,11.694937863258335
1239794,DAIRY,A,130.56635071090048,68.4357764131363,52.41455860604278,220396.0,1504,7,298.7556745284846,1212.720129504788,1144.0,8.761828708325014
122418,GROCERY I,A,130.47215639810426,81.15066363717484,62.197687136834936,220237.0,1568,7,354.26238327449795,1267.5674780612278,1179.0,9.036410775664399
413986,CLEANING,A,130.39691943127963,58.44172507381736,44.81833261760197,220110.0,1905,7,255.12674671263227,1167.9051827315895,1633.0,12.523301985370951
1456922,HOME CARE,A,130.37144549763033,86.01548333711088,65.97724141876937,220067.0,1223,7,375.49970338817565,1288.099821871588,1178.0,9.035720939532052
862213,DAIRY,A,130.32523696682463,49.55250453941938,38.02218641047504,219989.0,1918,7,216.3209463553098,1128.5976051230823,976.0,7.488956265995118
319094,DELI,A,130.3222748815166,52.51863655815398,40.29904834449956,219984.0,1921,7,229.26956502295002,1141.525489193566,1240.0,9.51487380900429
1457178,HOME CARE,A,130.20260663507108,132.5822022871351,101.82760984097152,219782.0,1230,7,578.7862336162805,1490.204480061778,2064.0,15.852217197040705
1110679,SEAFOOD,A,130.14218009478674,55.327464561063735,42.51309185136361,219680.0,1918,7,241.53147463551818,1152.5267352990254,1482.0,11.387545520757465
103665,BREAD/BAKERY,A,130.135663507109,48.389952040293636,37.18423584757779,219669.0,1923,7,211.24583543738325,1122.1954799871462,1412.0,10.850215551579877
743497,FROZEN FOODS,A,130.02428909952607,57.97482059348309,44.58768511251519,219481.0,1886,7,253.0884800300048,1163.2585037266872,1251.0,9.62127929069031
457425,EGGS,A,129.9218009478673,47.39015457698511,36.475906453914526,219308.0,1922,7,206.88122994595972,1116.333836581031,1114.0,8.574388531198132
1179580,BREAD/BAKERY,A,129.81516587677726,57.956119502331156,44.645106841633655,219128.0,1637,7,253.00684060988942,1161.7130017473303,960.0,7.395129787156365
996122,BEVERAGES,A,129.71978672985782,60.51753056041875,46.65250543962645,218967.0,1904,7,264.1886541073219,1172.2271612163267,890.0,6.860942516452251
996613,MEATS,A,129.69725627962077,46.763068750592055,36.0555574512488,218928.96859999988,1914,7,204.14369325286617,1112.0244872102116,612.0,4.718681162233368
1489662,PRODUCE,A,129.6866113744076,75.89710757930456,58.52347191044127,218911.0,1191,7,331.32803860852624,1239.1343182293795,1039.0,8.011621161111137
1417697,GROCERY I,A,129.60663507109004,115.55857831350606,89.16100495173065,218776.0,1044,7,504.46977912823604,1411.7162246258663,1353.0,10.43928035982009
229368,GROCERY I,A,129.53791469194312,55.931505396492994,43.17771019357915,218660.0,1921,7,244.1684086587695,1150.9338115023713,1166.0,9.00122564712339
1148972,GROCERY I,A,129.521327014218,62.844580385699516,48.52064276549672,218632.0,1801,7,274.3473660654681,1180.996655164994,1063.0,8.20714259577738
1072167,DELI,A,129.51125592417063,60.973070525298944,47.07936008357368,218615.0,1918,7,266.17730911520664,1172.7561005844009,1732.0,13.373354984790613
765519,GROCERY I,A,129.49348341232226,78.24105825400231,60.42084604742133,218585.0,1920,7,341.5605310501026,1248.0149149363585,1289.0,9.95416885879635
1726956,PRODUCE,A,129.41350710900474,86.83211595025622,67.09664075258985,218450.0,1192,7,379.06470461953984,1284.959254382573,1791.0,13.839359121080339
938657,BEVERAGES,A,129.3175355450237,61.295538384792216,47.39924723004895,218288.0,1920,7,267.585039222557,1172.807788037723,1187.0,9.178956241295902
699693,MEATS,A,129.09386297393334,59.077034269737965,45.76285263201614,217910.44069999948,1918,7,257.9001824403955,1161.5572232579289,1509.0,11.689169145900433
1394348,CLEANING,A,129.00947867298578,115.93660640454486,89.86673506248472,217768.0,1086,7,506.1200568520865,1409.186407562987,1306.0,10.123287167995297
1132005,BEVERAGES,A,128.94016587677726,60.262745173908634,46.73698437110685,217651.0,1839,7,263.0763911361631,1165.6575522736039,1668.0,12.9362327763254
1152350,FROZEN FOODS,A,128.86552132701422,72.38520107564241,56.171115695062355,217525.0,1757,7,315.9968470684656,1218.055496357565,1814.0,14.076690035628088
1350565,BEVERAGES,A,128.72985781990522,110.69375200857604,85.98918221710309,217296.0,1181,7,483.2324301805254,1384.341434919862,1488.0,11.559089905014357
1210038,BREAD/BAKERY,A,128.70142180094786,74.18597099012625,57.64192030828046,217248.0,1572,7,323.85808951604827,1224.7680421226833,1547.0,12.020069229636178
1937662,GROCERY I,A,128.6818720379147,173.75177842929585,135.02428561040966,217215.0,750,7,758.5115927055377,1659.2846969709408,1040.0,8.081946458577907
637016,GROCERY I,A,128.56575829383885,50.810671683165296,39.5211542773596,217019.0,1922,7,221.81346201598163,1121.7737700728537,1029.0,8.003686313179953
1457177,HOME CARE,A,128.52902843601896,93.02356525097592,72.37552977947121,216957.0,1223,7,406.0934125424089,1305.7966115945417,1578.0,12.277382154067395
819195,GROCERY I,A,128.489336492891,54.70742049993197,42.57740135731714,216890.0,1921,7,238.82467869588382,1138.250034146121,944.0,7.346913181797224
314879,CLEANING,A,128.4431279620853,56.58471772410853,44.05429751042156,216812.0,1911,7,247.0200003228869,1146.121896057484,1169.0,9.101304355847462
1121514,CLEANING,A,128.32997630331752,81.2040600187903,63.27754618052638,216621.0,1800,7,354.4954846264955,1252.8053187497183,1307.0,10.18468200220662
1464043,BEVERAGES,A,128.29146919431278,86.5569026104571,67.4689464186869,216556.0,1197,7,377.86326362945647,1275.903547989646,1112.0,8.667762611056725
1064018,GROCERY I,A,128.28436018957345,51.73817396561587,40.330850845075176,216544.0,1913,7,225.86246364266648,1123.8529849696806,1299.0,10.125942071819123
1047695,BEVERAGES,A,128.26125592417063,61.85324260060096,48.22441676165188,216505.0,1895,7,270.01969121182464,1167.848482681019,1697.0,13.230807602595782
793346,PERSONAL CARE,A,128.01718009478674,104.92341060220252,81.96041384798112,216093.0,1920,7,458.0420644175404,1354.1623250810476,1744.0,13.623171504861332
968937,"LIQUOR,WINE,BEER",A,127.9585308056872,86.94428596193622,67.94723682312858,215994.0,1722,7,379.55438164605624,1275.2640972858667,1432.0,11.19112567941702
1463568,BEVERAGES,A,127.78909952606635,76.41348705017879,59.79656115707428,215708.0,1217,7,333.5822878509456,1228.10598453341,1580.0,12.364121868451797
1076335,GROCERY I,A,127.71623222748815,61.00551238113991,47.76645170089021,215585.0,1864,7,266.3189337015373,1160.3325592939543,1628.0,12.747009300275993
1239881,POULTRY,A,127.71523104265383,81.21168092530432,63.58809381019055,215583.30999999965,1581,7,354.5287536151071,1248.535370913684,1325.0,10.374643565867894
1457000,HOME CARE,A,127.37381516587678,108.02532247165055,84.80967797892447,215007.0,1230,7,471.5834286199486,1363.200134781086,1321.0,10.371048384471203
888682,BREAD/BAKERY,A,127.12796208530806,36.976735904220135,29.086233506525684,214592.0,1918,7,161.42155837084124,1051.3172929679977,1561.0,12.278966597077245
1176558,GROCERY I,A,127.06457345971565,67.23726230395852,52.915821045332756,214485.0,1639,7,293.5235735736018,1182.9755877916114,1527.0,12.017511714105881
510052,GROCERY I,A,127.04561611374407,72.13362256121532,56.777734460852244,214453.0,1891,7,314.8985836642367,1204.2178964604452,1437.0,11.310897958993346
215304,GROCERY I,A,127.00710900473933,76.71468483821705,60.40188257127749,214388.0,1863,7,334.89716368122237,1223.9469267143977,1404.0,11.054499318991734
319272,BEVERAGES,A,126.97511848341232,100.83626522472164,79.41419266160766,214334.0,1898,7,440.19967351992074,1329.025502903807,1215.0,9.568803829537078
208659,GROCERY I,A,126.93127962085308,87.03709272880528,68.57024760861725,214260.0,1920,7,379.9595286275034,1268.478485973475,1667.0,13.133090637543173
870938,DAIRY,A,126.9010663507109,51.5075342920103,40.588732445841856,214209.0,1921,7,224.8556085316045,1113.1630729865808,910.0,7.170940530043088
1501525,PRODUCE,A,126.89567997630317,109.37719559581394,86.19457779511433,214199.90779999975,1181,7,477.4850167695183,1365.7547766036405,1104.0,8.700059767252627
407542,DELI,A,126.71563981042654,54.81662903621321,43.25956063373223,213896.0,1902,7,239.30142743215896,1126.3109061051448,1666.0,13.147548341249953
1464029,BEVERAGES,A,126.64277251184834,217.09969740839782,171.42683558044072,213773.0,1200,7,947.7464849324907,1834.2458925154292,1769.0,13.968424450234595
411555,GROCERY I,A,126.61078199052133,46.09218301265502,36.404627068890306,213719.0,1915,7,201.21494849867577,1087.490422432325,1492.0,11.784146472704814
158875,GROCERY I,A,126.60545023696683,43.73592369793717,34.545056011472525,213710.0,1921,7,190.92872281632296,1077.1668744750907,1591.0,12.566599597585512
575876,EGGS,A,126.50355450236967,44.267070417233626,34.99274829973605,213538.0,1918,7,193.2474383290843,1078.772319845672,650.0,5.13819554365031
1971317,BEVERAGES,A,126.32879146919431,188.84896221914678,149.49004104515495,213243.0,587,7,824.4181924844166,1708.7197327687768,2399.0,18.990128632592864
1146783,GROCERY I,A,126.135663507109,57.8761705863738,45.884065598237335,212917.0,1843,7,252.65782444368904,1135.6074689934521,1204.0,9.54527820700085
357963,EGGS,A,126.10367298578198,46.43324610774518,36.82148585234346,212863.0,1916,7,202.70385591481013,1085.429566815284,1170.0,9.278080267589953
857332,BREAD/BAKERY,A,125.95082938388626,47.10056671433966,37.39599567921984,212605.0,1804,7,205.61703712497643,1087.2728428121802,891.0,7.074189224148068
519718,DELI,A,125.92535545023696,51.162024259653755,40.62885038261568,212562.0,1904,7,223.34728805680058,1104.8247762084593,1063.0,8.441508830364787
617092,EGGS,A,125.90699052132702,44.231316703481575,35.1301516463372,212531.0,1918,7,193.0913558612767,1074.440289510566,1154.0,9.165495857074967
1239720,DAIRY,A,125.84182464454976,49.522953396220345,39.35333386662333,212421.0,1591,7,216.191941145137,1097.0847136569853,1489.0,11.832314130900428
838415,DAIRY,A,125.82168246445498,80.855976614786,64.26235528811027,212387.0,1922,7,352.9759301243636,1233.7277073755486,1265.0,10.05391102091936
315320,GROCERY I,A,125.56575829383887,66.16013132854243,52.6896283091126,211955.0,1922,7,288.8213694344495,1167.7816774913217,1615.0,12.861786700007077
305081,GROCERY I,A,125.32997630331754,75.11893913516681,59.93692917755573,211557.0,1758,7,327.93095230937047,1205.2407864325933,974.0,7.7714847535179645
224081,CLEANING,A,125.32464454976304,51.93134384631511,41.43745552431595,211548.0,1920,7,226.70574476011151,1103.9782566084527,923.0,7.364872274850152
724403,BREAD/BAKERY,A,125.3074644549763,41.85506892760335,33.40189597615082,211519.0,1920,7,182.71787075834385,1059.870121943178,1061.0,8.467173161749063
1914277,BEVERAGES,A,125.28909952606635,253.5230812329722,202.3504695875213,211488.0,855,7,1106.7523905194969,1983.7760872019612,2077.0,16.577659252534424
1964739,BEVERAGES,A,125.18838862559242,339.9179260822294,271.5251229080359,211318.0,590,7,1483.908192667585,2360.226913046732,2440.0,19.490625502796732
1047396,CLEANING,A,125.18424170616113,43.5883577777384,34.81936478878166,211311.0,1889,7,190.2845253170463,1066.5742172601742,1155.0,9.226400897255704
1489838,PRODUCE,A,125.17476303317535,89.0776993866329,71.1626666814815,211295.0,1188,7,388.86777589902243,1265.0911171312498,974.0,7.781121181286827
592801,DAIRY,A,125.1718009478673,49.224015485318034,39.325163585222604,211290.0,1881,7,214.88693078513742,1091.0895374202084,1076.0,8.596185337687539
683723,GROCERY I,A,125.09241706161137,46.3185080041976,37.027430672623815,211156.0,1924,7,202.20296790979154,1077.849887341071,1113.0,8.897421811362216
841607,CLEANING,A,124.88803317535545,67.13077974059509,53.75277201005855,210811.0,1874,7,293.05872504392175,1167.27495727141,612.0,4.900389448368444
849080,DAIRY,A,124.84182464454976,54.40456883241354,43.57879980312246,210733.0,1891,7,237.5025828718321,1111.3953553836805,1388.0,11.118068835920335
958015,DAIRY,A,124.79502369668246,49.171724212897686,39.40199116625903,210654.0,1884,7,214.65865377590785,1088.223819652685,1352.0,10.833765321332612
838832,GROCERY I,A,124.72274881516587,55.07412163922215,44.15723848488923,210532.0,1910,7,240.4255087289595,1113.4847504351205,1095.0,8.779472954230236
269286,CLEANING,A,124.68424170616113,61.9976813423322,49.72375056700422,210467.0,1913,7,270.6502370458262,1143.439928988954,996.0,7.988178669340087
1579070,PRODUCE,A,124.66587677725119,123.58964943037384,99.1367105621049,210436.0,1144,7,539.5293370738008,1412.190474514559,1349.0,10.820924176471706
838412,DAIRY,A,124.56516587677726,58.12124417498732,46.659307813616365,210266.0,1920,7,253.72769066151852,1125.6838517989595,1673.0,13.43072108662361
1465130,BEVERAGES,A,124.38507109004739,107.54882595971891,86.46441652299251,209962.0,961,7,469.50328802253324,1340.198785652865,819.0,6.584391461312047
888689,BREAD/BAKERY,A,124.25118483412322,47.663612356022625,38.36069041889146,209736.0,1919,7,208.07500705368508,1077.8333008925476,1179.0,9.48884311706145
1148971,GROCERY I,A,123.97985781990522,89.94140690384721,72.5451766806325,209278.0,1709,7,392.63828213749844,1260.497286876835,683.0,5.50895937461176
1136979,GROCERY I,A,123.78495260663507,87.30844522114957,70.53235743329735,208949.0,1829,7,381.1441151279313,1247.6387833743768,1613.0,13.030662984747474
671076,DELI,A,123.73341232227489,48.51192024489988,39.206807065617966,208862.0,1926,7,211.77828637383777,1077.912172629762,1124.0,9.084045925060567
2026650,GROCERY I,A,123.68601895734596,149.96588132058582,121.247237630231,208782.0,814,7,654.6745047461795,1520.4766374476012,1498.0,12.111312277878362
1456916,HOME CARE,A,123.64514218009478,102.62784836949272,83.00192515449623,208713.0,1227,7,448.0208112192836,1313.536806479947,1309.0,10.586748309880075
1960944,PRODUCE,A,123.52428909952607,125.09160694996802,101.26883373453713,208509.0,760,7,546.0861171002397,1410.7561407969222,1351.0,10.937120220230302
1089163,EGGS,A,123.40462085308057,53.03895063260857,42.97971199616108,208307.0,1916,7,231.54099073662846,1095.3733367081925,1619.0,13.11944389770867
1243805,BEVERAGES,A,123.39751184834124,228.84363194839355,185.4523875891828,208295.0,1024,7,999.014509772804,1862.7970927111928,1591.0,12.89329076550085
312324,GROCERY I,A,123.34123222748815,63.15785284444802,51.20579039453808,208200.0,1912,7,275.7149537459177,1139.1035793383348,992.0,8.042728146013449
1457948,HOME CARE,A,123.32405213270142,138.8029066807189,112.55136713425668,208171.0,965,7,605.9426543446453,1469.2110192735554,1349.0,10.938661004654827
873687,PERSONAL CARE,A,123.26421800947867,164.56541952186595,133.5062373974671,208070.0,1288,7,718.4086378521876,1581.2581639185382,1955.0,15.860239342528958
108701,DELI,A,123.1718009478673,49.305605456479384,40.029946040448074,207914.0,1917,7,215.24311096086768,1077.4457175959387,1064.0,8.638340852467847
1354381,GROCERY I,A,123.13862559241706,126.2968979906105,102.56481049954802,207858.0,1184,7,551.3478026793802,1413.3181818262997,1242.0,10.086193458996046
1463789,BEVERAGES,A,123.135663507109,88.6079232432672,71.95959376801635,207853.0,1216,7,386.8169730011149,1248.766617550878,1293.0,10.500613414287983
1161557,BEVERAGES,A,123.06812796208531,62.59594666858807,50.862841342538786,207739.0,1701,7,273.261958143481,1134.7388538780783,1392.0,11.310808273843621
268662,GROCERY I,A,123.010663507109,197.12141700942118,160.24742196275463,207642.0,1917,7,860.531508361117,1721.60615291088,1704.0,13.852457595284191
890214,GROCERY I,A,122.9531990521327,83.35610266565935,67.79498484648292,207545.0,1869,7,363.8902045562897,1224.5625979212186,1722.0,14.005328964802814
314881,CLEANING,A,122.53495260663507,53.02701563755628,43.27501215737603,206839.0,1914,7,231.48888863909667,1089.2335568855422,952.0,7.769211802416372
890825,GROCERY I,A,122.44905213270142,63.89120739268422,52.177788459679995,206694.0,1916,7,278.916405445745,1136.0597703746548,1237.0,10.102160681974318
1156724,GROCERY I,A,122.35248815165876,71.88945665989615,58.75602347439596,206531.0,1739,7,313.8326799459082,1170.3000970075195,1660.0,13.567357926897174
1239847,DAIRY,A,122.24289099526067,62.03391274527172,50.7464378829823,206346.0,1560,7,270.80840486084395,1126.5086418276685,1146.0,9.37477828501643
1460808,DAIRY,A,122.23578199052133,86.38976824660156,70.67469675393461,206334.0,980,7,377.13364029167013,1232.7841142253194,1573.0,12.868572314790582
1696008,PRODUCE,A,122.2188743483412,97.37911331730756,79.67600244767695,206305.45989999996,1132,7,425.10751260379675,1280.6396330421853,1038.0,8.492959909298069
211206,GROCERY I,A,122.10841232227489,87.66748894709416,71.79479880200027,206119.0,1878,7,382.7115168021995,1237.4704030581238,1209.0,9.901037750037599
1246498,GROCERY I,A,122.05687203791469,62.67478905747115,51.348840922289405,206032.0,1510,7,273.6061437771766,1128.0042480425795,1659.0,13.5920245398773
946671,DELI,A,122.03969194312796,47.382922142046226,38.82582902956464,206003.0,1913,7,206.84965682599386,1061.1275004278896,1473.0,12.069843643053742
1464041,BEVERAGES,A,121.97808056872037,81.00641199532635,66.41063018669875,205899.0,1198,7,353.6326542231006,1207.4792182041433,1249.0,10.239544631105543
1239844,DAIRY,A,121.97630331753554,68.73838926571187,56.35388792425382,205896.0,1563,7,300.07672780837186,1153.9108510311207,1005.0,8.239305280335705
929627,GROCERY I,A,121.73874407582939,183.18884186120638,150.47702623505018,205495.0,1892,7,799.7089955690398,1651.8802040998455,925.0,7.598238399961069
1146787,GROCERY I,A,121.60485781990522,63.1958956701711,51.96823285116058,205269.0,1837,7,275.88102930837283,1127.1150340477093,844.0,6.940512205934652
1971255,BEVERAGES,A,121.57701421800948,223.4863489734087,183.82286356585254,205222.0,591,7,975.6273463223672,1826.6664458484336,2016.0,16.58208184307725
279157,DAIRY,A,121.41350710900474,55.08285182806503,45.36797687477373,204946.0,1918,7,240.46362027811142,1090.3581700411446,1076.0,8.862275916582904
476261,EGGS,A,121.4010663507109,43.67527184225206,35.97601994374599,204925.0,1920,7,190.66394776727228,1040.4714122222485,839.0,6.910977186775649
1695984,PRODUCE,A,121.33148447867289,86.12339164455818,70.98189889838244,204807.54579999985,1198,7,375.9707759889164,1225.2911673396266,1506.0,12.412277048046157
1898961,BEVERAGES,A,121.31220379146919,199.86020443430917,164.748638791412,204775.0,781,7,872.4876565543225,1721.6730830946067,1669.0,13.757890367476499
1038946,BREAD/BAKERY,A,121.21208530805687,43.15363269736381,35.601757520869434,204606.0,1916,7,188.38673747231263,1036.8713346287107,896.0,7.392002189574108
1156722,GROCERY I,A,121.19194312796209,84.59321118949418,69.80101895071964,204572.0,1747,7,369.2907890294172,1217.6343909251518,1310.0,10.80929941536476
1124164,BEVERAGES,A,121.09834123222748,75.72088384875282,62.52842365821068,204414.0,1663,7,330.55873573438214,1178.2471243599744,954.0,7.877894860430303
1457840,BREAD/BAKERY,A,121.09537914691943,83.82627584537025,69.22334810452817,204409.0,949,7,365.9427407122581,1213.6103947406941,1144.0,9.447098708960956
954805,GROCERY I,A,120.96090047393365,46.688806311148994,38.59826285040773,204182.0,1909,7,203.81950134110926,1050.5458046586448,998.0,8.25059995494216
