item_nbr,familia,clase_abc,ventas_totales,demanda_promedio_diaria,stock_seguridad,punto_pedido,stock_actual,dias_cobertura,stock_faltante,nivel_riesgo_pct,nivel_riesgo,riesgo_rotura,score_riesgo
1503844,PRODUCE,A,6264199.755600001,3711.018812559242,9275.758835266019,35252.890523180715,51663.0,13.921513904795184,0.0,0.0,Sin Riesgo,0,0.0
1047679,BEVERAGES,A,5512875.0,3265.921208530806,5192.514441287647,28053.962901003288,34199.0,10.471471237784277,0.0,0.0,Sin Riesgo,0,0.0
1473474,PRODUCE,A,4990322.645399998,2956.3522780805674,7067.104136252217,27761.570082816186,25852.0,8.744560041668848,1909.5700828161862,6.878465724812045,Riesgo Bajo,1,5.479672521849434
364606,GROCERY I,A,4416426.0,2616.366113744076,4176.991937025198,22491.55473323373,18436.0,7.046414453678155,4055.55473323373,18.031455723428515,Riesgo Medio,1,12.712651732347398
819932,BEVERAGES,A,4410943.0,2613.1178909952605,4841.506161547643,23133.331398514467,29973.0,11.470205804065028,0.0,0.0,Sin Riesgo,0,0.0
1463992,BEVERAGES,A,4408545.0,2611.6972748815165,7160.840286960349,25442.721211130964,22439.0,8.591730831827736,3003.7212111309636,11.805817413181662,Riesgo Medio,1,8.308559649820715
807493,BEVERAGES,A,4321424.0,2560.0853080568722,6411.189278221911,24331.78643462002,23082.0,9.016105802161508,1249.7864346200186,5.136435164669141,Riesgo Bajo,1,3.5434237510069826
265559,GROCERY I,A,4112827.0,2436.508886255924,5192.031566917783,22247.593770709253,20839.0,8.55281099837168,1408.5937707092526,6.331443234835489,Riesgo Bajo,1,4.156976421755974
502331,BREAD/BAKERY,A,3703350.0,2193.9277251184835,3630.70477810667,18988.198853936054,22165.0,10.102885225539039,0.0,0.0,Sin Riesgo,0,0.0
314384,GROCERY I,A,3544341.0,2099.7280805687205,3479.7918374208894,18177.888401401935,18248.0,8.690649122079392,0.0,0.0,Sin Riesgo,0,0.0
559870,GROCERY I,A,3532720.0,2092.8436018957345,5266.0476426625355,19915.95285593268,17877.0,8.541966530039177,2038.952855932679,10.237787118105695,Riesgo Medio,1,5.773640164578398
1143685,BEVERAGES,A,3499093.0,2072.922393364929,6230.330534784143,20740.787288338644,20186.0,9.737942946929389,554.7872883386444,2.674861279979326,Riesgo Bajo,1,1.4941395143696554
584028,MEATS,A,3252203.0354000065,1926.6605659952645,2868.8750574069118,16355.499019373765,22074.0,11.457129703901488,0.0,0.0,Sin Riesgo,0,0.0
1167614,EGGS,A,3222418.0,1909.0154028436018,5705.483125670941,19068.590945576154,19123.0,10.017205713225287,0.0,0.0,Sin Riesgo,0,0.0
1430040,BEVERAGES,A,2975535.0,1762.757701421801,6400.307092373156,18739.611002325764,15601.0,8.850337166257496,3138.6110023257643,16.748538707320193,Riesgo Medio,1,7.9556631440327665
364738,BEVERAGES,A,2940762.0,1742.1575829383887,4119.6508385637035,16314.753919132425,14999.0,8.609439322189283,1315.753919132425,8.064810083279474,Riesgo Bajo,1,3.7860681260879536
1463993,BEVERAGES,A,2850889.0,1688.9152843601896,6242.426950742371,18064.8339412637,15704.0,9.298275730833435,2360.8339412636997,13.068672255387204,Riesgo Medio,1,5.947660584128351
584126,MEATS,A,2689296.2295000027,1593.18497008294,2614.802097208833,13767.096887789412,18804.0,11.802772655469552,0.0,0.0,Sin Riesgo,0,0.0
320682,GROCERY I,A,2670201.0,1581.8726303317535,2633.702233181678,13706.810645503952,11903.0,7.524626048750638,1803.8106455039524,13.159958885808571,Riesgo Medio,1,5.609612839282639
903285,POULTRY,A,2648742.0320000025,1569.1599715639825,3216.4143730267215,14200.5341739746,15736.0,10.02829557544469,0.0,0.0,Sin Riesgo,0,0.0
1463860,BEVERAGES,A,2585332.0,1531.5947867298578,4535.575340003835,15256.73884711284,9110.0,5.948048451804256,6146.73884711284,40.28868101308583,Riesgo Alto,1,16.627760979015356
1463810,BEVERAGES,A,2544516.0,1507.414691943128,8627.678857788138,19179.581701390034,16218.0,10.758817786958305,2961.581701390034,15.441325819819077,Riesgo Medio,1,6.2722617641013265
1695835,PRODUCE,A,2527146.0013000024,1497.1244083530821,3866.7109674097437,14346.58182588132,14813.0,9.89430131347274,0.0,0.0,Sin Riesgo,0,0.0
1052563,GROCERY I,A,2444486.0,1448.1552132701422,2563.508590081009,12700.595082972006,14784.0,10.208850449542357,0.0,0.0,Sin Riesgo,0,0.0
1463814,BEVERAGES,A,2408089.0,1426.593009478673,6372.564312791366,16358.715379142077,15204.0,10.6575595835536,1154.715379142077,7.05871672915331,Riesgo Bajo,1,2.713517890995472
261052,GROCERY I,A,2403946.0,1424.1386255924172,2982.7544058186,12951.72478496552,17389.0,12.21018774964163,0.0,0.0,Sin Riesgo,0,0.0
839362,BEVERAGES,A,2358256.0,1397.0710900473935,3810.2275894360587,13589.725219767814,19384.0,13.874741334274141,0.0,0.0,Sin Riesgo,0,0.0
564533,GROCERY I,A,2321202.0,1375.1196682464456,2408.8213008398425,12034.658978564963,17394.0,12.649080950300748,0.0,0.0,Sin Riesgo,0,0.0
1146786,GROCERY I,A,2297889.0,1361.3086492890995,3006.313138865076,12535.473683888773,5235.0,3.8455643418807437,7300.473683888773,58.238514698265554,Riesgo Alto,1,21.363565582634358
1162382,GROCERY I,A,2269314.0,1344.3803317535544,3972.2430460942023,13382.905368369084,6627.0,4.929408623046436,6755.905368369084,50.481604572478545,Riesgo Alto,1,18.2878286881541
903284,POULTRY,A,2239207.350999998,1326.5446392180083,2560.7449528566126,11846.55742738267,11727.0,8.840260367651863,119.55742738266963,1.0092166278307921,Riesgo Bajo,1,0.36075562401564654
457928,POULTRY,A,2225450.2330000005,1318.3946877962087,2678.3682459295133,11907.131060502976,12499.0,9.480469024714424,0.0,0.0,Sin Riesgo,0,0.0
220435,GROCERY I,A,2167635.0,1284.1439573459716,2495.2621196778446,11484.269821099646,11582.0,9.019238017470654,0.0,0.0,Sin Riesgo,0,0.0
1464086,BEVERAGES,A,2134704.0,1264.6350710900474,3332.8718515736477,12185.317349203979,9521.0,7.528654089747337,2664.3173492039787,21.864981213460382,Riesgo Medio,1,7.451113418688874
582864,MEATS,A,2134686.798899998,1264.6248808649277,2134.079092726123,10986.453258780617,9801.0,7.750124284520405,1185.453258780617,10.790136096316402,Riesgo Medio,1,3.6770157373333587
1473410,PRODUCE,A,2115222.6468999977,1253.0939851303303,3199.90651331017,11971.564409222483,11243.0,8.972192136753934,728.5644092224829,6.085791165782994,Riesgo Bajo,1,2.054979694199605
1047690,BEVERAGES,A,2113502.0,1252.074644549763,2757.285924196506,11521.808436044848,9094.0,7.263145244243914,2427.8084360448483,21.071418167739083,Riesgo Medio,1,7.109365310475681
159156,POULTRY,A,2107636.604199997,1248.5998840047378,2675.6990195636954,11415.89820759686,14958.0,11.979818508411173,0.0,0.0,Sin Riesgo,0,0.0
1503847,PRODUCE,A,2074110.636199998,1228.7385285545013,3355.6028799035394,11956.772579785049,10185.0,8.28898888031266,1771.772579785049,14.818150700470218,Riesgo Medio,1,4.906370354678433
315176,BEVERAGES,A,2045250.0,1211.6409952606634,2765.27576045125,11246.762727275895,9910.0,8.178990343478793,1336.7627272758946,11.885755569768964,Riesgo Medio,1,3.8806779042028747
273528,PERSONAL CARE,A,2041030.0,1209.1409952606634,2534.2357340243484,10998.222700848994,13597.0,11.245173270358594,0.0,0.0,Sin Riesgo,0,0.0
414750,GROCERY I,A,1978341.0,1172.0029620853081,2737.7099563508946,10941.730690948052,9240.0,7.883939118685808,1701.7306909480521,15.552664738457429,Riesgo Medio,1,4.911796480282823
215352,GROCERY I,A,1970619.0,1167.428317535545,2222.2147596394975,10394.212982388312,10681.0,9.149169880123962,0.0,0.0,Sin Riesgo,0,0.0
968432,BEVERAGES,A,1943481.0,1151.3513033175354,2905.9820378104,10965.441161033148,13666.0,11.86953101162296,0.0,0.0,Sin Riesgo,0,0.0
1463855,BEVERAGES,A,1939965.0,1149.26836492891,3567.2534433841947,11612.131997886565,13128.0,11.422919485660824,0.0,0.0,Sin Riesgo,0,0.0
1642399,PRODUCE,A,1938068.1639999996,1148.1446469194311,4639.761403602166,12676.773932038184,9228.0,8.037314832028787,3448.7739320381843,27.205454246699556,Riesgo Alto,1,8.417040774530149
1427659,DAIRY,A,1932737.0,1144.9863744075828,2501.9851083137064,10516.889729166785,12546.0,10.957335633353116,0.0,0.0,Sin Riesgo,0,0.0
414353,GROCERY I,A,1929953.0,1143.3370853080569,2009.6584581882387,10013.018055344637,11471.0,10.032911682305217,0.0,0.0,Sin Riesgo,0,0.0
1463862,BEVERAGES,A,1924160.0,1139.9052132701422,3106.70251523127,11086.039008122265,12187.0,10.691239813736903,0.0,0.0,Sin Riesgo,0,0.0
305080,GROCERY I,A,1893822.0,1121.9324644549763,2373.375246523941,10226.902497708776,3730.0,3.3246207932952516,6496.902497708776,63.52756857870049,Riesgo Alto,1,19.205949949680065
841842,GROCERY I,A,1891177.0,1120.3655213270142,5841.438248189392,13683.996897478492,9330.0,8.327639348405782,4353.9968974784915,31.81816635957283,Riesgo Alto,1,9.605981090817606
1158720,GROCERY I,A,1847559.0,1094.5254739336492,3340.8074851848814,11002.485802720426,12719.0,11.620560967200507,0.0,0.0,Sin Riesgo,0,0.0
257847,BEVERAGES,A,1826579.0,1082.0965639810427,2981.461312087621,10556.13725995492,10287.0,9.50654529587825,269.1372599549195,2.5495809056585617,Riesgo Bajo,1,0.7434327005478532
903286,POULTRY,A,1793565.878999999,1062.5390278436014,2288.520919807465,9726.294114712675,12925.0,12.164259063717397,0.0,0.0,Sin Riesgo,0,0.0
1036689,GROCERY I,A,1753604.0,1038.8649289099526,1831.436067296479,9103.490569666148,8333.0,8.021254513561784,770.4905696661481,8.463682845275954,Riesgo Bajo,1,2.3693286726591136
1693648,PRODUCE,A,1750853.3112999983,1037.23537399289,2881.4838125832084,10142.131430533438,9455.0,9.115578042428789,687.1314305334381,6.775019977209047,Riesgo Bajo,1,1.893628336263667
464374,BEVERAGES,A,1735006.0,1027.8471563981043,2119.819678898387,9314.749773685118,12721.0,12.376353741716168,0.0,0.0,Sin Riesgo,0,0.0
1157329,GROCERY I,A,1729157.0,1024.3821090047393,7282.214716914029,14452.889479947204,20379.0,19.893943696263555,0.0,0.0,Sin Riesgo,0,0.0
1146795,GROCERY I,A,1699167.0,1006.6155213270142,1785.7388125736886,8832.047461862789,8219.0,8.164984371753924,613.0474618627886,6.941170374253053,Riesgo Bajo,1,1.8827955846658275
1463881,BEVERAGES,A,1694360.0,1003.7677725118483,3108.83732497195,10135.211732554888,11935.0,11.890200429660757,0.0,0.0,Sin Riesgo,0,0.0
1473482,PRODUCE,A,1682091.6663999998,996.4998023696681,2604.1298644847893,9579.628481072466,13673.0,13.72102630375412,0.0,0.0,Sin Riesgo,0,0.0
1074327,BEVERAGES,A,1669603.0,989.1013033175356,2551.12325548187,9474.832378704617,8310.0,8.40156612080836,1164.8323787046174,12.293962912976317,Riesgo Medio,1,3.276721394946634
1047685,BEVERAGES,A,1660398.0,983.6481042654028,1978.3451391784051,8863.881869036224,8735.0,8.88020823922939,128.8818690362241,1.454011582514891,Riesgo Bajo,1,0.38540244848135724
564287,BREAD/BAKERY,A,1653960.0,979.8341232227489,2001.2974002453461,8860.136262804588,12426.0,12.681738373358485,0.0,0.0,Sin Riesgo,0,0.0
964752,GROCERY I,A,1626516.0,963.5758293838862,1730.7379342616573,8475.76873994886,5140.0,5.334297357050285,3335.7687399488605,39.35653322189378,Riesgo Alto,1,10.2190277269998
621300,GROCERY I,A,1604648.0,950.6208530805687,1664.5615805701755,8318.907552134157,7949.0,8.361903669839117,369.9075521341565,4.446588086427999,Riesgo Bajo,1,1.1390455218692317
1584575,PRODUCE,A,1587850.0,940.6694312796209,3251.516448124934,9836.20246708228,4943.0,5.254768397518657,4893.202467082279,49.74686606398978,Riesgo Alto,1,12.609840739687627
1473404,PRODUCE,A,1584543.0,938.710308056872,2314.6855159141423,8885.657672312245,9119.0,9.714392099173073,0.0,0.0,Sin Riesgo,0,0.0
1146496,FROZEN FOODS,A,1574563.0,932.7979857819905,3086.0497267471255,9615.63562722106,12424.0,13.319068211306883,0.0,0.0,Sin Riesgo,0,0.0
265254,GROCERY I,A,1568426.0,929.1623222748815,1700.3972479817546,8204.533503905925,12145.0,13.07091313201898,0.0,0.0,Sin Riesgo,0,0.0
1047681,BEVERAGES,A,1563715.0,926.3714454976304,2148.0293509027715,8632.629469386184,8428.0,9.097862462149433,204.6294693861837,2.3704187711503124,Riesgo Bajo,1,0.5917211349168219
222879,GROCERY I,A,1547500.0,916.7654028436019,1943.595015789336,8360.95283569455,8450.0,9.21718901453958,0.0,0.0,Sin Riesgo,0,0.0
1047790,BEVERAGES,A,1533705.0,908.593009478673,1770.1493133387273,8130.300379689439,7377.0,8.119146772032432,753.3003796894391,9.26534499969131,Riesgo Bajo,1,2.2684950204609913
507969,POULTRY,A,1515402.1121000014,897.7500664099534,1914.6579164086443,8198.908381278317,9444.0,10.519631636192429,0.0,0.0,Sin Riesgo,0,0.0
1751174,PRODUCE,A,1478620.3132999989,875.9599012440751,2577.952606851456,8709.671915559982,4069.0,4.6451898017489555,4640.671915559982,53.28182232983243,Riesgo Alto,1,12.576799575412902
587157,MEATS,A,1464587.2843000018,867.6464954383897,1481.4615190348661,7554.9869871035935,7311.0,8.426242759507744,243.9869871035935,3.229482559269535,Riesgo Bajo,1,0.7550619832878798
1686656,PRODUCE,A,1454030.0,861.3921800947867,2175.798193961808,8205.543454625315,4871.0,5.654799419544301,3334.5434546253146,40.63769173930453,Riesgo Alto,1,9.432716903205034
116017,GROCERY I,A,1446010.0,856.6409952606635,1702.2882319803348,7698.7751988049795,7463.0,8.711934218988803,235.77519880497948,3.0625027061652226,Riesgo Bajo,1,0.7069393874585677
987308,GROCERY I,A,1439227.0,852.6226303317535,2226.3447449834193,8194.703157305694,10925.0,12.813406085349984,0.0,0.0,Sin Riesgo,0,0.0
1037857,BEVERAGES,A,1438841.0,852.3939573459716,1654.2014246372569,7620.959126059057,7969.0,9.3489635060441,0.0,0.0,Sin Riesgo,0,0.0
1502392,PRODUCE,A,1434598.0959000017,849.8803885663517,2324.4580347510587,8273.62075471552,10281.0,12.096996398920133,0.0,0.0,Sin Riesgo,0,0.0
219150,BEVERAGES,A,1425839.0,844.6913507109005,2881.2255135618434,8794.064968538147,10333.0,12.232870611618843,0.0,0.0,Sin Riesgo,0,0.0
1463867,BEVERAGES,A,1409576.0,835.0568720379147,2601.959269237473,8447.357373502877,6768.0,8.10483719927127,1679.3573735028767,19.88026905042015,Riesgo Medio,1,4.473476456743507
1305845,DELI,A,1403418.0,831.4087677725119,1855.2470811938254,7675.108455601408,7142.0,8.590238973705624,533.1084556014084,6.94594035622178,Riesgo Bajo,1,1.5561537152664386
839363,BEVERAGES,A,1390706.0,823.877962085308,2494.0495435049143,8261.19527810207,5407.0,6.562865192211726,2854.19527810207,34.54942271692425,Riesgo Alto,1,7.670267766606476
1157564,GROCERY I,A,1373762.0,813.8400473933649,1500.5607756487982,7197.441107402352,5842.0,7.178314729916827,1355.441107402352,18.832263955703944,Riesgo Medio,1,4.129984611871268
510054,GROCERY I,A,1373396.0,813.6232227488151,2644.0201980602396,8339.382757301944,7994.0,9.825186617698028,345.38275730194437,4.1415865820468305,Riesgo Bajo,1,0.9080231581618798
1473393,PRODUCE,A,1373383.5684000005,813.6158580568723,2019.910634590603,7715.221640988709,7114.0,8.74368404887055,601.2216409887087,7.792668428274238,Riesgo Bajo,1,1.7084900212215857
1066900,BEVERAGES,A,1358628.0,804.8744075829384,2197.9911474281616,7832.1120005087305,8386.0,10.419016831686083,0.0,0.0,Sin Riesgo,0,0.0
1309297,BEVERAGES,A,1352226.0,801.0817535545024,3173.960527253049,8781.532802134567,7871.0,9.825464086624573,910.5328021345667,10.368722894404488,Riesgo Medio,1,2.2382518488614274
518091,BEVERAGES,A,1342988.0,795.6090047393365,2270.9536338572757,7840.216667032631,6895.0,8.666317197175255,945.2166670326314,12.056001857795309,Riesgo Medio,1,2.5846981984446606
1473428,PRODUCE,A,1342702.1197999998,795.4396444312795,2206.5670356432615,7774.644546662217,10994.0,13.821287481667387,0.0,0.0,Sin Riesgo,0,0.0
581078,CLEANING,A,1341018.0,794.4419431279621,1197.320851249526,6758.41445314526,6975.0,8.779747922846674,0.0,0.0,Sin Riesgo,0,0.0
862454,GROCERY I,A,1338766.0,793.1078199052133,1667.1146754283127,7218.869414764806,8581.0,10.819462101666758,0.0,0.0,Sin Riesgo,0,0.0
1333307,BREAD/BAKERY,A,1331336.0,788.7061611374407,1663.8144527978018,7184.757580759887,6964.0,8.829650816923753,220.75758075988688,3.0725821752296163,Riesgo Bajo,1,0.6530186492192545
115611,GROCERY I,A,1328769.0,787.1854265402843,1724.1194690694083,7234.417454851398,6065.0,7.704664994442225,1169.4174548513984,16.164638855160167,Riesgo Medio,1,3.428861122720535
1047772,BEVERAGES,A,1327721.0,786.5645734597157,1625.3400450942452,7131.292059312255,8865.0,11.270530480424727,0.0,0.0,Sin Riesgo,0,0.0
1473478,PRODUCE,A,1323820.0114000014,784.253561255925,2361.5388258740277,7851.3137546655025,8200.0,10.455802058288771,0.0,0.0,Sin Riesgo,0,0.0
410257,GROCERY I,A,1317547.0,780.5373222748815,1778.9655142429508,7242.726770167122,10342.0,13.24984687453275,0.0,0.0,Sin Riesgo,0,0.0
1114566,BEVERAGES,A,1316885.0,780.1451421800948,2302.1258207957617,7763.141816056425,10449.0,13.393661557387318,0.0,0.0,Sin Riesgo,0,0.0
1239897,POULTRY,A,1309670.521999998,775.8711623222737,1381.3633979480028,6812.461534203919,5851.0,7.54120050355689,961.4615342039187,14.113276520926027,Riesgo Medio,1,2.95069489311346
1105212,GROCERY I,A,1306828.0,774.1872037914692,1540.8917483769162,6960.202174917201,7515.0,9.706954549489298,0.0,0.0,Sin Riesgo,0,0.0
866927,DELI,A,1287519.0,762.7482227488151,1323.9827768390035,6663.220336080709,5373.0,7.0442642011496535,1290.2203360807089,19.36331489886786,Riesgo Medio,1,3.9798596481519017
1463866,BEVERAGES,A,1280712.0,758.7156398104265,2299.181755923414,7610.1912345964,5313.0,7.00262354065551,2297.1912345964,30.185722852183094,Riesgo Alto,1,6.171453496658527
305229,GROCERY I,A,1279151.0,757.7908767772511,1192.0431003289655,6496.5792377697235,2576.0,3.3993547282533494,3920.5792377697235,60.348363258256185,Riesgo Alto,1,12.323149360164004
1473394,PRODUCE,A,1272800.9031000028,754.0289710308074,1898.017036528355,7176.219833744007,9217.0,12.223668259589221,0.0,0.0,Sin Riesgo,0,0.0
165594,GROCERY I,A,1266309.0,750.1830568720379,1518.7494187041352,6770.030816808401,6479.0,8.63655869144103,291.03081680840114,4.29881081317739,Riesgo Bajo,1,0.8690053054514133
323013,GROCERY I,A,1265474.0,749.6883886255924,1834.7803562693541,7082.599076648501,6842.0,9.12645854438732,240.59907664850107,3.397044983694785,Riesgo Bajo,1,0.6862603798439083
418235,BEVERAGES,A,1264798.0,749.2879146919431,1191.198275788415,6436.213678632017,8512.0,11.360119165273822,0.0,0.0,Sin Riesgo,0,0.0
315277,GROCERY I,A,1262961.0,748.199644549763,1577.8169442066785,6815.21445605502,9504.0,12.702492000940648,0.0,0.0,Sin Riesgo,0,0.0
988459,PREPARED FOODS,A,1262042.9879999992,747.6557985781985,1630.2695465296545,6863.860136577045,8222.0,10.997039032714795,0.0,0.0,Sin Riesgo,0,0.0
208384,EGGS,A,1261103.0,747.098933649289,1388.9203135892458,6618.612849134269,3446.0,4.612508256661035,3172.612849134269,47.93470960534056,Riesgo Alto,1,9.650172160200164
876663,GROCERY I,A,1259713.0,746.2754739336493,2121.3527509656287,7345.281068501174,6969.0,9.338374693283312,376.28106850117365,5.122759292558357,Riesgo Bajo,1,1.0301725245810687
1057033,GROCERY I,A,1259702.0,746.2689573459716,1391.7263069761407,6615.609008397942,7113.0,9.531416160329982,0.0,0.0,Sin Riesgo,0,0.0
1004550,"LIQUOR,WINE,BEER",A,1251986.0,741.6978672985782,2755.651211296249,7947.536282386297,9869.0,13.30595709536688,0.0,0.0,Sin Riesgo,0,0.0
1473403,PRODUCE,A,1251769.6531000014,741.5696997037923,2065.820167991268,7256.808065917814,8359.0,11.272035525910598,0.0,0.0,Sin Riesgo,0,0.0
1473479,PRODUCE,A,1236583.7767999985,732.5733274881508,2043.1363968668772,7171.149689283933,8209.0,11.205704182743098,0.0,0.0,Sin Riesgo,0,0.0
1625605,PRODUCE,A,1236396.9711000002,732.4626606042655,2428.642882866084,7555.881507095943,7892.0,10.774610672289118,0.0,0.0,Sin Riesgo,0,0.0
939207,DAIRY,A,1233474.0,730.7310426540284,1250.370581939206,6365.487880517406,5760.0,7.882517183175325,605.4878805174058,9.512041997135809,Riesgo Bajo,1,1.873001651948644
1239809,DAIRY,A,1215441.0,720.0479857819905,1624.613833474207,6664.949733948141,6158.0,8.552207799473607,506.94973394814133,7.606204910533325,Riesgo Bajo,1,1.4758299006028481
223136,GROCERY I,A,1212353.0,718.2186018957347,1845.9474475838713,6873.477660854014,10089.0,14.047255213621774,0.0,0.0,Sin Riesgo,0,0.0
759893,CLEANING,A,1207669.0,715.443720379147,1440.1828448833824,6448.288887537411,6829.0,9.545125361336591,0.0,0.0,Sin Riesgo,0,0.0
557256,EGGS,A,1206272.0,714.6161137440758,1067.315889367961,6069.628685576492,5202.0,7.2794328310696095,867.628685576492,14.294592478750367,Riesgo Medio,1,2.752652745965246
115894,GROCERY I,A,1203888.0,713.2037914691944,1440.1286758863878,6432.555216170748,9499.0,13.318773839426923,0.0,0.0,Sin Riesgo,0,0.0
638977,GROCERY I,A,1202689.0,712.4934834123222,1651.4461595519258,6638.900543438182,9275.0,13.01766292033934,0.0,0.0,Sin Riesgo,0,0.0
885543,PREPARED FOODS,A,1200967.0,711.4733412322275,1251.0443631280134,6231.357751753606,6088.0,8.556891238476993,143.35775175360595,2.300586123678467,Riesgo Bajo,1,0.4410663968251947
903283,POULTRY,A,1193917.318999999,707.2969899289094,1344.627679930709,6295.706609433075,6433.0,9.09518927918325,0.0,0.0,Sin Riesgo,0,0.0
1926217,PRODUCE,A,1185091.0,702.0681279620853,3096.7667944511722,8011.243690185769,8102.0,11.540190584520513,0.0,0.0,Sin Riesgo,0,0.0
311994,BREAD/BAKERY,A,1184281.574,701.5886101895735,1132.333179584446,6043.45345091146,7779.0,11.08769425133351,0.0,0.0,Sin Riesgo,0,0.0
452212,BREAD/BAKERY,A,1176713.0,697.1048578199052,1273.388954163639,6153.122958902975,5341.0,7.661688109165107,812.1229589029754,13.19854916482551,Riesgo Medio,1,2.4793118018794296
457574,FROZEN FOODS,A,1173380.6980000017,695.1307452606645,12392.170424179703,17258.085641004356,25767.0,37.067846841298504,0.0,0.0,Sin Riesgo,0,0.0
1463798,BEVERAGES,A,1171244.0,693.8649289099526,3307.7185624602776,8164.773064829946,4989.0,7.190160205729976,3175.7730648299457,38.89603592915157,Riesgo Alto,1,7.272556828200901
1584576,PRODUCE,A,1161247.0,687.9425355450237,1968.5236420257063,6784.121390840872,8945.0,13.002539511404551,0.0,0.0,Sin Riesgo,0,0.0
1166474,BEVERAGES,A,1158563.0,686.3524881516588,3170.134339941786,7974.601757003398,10301.0,15.008323241809034,0.0,0.0,Sin Riesgo,0,0.0
2042947,BEVERAGES,A,1157125.0,685.5005924170616,14039.065043893816,18837.569190813247,18941.0,27.630902452198335,0.0,0.0,Sin Riesgo,0,0.0
1463825,BEVERAGES,A,1155058.0,684.276066350711,2021.544959354111,6811.477423809088,9312.0,13.608542601323915,0.0,0.0,Sin Riesgo,0,0.0
1121616,DELI,A,1149783.0,681.151066350711,1464.3080892676023,6232.3655537225795,8970.0,13.168884911326746,0.0,0.0,Sin Riesgo,0,0.0
567623,GROCERY I,A,1142697.0,676.9531990521327,1462.5619423757792,6201.234335740708,7138.0,10.544303520530814,0.0,0.0,Sin Riesgo,0,0.0
1695845,PRODUCE,A,1135281.0,672.5598341232228,1801.6891891570258,6509.608028019586,8169.0,12.146131222137955,0.0,0.0,Sin Riesgo,0,0.0
828630,DELI,A,1133765.0,671.6617298578199,1091.482685440582,5793.1147944453205,7862.0,11.705296953072287,0.0,0.0,Sin Riesgo,0,0.0
1146801,GROCERY I,A,1132056.0,670.6492890995261,1179.932733551947,5874.477757248629,6089.0,9.079261096624196,0.0,0.0,Sin Riesgo,0,0.0
838216,DAIRY,A,1129402.0,669.0770142180095,1081.4731146366048,5765.012214162671,4991.0,7.459529910519018,774.0122141626707,13.4260290422488,Riesgo Medio,1,2.420641844765292
938566,GROCERY I,A,1127966.0,668.2263033175356,1851.5950195699927,6529.179142792741,5388.0,8.063136654828249,1141.179142792741,17.478141093010688,Riesgo Medio,1,3.1472094864941873
1642400,PRODUCE,A,1124190.367,665.9895539099526,2426.6250806921116,7088.55195806178,8363.0,12.557254015324613,0.0,0.0,Sin Riesgo,0,0.0
1083196,DAIRY,A,1122549.0,665.0171800947867,996.9598645936346,5652.080125257142,5755.0,8.653911766880556,0.0,0.0,Sin Riesgo,0,0.0
1693656,PRODUCE,A,1119149.0,663.002962085308,1980.312572625267,6621.333307222423,2135.0,3.220196774513492,4486.333307222423,67.75573889821884,Riesgo Alto,1,12.105100474232824
1463823,BEVERAGES,A,1110244.0,657.7274881516588,2246.5722313368497,6850.664648398461,7208.0,10.958945961428299,0.0,0.0,Sin Riesgo,0,0.0
1464088,BEVERAGES,A,1108186.0,656.5082938388625,2089.5228978328964,6685.080954704934,4100.0,6.2451610108772355,2585.080954704934,38.66940388935102,Riesgo Alto,1,6.840920419278645
2042941,BEVERAGES,A,1105885.0,655.1451421800948,10843.362936554731,15429.378931815394,14674.0,22.398090217337245,755.378931815394,4.895718325109003,Riesgo Bajo,1,0.8642925946164363
1696007,PRODUCE,A,1092744.6464000011,647.360572511849,1895.4786089850013,6427.002616567945,5526.0,8.53620105184712,901.0026165679446,14.019017422605081,Riesgo Medio,1,2.445516879094596
1083152,DAIRY,A,1087397.0,644.1925355450237,974.598819161102,5483.946567976268,3394.0,5.268611188002174,2089.946567976268,38.11026497195646,Riesgo Alto,1,6.61552782742338
582863,MEATS,A,1081666.1011000013,640.7974532582946,939.225436163384,5424.807608971446,6760.0,10.549355284773828,0.0,0.0,Sin Riesgo,0,0.0
514327,PREPARED FOODS,A,1078349.0,638.832345971564,1019.4576173774319,5491.28403917838,8144.0,12.748258680631224,0.0,0.0,Sin Riesgo,0,0.0
1962621,BEVERAGES,A,1074074.0,636.2997630331754,4825.955698323329,9280.054039555556,9522.0,14.964644894113441,0.0,0.0,Sin Riesgo,0,0.0
1166475,BEVERAGES,A,1073576.0,636.0047393364929,1933.8428220680055,6385.875997423455,6319.0,9.935460554259782,66.87599742345537,1.047248606932521,Riesgo Bajo,1,0.17948038285833687
378685,DAIRY,A,1070094.0,633.9419431279621,1329.1721531091016,5766.765755004836,4930.0,7.776737370735655,836.7657550048361,14.510139488128635,Riesgo Medio,1,2.478722552154994
155500,GROCERY I,A,1058259.0,626.9306872037914,1133.9976081517032,5522.512418578243,4846.0,7.7297221190653715,676.5124185782433,12.250084151959403,Riesgo Medio,1,2.0695000655078415
1463885,BEVERAGES,A,1053291.0,623.9875592417062,2406.394286573306,6774.307201265249,8720.0,13.97463758828282,0.0,0.0,Sin Riesgo,0,0.0
264299,CLEANING,A,1045671.0,619.4733412322275,5162.852319627531,9499.165708253124,8752.0,14.128130167136698,747.1657082531237,7.865592949957348,Riesgo Bajo,1,1.3129885326888104
913364,CLEANING,A,1041917.0,617.2494075829384,1242.2735618643328,5563.019414944902,5285.0,8.56217913710977,278.01941494490165,4.997635172690751,Riesgo Bajo,1,0.8312507980878842
939661,GROCERY I,A,1037094.0,614.3921800947867,1531.4643921757172,5832.209652839224,7583.0,12.342279484791158,0.0,0.0,Sin Riesgo,0,0.0
168927,CLEANING,A,1036958.0,614.3116113744076,1036.685306405642,5336.8665860264955,5315.0,8.651960831586237,21.866586026495497,0.40972705002123766,Riesgo Bajo,1,0.06782506288310844
1012473,CLEANING,A,1033482.0,612.2523696682465,1234.737596051597,5520.504183729323,7268.0,11.870921796412516,0.0,0.0,Sin Riesgo,0,0.0
261053,GROCERY I,A,1032479.0,611.6581753554502,1495.2939042597932,5776.901131747945,7095.0,11.599616069673088,0.0,0.0,Sin Riesgo,0,0.0
1463857,BEVERAGES,A,1032268.0,611.5331753554502,1923.7663431722508,6204.498570660402,6040.0,9.876814935656245,164.49857066040204,2.651279048371075,Riesgo Bajo,1,0.43690026299963863
514144,GROCERY I,A,1031001.0,610.7825829383886,1637.292938469362,5912.771019038082,7867.0,12.88019701241803,0.0,0.0,Sin Riesgo,0,0.0
582865,MEATS,A,1027832.5167,608.9055193720379,899.6710203419844,5162.00965594625,1908.0,3.1334910578043593,3254.00965594625,63.03765147354719,Riesgo Alto,1,10.343244227323897
215331,GROCERY I,A,1023516.0,606.3483412322275,1280.8089127889884,5525.247301414582,1793.0,2.9570461038225098,3732.2473014145817,67.54896383477798,Riesgo Alto,1,11.036915801816486
265279,BREAD/BAKERY,A,1023229.0,606.178317535545,1116.8595247410797,5360.107747489895,6928.0,11.428980218504362,0.0,0.0,Sin Riesgo,0,0.0
1109325,BEVERAGES,A,1013401.0,600.3560426540284,1039.6972981187605,5242.1895966969605,4553.0,7.583833053253351,689.1895966969605,13.146979596678657,Riesgo Medio,1,2.1268737891608986
847863,GROCERY I,A,1012581.0,599.8702606635071,1471.2011363459962,5670.292960990546,6416.0,10.695646076708925,0.0,0.0,Sin Riesgo,0,0.0
564534,GROCERY I,A,1012530.0,599.8400473933649,1083.2661533282956,5282.146485081849,5212.0,8.688983042477755,70.14648508184928,1.327992044142682,Riesgo Bajo,1,0.21465340137880032
671039,BEVERAGES,A,999835.0,592.3193127962086,952.0393552540199,5098.27454482748,6276.0,10.595636279986197,0.0,0.0,Sin Riesgo,0,0.0
819934,BEVERAGES,A,986620.0,584.4905213270142,1854.5130255965605,5945.94667488566,4945.0,8.460359611603252,1000.9466748856603,16.834101104764926,Riesgo Medio,1,2.6513938699249433
913363,CLEANING,A,983912.0,582.8862559241707,1158.7265725126833,5238.930363981878,6486.0,11.127385375927927,0.0,0.0,Sin Riesgo,0,0.0
114790,GROCERY I,A,982261.0,581.9081753554502,1258.0798677036262,5331.437095191778,7462.0,12.823329033729324,0.0,0.0,Sin Riesgo,0,0.0
1161571,GROCERY I,A,979588.0,580.324644549763,1314.6132833525141,5376.885795200855,4915.0,8.469397338472909,461.8857952008548,8.590210259126415,Riesgo Bajo,1,1.3433267162009794
852110,CLEANING,A,977214.0,578.9182464454976,834.5914090265923,4887.019134145075,3350.0,5.786654714320507,1537.0191341450754,31.45105619509628,Riesgo Alto,1,4.906358932944181
812751,"LIQUOR,WINE,BEER",A,974090.0,577.0675355450237,2471.3573961489265,6510.830144964092,4242.0,7.3509593569382705,2268.830144964092,34.8470178832565,Riesgo Alto,1,5.41874987616037
1157462,GROCERY I,A,969821.0,574.5385071090047,1217.7939120765157,5239.563461839549,6302.0,10.968803521474582,0.0,0.0,Sin Riesgo,0,0.0
211203,GROCERY I,A,959718.0,568.553317535545,1045.4736490177215,5025.346871766536,6283.0,11.050854521849127,0.0,0.0,Sin Riesgo,0,0.0
1309246,BREAD/BAKERY,A,955295.0,565.9330568720379,1109.8522828901432,5071.383680994409,5994.0,10.591358690247516,0.0,0.0,Sin Riesgo,0,0.0
1146802,GROCERY I,A,954966.0,565.7381516587677,1161.266741270848,5121.433802882222,5481.0,9.688227643706687,0.0,0.0,Sin Riesgo,0,0.0
111223,GROCERY I,A,952800.0,564.4549763033175,1016.1299676202127,4967.314801743435,7122.0,12.617481108312344,0.0,0.0,Sin Riesgo,0,0.0
1066901,BEVERAGES,A,951777.0,563.848933649289,1621.779284562636,5568.721820107659,5089.0,9.02546709996144,479.72182010765937,8.614576838359381,Riesgo Bajo,1,1.3088912262341867
1463865,BEVERAGES,A,947877.0,561.5385071090047,1820.6154510246224,5751.385000787655,1788.0,3.184109330641001,3963.3850007876554,68.91183602288609,Riesgo Alto,1,10.427500230252267
264305,PERSONAL CARE,A,945090.0,559.8874407582938,1124.9236034204273,5044.135688728484,3580.0,6.394142356812579,1464.1356887284837,29.026492923261554,Riesgo Alto,1,4.379274171823994
315220,GROCERY I,A,943818.0,559.1338862559242,969.1581390615914,4883.09534285306,2399.0,4.2905644944258325,2484.09534285306,50.87132583820636,Riesgo Alto,1,7.664709760738691
1047773,BEVERAGES,A,938651.0,556.0728672985782,1304.5273220481467,5197.037393138195,4242.0,7.62849664039137,955.0373931381946,18.376573437765895,Riesgo Medio,1,2.7536141417763944
1695999,PRODUCE,A,937701.1867,555.5101816943128,1567.6367760311832,5456.208047891372,5441.0,9.794599953874624,15.208047891372189,0.27872925221848077,Riesgo Bajo,1,0.041723565781825685
1463787,BEVERAGES,A,932707.0,552.5515402843602,2085.7893466824694,5953.650128672991,4275.0,7.736834825942124,1678.6501286729908,28.195310312047933,Riesgo Alto,1,4.198136126120455
258396,GROCERY I,A,931042.0,551.5651658767772,1086.670211341741,4947.626372479181,6997.0,12.685717722723574,0.0,0.0,Sin Riesgo,0,0.0
847859,BEVERAGES,A,926455.0,548.8477488151659,1608.7315613579506,5450.665803064112,7426.0,13.530163904345056,0.0,0.0,Sin Riesgo,0,0.0
1239882,POULTRY,A,921511.6199999994,545.9192061611371,1287.1630678832187,5108.5975110111785,4779.0,8.754042624009456,329.59751101117854,6.451819903618501,Riesgo Bajo,1,0.9491119765165053
1958216,BEVERAGES,A,918460.0,544.111374407583,2816.414709332556,6625.194330185637,9042.0,16.617921303050757,0.0,0.0,Sin Riesgo,0,0.0
1109389,GROCERY I,A,915117.0,542.1309241706161,1074.299485689798,4869.215954884111,5302.0,9.77992540844504,0.0,0.0,Sin Riesgo,0,0.0
1695823,PRODUCE,A,905810.0,536.6172985781991,1546.383801406006,5302.7048914534,7124.0,13.275755401243085,0.0,0.0,Sin Riesgo,0,0.0
1105211,GROCERY I,A,903497.0,535.247037914692,921.3304646975749,4668.059730100419,6776.0,12.659574962617473,0.0,0.0,Sin Riesgo,0,0.0
838215,DAIRY,A,902467.0,534.6368483412323,838.4680231614922,4580.925961550118,5040.0,9.42695965614255,0.0,0.0,Sin Riesgo,0,0.0
1963277,DAIRY,A,900005.0,533.178317535545,3062.101283013567,6794.349505762382,9024.0,16.924919306003854,0.0,0.0,Sin Riesgo,0,0.0
1239902,POULTRY,A,899751.9759999997,533.0284218009476,1051.0523499999674,4782.251302606601,4024.0,7.549316012838635,758.2513026066008,15.855530264444917,Riesgo Medio,1,2.2773930019087767
1239901,POULTRY,A,899160.1799999997,532.6778317535543,1027.1275520018503,4755.872374276731,6556.0,12.307626879117361,0.0,0.0,Sin Riesgo,0,0.0
153267,GROCERY I,A,895804.0,530.6895734597157,1648.0870328656076,5362.914047083617,7652.0,14.418975579479438,0.0,0.0,Sin Riesgo,0,0.0
314393,CLEANING,A,892218.0,528.5651658767772,1410.4768007452078,5110.432961882648,4127.0,7.807930348860929,983.4329618826478,19.243632960608448,Riesgo Medio,1,2.740895307097947
716250,BEVERAGES,A,889561.0,526.9911137440758,2051.6445755329273,5740.582371741459,4959.0,9.410025844208548,781.5823717414587,13.615036265116052,Riesgo Medio,1,1.9334321617387247
730258,BEVERAGES,A,888809.0,526.5456161137441,1162.863730204748,4848.683043000957,7104.0,13.491708567307485,0.0,0.0,Sin Riesgo,0,0.0
554049,GROCERY I,A,885458.0,524.5604265402843,1048.257723435299,4720.180709217289,5671.0,10.810956589697085,0.0,0.0,Sin Riesgo,0,0.0
1047680,BEVERAGES,A,884073.0,523.7399289099526,779.3332924147004,4445.512794784368,4952.0,9.455074411275993,0.0,0.0,Sin Riesgo,0,0.0
269029,BEVERAGES,A,882615.0,522.8761848341233,1802.2393775533915,5462.372671392254,5275.0,10.088430402837023,187.37267139225423,3.4302432782290655,Riesgo Bajo,1,0.48331539368737086
1159414,GROCERY I,A,880243.0,521.470971563981,1141.393250422502,4791.6900513703695,6357.0,12.190515573540488,0.0,0.0,Sin Riesgo,0,0.0
1346638,CLEANING,A,876667.0,519.3524881516588,1448.1008054477584,5083.56822250937,6877.0,13.24148850133517,0.0,0.0,Sin Riesgo,0,0.0
587069,GROCERY I,A,873484.0,517.4668246445498,1265.131197471661,4887.398969983509,2916.0,5.635143860677471,1971.3989699835092,40.33636259472717,Riesgo Alto,1,5.624528067323413
868529,GROCERY I,A,871108.0,516.0592417061612,1131.9658168998149,4744.3805088429435,2988.0,5.790032923586971,1756.3805088429435,37.02022857503241,Riesgo Alto,1,5.148082521587865
1047674,BEVERAGES,A,870276.0,515.5663507109005,1079.4010572258946,4688.365512202198,6664.0,12.925591421572008,0.0,0.0,Sin Riesgo,0,0.0
770449,GROCERY I,A,869282.0,514.9774881516588,1062.514861271035,4667.357278332647,4116.0,7.992582384082495,551.3572783326472,11.813050629147732,Riesgo Medio,1,1.6392951498436403
1464005,BEVERAGES,A,868811.0,514.6984597156398,1809.8664988567782,5412.755716866257,4097.0,7.960000506439259,1315.755716866257,24.30842597914285,Riesgo Medio,1,3.371448661815895
315474,BREAD/BAKERY,A,866222.0,513.164691943128,1025.556882328504,4617.7097259304,4021.0,7.8356910815010465,596.7097259304,12.92220086030141,Riesgo Medio,1,1.7868993822563481
105575,GROCERY I,A,865894.0,512.9703791469194,988.070712548264,4578.8633665767,3299.0,6.431170558982971,1279.8633665767002,27.951551817838265,Riesgo Alto,1,3.86371475272934
724498,GROCERY I,A,865866.0,512.9537914691944,1447.171583611271,5037.848123895631,3996.0,7.790175385105778,1041.848123895631,20.680419462308013,Riesgo Medio,1,2.8585410390438075
1159415,GROCERY I,A,860353.0,509.6877962085308,1095.138136548635,4662.952710008351,3996.0,7.8400935429992105,666.9527100083506,14.303226978408626,Riesgo Medio,1,1.9644686824607998
115892,GROCERY I,A,858585.0,508.6404028436019,960.7476168290356,4521.230436734249,4033.0,7.9289808230984695,488.23043673424945,10.798618729261351,Riesgo Medio,1,1.4800824404385244
1695836,PRODUCE,A,856827.3756000001,507.5991561611375,2569.403177558323,6122.597270686285,6487.0,12.779769078143818,0.0,0.0,Sin Riesgo,0,0.0
1686637,PRODUCE,A,855376.0,506.73933649289097,1403.26367360671,4950.439029056946,7243.0,14.293344681169451,0.0,0.0,Sin Riesgo,0,0.0
1463812,BEVERAGES,A,850411.0,503.7979857819905,1694.5137304678312,5221.099630941765,6930.0,13.755513510526088,0.0,0.0,Sin Riesgo,0,0.0
1239877,POULTRY,A,850156.2179999987,503.6470485781983,1022.656085212518,4548.185425259906,3904.0,7.751460096948923,644.185425259906,14.163569974130816,Riesgo Medio,1,1.9222322966027532
368136,GROCERY I,A,842506.0,499.1149289099526,964.7041305635107,4458.508632933179,5310.0,10.638832245705075,0.0,0.0,Sin Riesgo,0,0.0
1751176,PRODUCE,A,841560.6289000004,498.5548749407585,1572.15794477363,5062.042069358939,7261.0,14.564093874045057,0.0,0.0,Sin Riesgo,0,0.0
843585,GROCERY I,A,838025.0,496.46030805687207,790.7081401470834,4265.930296545188,2541.0,5.1182339429014645,1724.930296545188,40.435032375989415,Riesgo Alto,1,5.409400933709989
2010902,GROCERY I,A,836453.0,495.52902843601896,2863.520705437796,6332.223904489929,3680.0,7.426406504609345,2652.223904489929,41.88455658697322,Riesgo Alto,1,5.592807441928043
164647,CLEANING,A,834957.0,494.64277251184836,2290.6195511816222,5753.11895876456,2136.0,4.318267886849263,3617.1189587645604,62.87231299561569,Riesgo Alto,1,8.380268811662779
1047753,BEVERAGES,A,833134.0,493.5627962085308,932.9867080786859,4387.926281538402,3026.0,6.130932118962856,1361.9262815384018,31.03803925030646,Riesgo Alto,1,4.1280365891346005
884878,BEVERAGES,A,833043.0,493.50888625592415,1303.01961007634,4757.58181386781,5749.0,11.649232992774683,0.0,0.0,Sin Riesgo,0,0.0
898656,DAIRY,A,831928.0,492.8483412322275,923.4441807043352,4373.382569329928,4646.0,9.426835014568569,0.0,0.0,Sin Riesgo,0,0.0
1109116,BEVERAGES,A,828215.0,490.64869668246445,1705.1896403272424,5139.730517104494,5519.0,11.248373912571012,0.0,0.0,Sin Riesgo,0,0.0
956014,GROCERY I,A,825558.0,489.07464454976304,847.7647901907269,4271.287302039068,4667.0,9.54251064128747,0.0,0.0,Sin Riesgo,0,0.0
1047786,BEVERAGES,A,821108.0,486.43838862559244,988.9345896182958,4394.003309997443,3875.0,7.966065365335619,519.0033099974426,11.81162765209079,Riesgo Medio,1,1.5482619227591996
699703,MEATS,A,820184.3132999995,485.8911808649286,753.0376983478734,4154.275964402374,3468.0,7.137400587980745,686.2759644023736,16.519749055744303,Riesgo Medio,1,2.162964075828098
165704,GROCERY I,A,819267.0,485.34774881516586,873.2474128140594,4270.681654520221,6385.0,13.155515845261679,0.0,0.0,Sin Riesgo,0,0.0
1159413,GROCERY I,A,814228.0,482.36255924170615,1096.721478487658,4473.259393179601,2828.0,5.862809925475419,1645.259393179601,36.77987902262353,Riesgo Alto,1,4.780691629455276
310644,BREAD/BAKERY,A,807330.0,478.2760663507109,700.8838713949618,4048.816335849938,4722.0,9.872959013042994,0.0,0.0,Sin Riesgo,0,0.0
641042,GROCERY I,A,806754.0,477.93483412322274,1173.6459603513804,4519.18979921394,5816.0,12.169023023127249,0.0,0.0,Sin Riesgo,0,0.0
115850,GROCERY I,A,803820.0,476.19668246445497,884.4925564863471,4217.869333737532,5227.0,10.976556940608594,0.0,0.0,Sin Riesgo,0,0.0
1459058,GROCERY I,A,803781.0,476.17357819905214,2064.4042735801795,5397.619320973545,7723.0,16.218875539481527,0.0,0.0,Sin Riesgo,0,0.0
828204,GROCERY I,A,799551.0,473.667654028436,1117.5835740316368,4433.257152230689,2077.0,4.38493104254763,2356.257152230689,53.1495708757857,Riesgo Alto,1,6.783914019554598
1084881,GROCERY I,A,799274.0,473.5035545023697,807.934920079651,4122.459801596238,5867.0,12.390614482642999,0.0,0.0,Sin Riesgo,0,0.0
1239856,POULTRY,A,797467.9200000005,472.4336018957349,963.6438159786849,4270.6790292488295,5270.0,11.155006711743331,0.0,0.0,Sin Riesgo,0,0.0
115893,GROCERY I,A,794899.0,470.9117298578199,886.1303090790726,4182.512418083812,3922.0,8.328524755975288,260.512418083812,6.228610749783832,Riesgo Bajo,1,0.7903829139494273
1695950,PRODUCE,A,793602.6837000012,470.1437699644557,1213.9222621015062,4504.928651852696,4718.0,10.035228160859592,0.0,0.0,Sin Riesgo,0,0.0
1473406,PRODUCE,A,790714.0,468.4324644549763,1204.6360228794622,4483.663274064296,3831.0,8.178340082507708,652.6632740642963,14.556473895790084,Riesgo Medio,1,1.8374266704611661
999547,CLEANING,A,788812.0,467.3056872037915,674.3556891366959,3945.495499563236,5880.0,12.58277003899535,0.0,0.0,Sin Riesgo,0,0.0
1693657,PRODUCE,A,782732.0,463.7037914691943,1456.6798785179744,4702.606418802335,5527.0,11.919246945314617,0.0,0.0,Sin Riesgo,0,0.0
578097,DAIRY,A,782655.0,463.6581753554502,1426.5024738183558,4672.109701306507,6399.0,13.801115434003489,0.0,0.0,Sin Riesgo,0,0.0
1239875,POULTRY,A,782065.98,463.3092298578199,875.7794288735423,4118.944037878282,3764.0,8.124163641538276,354.94403787828196,8.61735519138342,Riesgo Bajo,1,1.075850163739207
1489882,PRODUCE,A,781437.0,462.93661137440756,1396.6659481000531,4637.222227720906,6380.0,13.781584439948455,0.0,0.0,Sin Riesgo,0,0.0
362548,GROCERY I,A,780946.0,462.6457345971564,833.6549724531493,4072.175114633244,5326.0,11.512048208198776,0.0,0.0,Sin Riesgo,0,0.0
1695828,PRODUCE,A,780274.1856999998,462.2477403436018,1390.4671314297614,4626.201313834974,5055.0,10.935694344860346,0.0,0.0,Sin Riesgo,0,0.0
1464238,BEVERAGES,A,780205.0,462.20675355450237,1283.3483696485578,4518.795644530074,6355.0,13.749258207778725,0.0,0.0,Sin Riesgo,0,0.0
1463797,BEVERAGES,A,775419.0,459.3714454976303,1553.7063284222968,4769.306446905709,1506.0,3.2783927141326177,3263.306446905709,68.42308170452998,Riesgo Alto,1,8.469806146397872
315179,BEVERAGES,A,770339.0,456.3619668246445,1118.4591235855282,4312.99289135804,5898.0,12.923951662839348,0.0,0.0,Sin Riesgo,0,0.0
358231,CLEANING,A,767934.0,454.9372037914692,817.7574148629699,4002.3178414032545,3623.0,7.963736466935961,379.31784140325453,9.47745422613067,Riesgo Bajo,1,1.161849816041238
129635,DAIRY,A,765774.0,453.6575829383886,643.421133203738,3819.024213772458,4073.0,8.97813715273697,0.0,0.0,Sin Riesgo,0,0.0
1463994,BEVERAGES,A,764770.0,453.0627962085308,1447.3515788514892,4618.791152311205,6418.0,14.165806713129438,0.0,0.0,Sin Riesgo,0,0.0
804974,GROCERY I,A,762909.0,451.96030805687207,958.2037300757064,4121.92588647381,4650.0,10.288514095390145,0.0,0.0,Sin Riesgo,0,0.0
168930,CLEANING,A,760903.0,450.7719194312796,683.4860648478243,3838.889500866782,3806.0,8.44329434895118,32.88950086678187,0.8567451826721182,Riesgo Bajo,1,0.10406755933157852
1047675,BEVERAGES,A,760393.0,450.46978672985784,820.7924855447561,3974.0809926537613,3254.0,7.223569917134955,720.0809926537613,18.119434253727043,Riesgo Medio,1,2.199465455771467
323921,PERSONAL CARE,A,758042.0,449.0770142180095,1116.088850255851,4259.627949781918,6389.0,14.226958400721859,0.0,0.0,Sin Riesgo,0,0.0
1037845,GROCERY I,A,757107.0,448.5231042654028,982.3858159093407,4122.047545767161,4900.0,10.924743794470267,0.0,0.0,Sin Riesgo,0,0.0
1161572,GROCERY I,A,756953.0,448.4318720379147,1045.0830962280777,4184.10620049348,6114.0,13.634178079748677,0.0,0.0,Sin Riesgo,0,0.0
1096235,PERSONAL CARE,A,756349.0,448.0740521327014,1149.7333023223905,4286.2516672513,4171.0,9.308729171321705,115.2516672513002,2.6888684146073283,Riesgo Bajo,1,0.32465805942758336
108831,POULTRY,A,755469.0480000005,447.55275355450266,1242.4045548599222,4375.273829741441,3896.0,8.705119048106914,479.27382974144075,10.95414477794556,Riesgo Medio,1,1.321081327211932
1160872,GROCERY I,A,750688.0,444.7203791469194,1025.0716849659864,4138.114338994423,5066.0,11.391427597084276,0.0,0.0,Sin Riesgo,0,0.0
1047775,BEVERAGES,A,750256.0,444.46445497630333,1054.5284357954886,4165.779620629612,4309.0,9.694813503657418,0.0,0.0,Sin Riesgo,0,0.0
1428328,BEVERAGES,A,748489.0,443.417654028436,1394.8111306247781,4498.73470882383,4727.0,10.660378442435361,0.0,0.0,Sin Riesgo,0,0.0
315221,GROCERY I,A,746926.0,442.4917061611374,773.6617630368971,3871.1037061648594,2721.0,6.149267798951971,1150.1037061648594,29.709968873561348,Riesgo Alto,1,3.5425352122616274
364865,GROCERY II,A,746921.0,442.4887440758294,1171.704013004485,4269.125221535291,5723.0,12.933662328412241,0.0,0.0,Sin Riesgo,0,0.0
895291,POULTRY,A,746914.7961999995,442.4850688388623,846.9520789672185,3944.3475608392546,5508.0,12.447877652580912,0.0,0.0,Sin Riesgo,0,0.0
1695830,PRODUCE,A,745291.7682000009,441.52355936019006,1161.96335774798,4252.628273269311,5072.0,11.487495723557343,0.0,0.0,Sin Riesgo,0,0.0
1473412,PRODUCE,A,744959.3763000001,441.3266447274882,1138.6254251301648,4227.911938222582,4576.0,10.368737203314799,0.0,0.0,Sin Riesgo,0,0.0
1239810,DAIRY,A,744398.0,440.99407582938386,1057.056716837877,4144.015247643564,1315.0,2.9818994677578394,2829.015247643564,68.26749127557491,Riesgo Alto,1,8.112478202044167
1346637,CLEANING,A,743966.0,440.7381516587678,1144.5031010510836,4229.670162662458,5220.0,11.84376705387074,0.0,0.0,Sin Riesgo,0,0.0
1071928,PERSONAL CARE,A,743089.0,440.2186018957346,955.4232029179547,4036.953416188097,3831.0,8.7024945867857,205.95341618809698,5.101704056386387,Riesgo Bajo,1,0.6051882624220355
1353189,DELI,A,742328.0,439.76777251184836,1674.4452146612007,4752.819622244139,1467.0,3.335851537325818,3285.8196222441393,69.134111609577,Riesgo Alto,1,8.192616583951592
315180,BEVERAGES,A,741000.0,438.98104265402844,1275.215784465868,4348.083083044067,5274.0,12.014186234817814,0.0,0.0,Sin Riesgo,0,0.0
850333,GROCERY I,A,740809.0,438.86789099526067,807.7402361253968,3879.8154730922215,4292.0,9.779708399870952,0.0,0.0,Sin Riesgo,0,0.0
692531,GROCERY I,A,739182.0,437.90402843601896,939.0278670330887,4004.3560660852213,4180.0,9.545470533643947,0.0,0.0,Sin Riesgo,0,0.0
165988,GROCERY I,A,738244.0,437.3483412322275,990.6917447471527,4052.130133372745,5465.0,12.495760209361675,0.0,0.0,Sin Riesgo,0,0.0
414620,GROCERY I,A,734715.0,435.25770142180096,746.4947273471588,3793.2986372997657,4686.0,10.766035809803801,0.0,0.0,Sin Riesgo,0,0.0
939662,GROCERY I,A,734204.0,434.95497630331755,1138.9439538908903,4183.6287880141135,6128.0,14.088814552903552,0.0,0.0,Sin Riesgo,0,0.0
1501508,PRODUCE,A,731110.0399000011,433.1220615521334,1241.8435632374724,4273.6979941024065,3658.0,8.445656143423438,615.6979941024065,14.40667999826038,Riesgo Medio,1,1.681438778981886
514172,BEVERAGES,A,730627.0,432.83590047393363,948.7804316912741,3978.6317350088093,3902.0,9.014963859808082,76.6317350088093,1.9260826362618764,Riesgo Bajo,1,0.22464928214111785
258376,CLEANING,A,729791.0,432.3406398104265,877.9053388209767,3904.2898174939623,5802.0,13.419973663692756,0.0,0.0,Sin Riesgo,0,0.0
364724,GROCERY I,A,728691.0,431.688981042654,1127.9735713581542,4149.796438656732,4275.0,9.902962984310223,0.0,0.0,Sin Riesgo,0,0.0
1157561,GROCERY I,A,728169.0,431.3797393364929,805.888637278045,3825.5468126334954,3704.0,8.586402332425576,121.54681263349539,3.177240237450471,Riesgo Bajo,1,0.3693317481448152
1913462,PRODUCE,A,727273.0,430.8489336492891,1681.173295624442,4697.115831169466,1772.0,4.112810457696078,2925.115831169466,62.27472211263703,Riesgo Alto,1,7.230089355713052
749421,GROCERY I,A,726886.0,430.6196682464455,1033.3077395001367,4047.645417225255,1583.0,3.676097764986532,2464.645417225255,60.89084302534634,Riesgo Alto,1,7.065659310074556
518094,BEVERAGES,A,724688.0,429.3175355450237,1362.6687993523183,4367.891548167484,2990.0,6.964541982204755,1377.891548167484,31.545919420677194,Riesgo Alto,1,3.64946044906929
1686664,PRODUCE,A,723129.0,428.39395734597156,1132.9138014414264,4131.671502863227,4004.0,9.346537063234914,127.67150286322703,3.0900690622367084,Riesgo Bajo,1,0.3567125312229352
926958,GROCERY I,A,722844.0,428.2251184834123,852.210917831499,3849.7867472153853,4357.0,10.174554952382534,0.0,0.0,Sin Riesgo,0,0.0
781796,FROZEN FOODS,A,722031.0,427.7434834123223,668.8104155209871,3663.014799407243,3372.0,7.883229390427834,291.0147994072431,7.944679870098689,Riesgo Bajo,1,0.9157283252596067
368260,GROCERY I,A,720142.0,426.6244075829384,954.0050522593937,3940.3759053399626,3579.0,8.3891121473265,361.3759053399626,9.17110230143853,Riesgo Bajo,1,1.0543239697390447
414752,GROCERY I,A,717835.0,425.25770142180096,930.8320089290758,3907.6359188816823,3735.0,8.782909721593402,172.6359188816823,4.417912069225953,Riesgo Bajo,1,0.5062628961309447
1696041,PRODUCE,A,717438.0,425.02251184834125,1147.8797691407028,4123.037352079092,3784.0,8.903057825205801,339.03735207909176,8.222999772440287,Riesgo Bajo,1,0.9417791163932874
559873,GROCERY I,A,716296.0,424.34597156398104,903.811994164581,3874.233795112448,2233.0,5.262215620358064,1641.2337951124482,42.36279692730346,Riesgo Alto,1,4.844082751466042
1503855,PRODUCE,A,715957.9139999995,424.1456836492888,1194.0748447736314,4163.094630318653,4050.0,9.548605953394077,113.09463031865289,2.716600038226764,Riesgo Bajo,1,0.31048998633902264
1501570,PRODUCE,A,715339.0,423.77902843601896,1219.11241403433,4185.565613086463,5371.0,12.67405803402303,0.0,0.0,Sin Riesgo,0,0.0
1313223,BREAD/BAKERY,A,713841.0,422.8915876777251,1008.2878511907198,3968.5289649347956,3094.0,7.316295925843431,874.5289649347956,22.03660279821504,Riesgo Medio,1,2.5111955543911137
1464207,BEVERAGES,A,709245.0,420.16883886255926,1467.4257321409007,4408.607604178816,3779.0,8.994003482576542,629.6076041788156,14.281325550090356,Riesgo Medio,1,1.6169597290889166
1254013,PERSONAL CARE,A,707199.0,418.95675355450237,1146.4864544318648,4079.1837293133813,5893.0,14.065890930275637,0.0,0.0,Sin Riesgo,0,0.0
1239860,POULTRY,A,706849.1300000009,418.74948459715694,812.9141280640382,3744.160520244137,1745.0,4.167169308109633,1999.160520244137,53.39409219863742,Riesgo Alto,1,6.024962340003111
368628,BEVERAGES,A,705512.0,417.957345971564,816.3795423879691,3742.0809641889173,4954.0,11.852884146548888,0.0,0.0,Sin Riesgo,0,0.0
370042,GROCERY I,A,705262.0,417.8092417061611,1262.5041371054815,4187.168829048609,3944.0,9.439714602516512,243.16882904860904,5.807476100834961,Riesgo Bajo,1,0.6538412518160128
214381,CLEANING,A,702064.0,415.91469194312793,847.2502955547667,3758.6531391566623,4282.0,10.295380478133048,0.0,0.0,Sin Riesgo,0,0.0
123601,GROCERY I,A,701256.0,415.436018957346,981.3085521446094,3889.3606848460313,4116.0,9.907662822136281,0.0,0.0,Sin Riesgo,0,0.0
730259,BEVERAGES,A,699037.0,414.1214454976303,919.6835093245392,3818.5336278079512,5053.0,12.201734672127513,0.0,0.0,Sin Riesgo,0,0.0
261700,GROCERY I,A,698343.0,413.71030805687207,675.5726019949058,3571.54475839301,1612.0,3.896446302175292,1959.54475839301,54.86546833238323,Riesgo Alto,1,6.116490093948418
1463896,BEVERAGES,A,698101.0,413.5669431279621,1453.833681760102,4348.802283655837,6204.0,15.001198966911664,0.0,0.0,Sin Riesgo,0,0.0
426155,PREPARED FOODS,A,698045.0,413.53376777251185,964.6453319622859,3859.381706369869,4525.0,10.942274495197301,0.0,0.0,Sin Riesgo,0,0.0
1239819,DAIRY,A,697519.0,413.2221563981043,1128.6049597521953,4021.1600545389256,2286.0,5.532133174866921,1735.1600545389256,43.15073339546248,Riesgo Alto,1,4.80483662424119
557420,PREPARED FOODS,A,695225.0,411.8631516587678,569.27645859408,3452.318520205454,3348.0,8.128913661044985,104.3185202054542,3.0216945393337,Riesgo Bajo,1,0.3353592905830085
1464087,BEVERAGES,A,694218.0,411.2665876777251,1190.1949071389529,4069.0610208830285,3969.0,9.650674571964426,100.0610208830285,2.459069067028005,Riesgo Bajo,1,0.27252164301560244
1121615,DELI,A,693090.0,410.5983412322275,664.5325710433824,3538.7209596689745,1745.0,4.24989539598032,1793.7209596689745,50.68839787347251,Riesgo Alto,1,5.608317590881178
1473477,PRODUCE,A,692410.5430000001,410.19581931279623,1123.2503232158426,3994.621058405416,3857.0,9.402826207399329,137.62105840541608,3.4451592877836585,Riesgo Bajo,1,0.38080915460003406
841841,GROCERY I,A,689049.0,408.2043838862559,1232.9175105702598,4090.348197774051,3413.0,8.361007707724704,677.3481977740512,16.559670840312837,Riesgo Medio,1,1.821529497466321
841197,BREAD/BAKERY,A,688318.0,407.771327014218,592.3998202313055,3446.7991093308315,4396.0,10.780552012296642,0.0,0.0,Sin Riesgo,0,0.0
567588,GROCERY I,A,687185.0,407.1001184834123,821.5935043768532,3671.2943337607394,4218.0,10.361087625603004,0.0,0.0,Sin Riesgo,0,0.0
1004551,"LIQUOR,WINE,BEER",A,686001.0,406.39869668246445,1393.365029152731,4238.155905929982,2637.0,6.488701911513249,1601.1559059299816,37.779542363924406,Riesgo Alto,1,4.137288856094617
1354711,GROCERY I,A,685206.0,405.9277251184834,1796.020979571943,4637.515055401327,6130.0,15.101210438904506,0.0,0.0,Sin Riesgo,0,0.0
1693652,PRODUCE,A,682465.0,404.30390995260666,1313.4055632455747,4143.532932913821,3685.0,9.114430776669865,458.53293291382124,11.066231168853557,Riesgo Medio,1,1.2056313255176938
583985,MEATS,A,680871.0369000005,403.359619016588,2485.4546678476186,5308.972000963735,5164.0,12.802471433779376,144.9720009637349,2.730698164115731,Riesgo Bajo,1,0.2968061944066025
1047733,BEVERAGES,A,677991.0,401.65343601895734,868.7110776335005,3680.285129766202,4415.0,10.992063316474702,0.0,0.0,Sin Riesgo,0,0.0
1463786,BEVERAGES,A,676911.0,401.01362559241704,1896.8419534850627,4703.937332631982,7012.0,17.485690142426407,0.0,0.0,Sin Riesgo,0,0.0
848765,GROCERY I,A,673237.0,398.8370853080569,1064.6195884202632,3856.4791855766616,3726.0,9.342160338781142,130.47918557666162,3.383375853930636,Riesgo Bajo,1,0.36362406989598384
414621,GROCERY I,A,672422.0,398.3542654028436,675.8614085655288,3464.341266385434,1357.0,3.4065155512460925,2107.341266385434,60.82949410420401,Riesgo Alto,1,6.529659282970817
938574,GROCERY I,A,671794.0,397.98222748815164,1028.106403527786,3813.9819959448473,3555.0,8.932559683474398,258.9819959448473,6.790330846349185,Riesgo Bajo,1,0.7282180802925837
2006812,BEVERAGES,A,668325.0,395.9271327014218,5528.958303068545,8300.448231978498,7944.0,20.064298058579286,356.44823197849837,4.294325101688337,Riesgo Bajo,1,0.4581598505092629
457424,EGGS,A,668050.0,395.76421800947867,587.9964949750216,3358.3460210413723,3625.0,9.159494049846568,0.0,0.0,Sin Riesgo,0,0.0
1014865,DAIRY,A,665345.0,394.1617298578199,726.5538337590413,3485.685942763781,2143.0,5.436854564173474,1342.685942763781,38.51999189861531,Riesgo Alto,1,4.091358036095927
1958181,BEVERAGES,A,661935.0,392.1415876777251,2435.0192216900464,5180.010335434123,7706.0,19.651065436938673,0.0,0.0,Sin Riesgo,0,0.0
1239911,DAIRY,A,661634.0,391.9632701421801,825.9541537159583,3569.697044711219,1923.0,4.906071937052812,1646.697044711219,46.12988228653542,Riesgo Alto,1,4.872306077002838
1464237,BEVERAGES,A,660407.0,391.23637440758296,1169.4188014667789,3908.0734223198597,5494.0,14.042661570819206,0.0,0.0,Sin Riesgo,0,0.0
467887,GROCERY I,A,660248.0,391.14218009478674,761.5414473238644,3499.5367079873713,3431.0,8.771746374089735,68.5367079873713,1.9584508952554365,Riesgo Bajo,1,0.2064211451007214
401817,GROCERY I,A,660045.0,391.0219194312796,601.8038754962206,3338.957311515178,3452.0,8.828149595860888,0.0,0.0,Sin Riesgo,0,0.0
1464218,BEVERAGES,A,659660.0,390.79383886255926,1416.3470178231712,4151.903889861086,4940.0,12.640936239881151,0.0,0.0,Sin Riesgo,0,0.0
1463864,BEVERAGES,A,658676.0,390.21090047393363,1204.7169424089057,3936.193245726441,3920.0,10.045849552739131,16.19324572644109,0.41139356519200976,Riesgo Bajo,1,0.04325773099814847
699687,MEATS,A,658443.7001000012,390.07328204976375,1089.8962202162036,3820.4091945645496,3557.0,9.118799373565437,263.4091945645496,6.89479009053042,Riesgo Bajo,1,0.7247264256800245
623316,MEATS,A,658097.0599999998,389.86792654028426,629.764702926296,3358.8401887082855,3687.0,9.45704878243948,0.0,0.0,Sin Riesgo,0,0.0
938576,GROCERY I,A,656778.0,389.08649289099526,1080.0644305919614,3803.6698808289284,3688.0,9.478612255587123,115.6698808289284,3.041007354815992,Riesgo Bajo,1,0.3188382884335454
564110,GROCERY I,A,656393.0,388.8584123222749,821.0065873824179,3543.015473638342,2361.0,6.071618679662945,1182.015473638342,33.36184903602817,Riesgo Alto,1,3.4958151126533075
165693,GROCERY I,A,656322.0,388.81635071090045,852.7852568231788,3574.499711799482,3633.0,9.343742857926445,0.0,0.0,Sin Riesgo,0,0.0
1153584,BEVERAGES,A,655838.0,388.5296208530806,1547.645231669407,4267.352577640971,4251.0,10.941250735699974,16.352577640970594,0.3832019347698343,Riesgo Bajo,1,0.040119791880983316
315460,GROCERY I,A,654937.0,387.99585308056874,777.3688549058858,3493.3398264698667,2921.0,7.528430978857508,572.3398264698667,16.383743205659858,Riesgo Medio,1,1.7129593631321665
757888,CLEANING,A,654937.0,387.99585308056874,1274.3520435128817,3990.3230150768627,3568.0,9.195974574653745,422.3230150768627,10.583679904638693,Riesgo Medio,1,1.1065489346037658
1502391,PRODUCE,A,654808.6737999999,387.9198304502369,1219.8709555765397,3935.309768728198,3518.0,9.068884145254586,417.3097687281979,10.604241933998066,Riesgo Medio,1,1.1084815089506241
1696052,PRODUCE,A,654446.0,387.70497630331755,1106.1151196604192,3820.049953783642,5222.0,13.46900431815612,0.0,0.0,Sin Riesgo,0,0.0
1328907,PERSONAL CARE,A,653340.0,387.04976303317534,1177.8188179304832,3887.167159162711,4028.0,10.406930541525087,0.0,0.0,Sin Riesgo,0,0.0
559493,BREAD/BAKERY,A,649610.0,384.84004739336496,688.9866300700847,3382.8669618236395,4117.0,10.69795107833931,0.0,0.0,Sin Riesgo,0,0.0
514242,GROCERY I,A,648950.0,384.4490521327014,888.4424282718962,3579.5857932008057,3896.0,10.133982587256337,0.0,0.0,Sin Riesgo,0,0.0
1473475,PRODUCE,A,648592.4710000003,384.2372458530807,1031.2876582139763,3720.948379185541,5398.0,14.048612044403452,0.0,0.0,Sin Riesgo,0,0.0
1342006,GROCERY I,A,648439.0,384.146327014218,1131.0884134035941,3820.11270250312,5637.0,14.674095790043474,0.0,0.0,Sin Riesgo,0,0.0
663084,GROCERY I,A,647775.0,383.75296208530807,958.1327254153994,3644.403460012556,2691.0,7.0123237235151095,953.403460012556,26.160754989769195,Riesgo Alto,1,2.705259047390417
1239955,DAIRY,A,647399.0,383.53021327014216,890.9170737368472,3575.6285666278422,3314.0,8.640779488383517,261.62856662784225,7.31699508919023,Riesgo Bajo,1,0.7562043818145998
1397061,BEVERAGES,A,646306.0,382.88270142180096,1386.6525773162198,4066.8314872688265,3028.0,7.9084272774815645,1038.8314872688265,25.544001282592543,Riesgo Alto,1,2.6354908746625627
1158719,GROCERY I,A,646139.0,382.78376777251185,1095.48822029351,3774.974594701093,5244.0,13.699640479834834,0.0,0.0,Sin Riesgo,0,0.0
1146800,GROCERY I,A,646101.0,382.7612559241706,757.3078705619278,3436.636662031122,2671.0,6.978240244172351,765.6366620311219,22.278661881544824,Riesgo Medio,1,2.2978618629554344
315178,BEVERAGES,A,645161.0,382.2043838862559,725.6695684286644,3401.1002556324556,3172.0,8.29922453465104,229.10025563245563,6.736062991764205,Riesgo Bajo,1,0.6937590283490778
346065,GROCERY I,A,644966.0,382.0888625592417,1830.4365049689443,4505.058542883637,4788.0,12.531116368924874,0.0,0.0,Sin Riesgo,0,0.0
319093,DELI,A,644590.0,381.86611374407585,883.0873455994471,3556.150141807978,4147.0,10.859827176965203,0.0,0.0,Sin Riesgo,0,0.0
414454,GROCERY I,A,643853.0,381.4295023696682,782.3793861902507,3452.385902777928,4882.0,12.799219697663908,0.0,0.0,Sin Riesgo,0,0.0
938567,GROCERY I,A,641841.0,380.23755924170615,982.960817179754,3644.623731871697,4999.0,13.147044205652179,0.0,0.0,Sin Riesgo,0,0.0
1109326,BEVERAGES,A,640975.0,379.72452606635073,752.1149361777219,3410.186618642177,3628.0,9.554294629275713,0.0,0.0,Sin Riesgo,0,0.0
413987,CLEANING,A,640579.0,379.4899289099526,722.614669564457,3379.044171934125,3416.0,9.001556404440358,0.0,0.0,Sin Riesgo,0,0.0
870544,PERSONAL CARE,A,640442.0,379.40876777251185,888.8893223483545,3544.7506967559375,4083.0,10.761480352631464,0.0,0.0,Sin Riesgo,0,0.0
1084437,GROCERY I,A,639959.0,379.12263033175356,779.5510688533979,3433.4094811756727,3708.0,9.78047656177974,0.0,0.0,Sin Riesgo,0,0.0
1464217,BEVERAGES,A,638173.0,378.06457345971563,1508.1240843835947,4154.576098601604,4904.0,12.971329091014505,0.0,0.0,Sin Riesgo,0,0.0
850460,GROCERY I,A,635173.0,376.2873222748815,710.3264561223901,3344.3377120465607,4137.0,10.99425825719922,0.0,0.0,Sin Riesgo,0,0.0
310671,GROCERY I,A,633952.0,375.563981042654,753.7857308897061,3382.733598188284,2922.0,7.780298823885721,460.73359818828385,13.620156149306064,Riesgo Medio,1,1.3783923833919696
368140,GROCERY I,A,632775.0,374.8667061611374,845.9477167251589,3470.014659853121,3590.0,9.57673738690688,0.0,0.0,Sin Riesgo,0,0.0
417765,CLEANING,A,632060.0,374.4431279620853,579.996414811584,3201.0983105461814,2485.0,6.636521849191532,716.0983105461814,22.370394192110847,Riesgo Medio,1,2.2571807900004095
1239808,DAIRY,A,631100.0,373.8744075829384,913.9270292792044,3531.047882359773,4143.0,11.08126128981144,0.0,0.0,Sin Riesgo,0,0.0
627263,GROCERY I,A,631013.0,373.8228672985782,1088.7793822235492,3705.539453313597,5010.0,13.402069370995525,0.0,0.0,Sin Riesgo,0,0.0
1463507,BEVERAGES,A,630599.0,373.5776066350711,1619.4649882513893,4234.5082346968875,4075.0,10.908041401905173,159.50823469688748,3.7668656159386438,Riesgo Bajo,1,0.3791995439516077
409738,BREAD/BAKERY,A,627981.0,372.0266587677725,626.4706196053967,3230.6572309798044,3388.0,9.106874252564966,0.0,0.0,Sin Riesgo,0,0.0
1080021,GROCERY I,A,627528.0,371.7582938388626,741.0020508073578,3343.3101076793955,2146.0,5.7725679172881526,1197.3101076793955,35.812116409101314,Riesgo Alto,1,3.587546161164523
805310,BEVERAGES,A,627085.0,371.49585308056874,1418.102385459347,4018.573357023328,5681.0,15.292229920983598,0.0,0.0,Sin Riesgo,0,0.0
864510,GROCERY I,A,626904.0,371.38862559241704,806.6332075062116,3406.353586653131,4683.0,12.609433023238008,0.0,0.0,Sin Riesgo,0,0.0
1464240,BEVERAGES,A,625044.0,370.2867298578199,1249.4892438375305,3841.49635284227,3103.0,8.379992448531622,738.49635284227,19.22418466689072,Riesgo Medio,1,1.9181957392387028
939663,GROCERY I,A,624695.0,370.07997630331755,728.2218139511256,3318.7816480743486,1787.0,4.828685998767399,1531.7816480743486,46.15493908624968,Riesgo Alto,1,4.602784201878164
268664,GROCERY I,A,623782.0,369.53909952606637,710.5198314871407,3297.2935281696055,2984.0,8.074923611133377,313.29352816960545,9.501535895820625,Riesgo Bajo,1,0.9461523092184804
108786,CLEANING,A,620205.0,367.42002369668245,706.6703308372287,3278.6104967140054,3424.0,9.319034835256085,0.0,0.0,Sin Riesgo,0,0.0
802831,GROCERY I,A,620145.0,367.3844786729858,813.9454412781494,3385.6367919890495,4228.0,11.508379491893026,0.0,0.0,Sin Riesgo,0,0.0
1695875,PRODUCE,A,619337.0,366.9058056872038,1133.139529254939,3701.4801690653658,4367.0,11.902237392566567,0.0,0.0,Sin Riesgo,0,0.0
467808,CLEANING,A,618891.0,366.6415876777251,610.0349444529701,3176.526058197046,3078.0,8.395119657581061,98.52605819704604,3.1016921124509245,Riesgo Bajo,1,0.30644127072269584
1047755,BEVERAGES,A,618817.0,366.59774881516586,709.7061451879792,3275.8903868941406,3543.0,9.664543798893696,0.0,0.0,Sin Riesgo,0,0.0
215896,GROCERY I,A,617670.0,365.91824644549763,609.4101250933966,3170.8378502118803,3426.0,9.362747097964933,0.0,0.0,Sin Riesgo,0,0.0
172343,GROCERY I,A,617581.0,365.8655213270142,980.8504647508164,3541.909114039916,5182.0,14.163674076760781,0.0,0.0,Sin Riesgo,0,0.0
692537,GROCERY I,A,616129.0,365.0053317535545,656.5549832841177,3211.592305558999,3267.0,8.950554185892889,0.0,0.0,Sin Riesgo,0,0.0
557257,EGGS,A,614714.0,364.16706161137444,625.3287958002692,3174.4982270798905,3898.0,10.70387855165166,0.0,0.0,Sin Riesgo,0,0.0
1489837,PRODUCE,A,612784.0,363.02369668246445,1049.15486538325,3590.320742160501,2956.0,8.142719131047809,634.3207421605011,17.66752297954288,Riesgo Medio,1,1.7282934491062103
699686,MEATS,A,609914.6532999997,361.32384674170595,1361.5028965120287,3890.7698237039704,4652.0,12.874876767614799,0.0,0.0,Sin Riesgo,0,0.0
1342008,GROCERY I,A,606848.0,359.50710900473933,1702.783511005658,4219.333274038833,6100.0,16.967675595865853,0.0,0.0,Sin Riesgo,0,0.0
223434,GROCERY I,A,605486.0,358.70023696682466,604.9743782547371,3115.8760370225095,2825.0,7.875656910316671,290.87603702250954,9.33528913109351,Riesgo Bajo,1,0.9023318373230718
208530,FROZEN FOODS,A,603995.5540000007,357.8172713270146,8381.15752837747,10885.878427666572,13332.0,37.25924114997703,0.0,0.0,Sin Riesgo,0,0.0
1087269,PERSONAL CARE,A,597799.0,354.146327014218,838.175236480148,3317.1995255796737,4364.0,12.322590034443015,0.0,0.0,Sin Riesgo,0,0.0
1960892,PRODUCE,A,597668.0,354.0687203791469,2470.1100883030663,4948.591130957095,7165.0,20.236184637624902,0.0,0.0,Sin Riesgo,0,0.0
364832,GROCERY I,A,597570.0,354.01066350710903,827.6676736636023,3305.7423182133657,2907.0,8.211617049048646,398.7423182133657,12.062111315103094,Riesgo Medio,1,1.1506586858317325
162066,GROCERY I,A,596849.0,353.5835308056872,527.625997565865,3002.7107132056753,4165.0,11.779394788296537,0.0,0.0,Sin Riesgo,0,0.0
557408,DAIRY,A,596652.0,353.4668246445498,506.1070484898166,2980.3748210016647,2541.0,7.188793467548923,439.3748210016647,14.742267244560757,Riesgo Medio,1,1.4041702977524482
1457012,HOME CARE,A,595284.0,352.6563981042654,1384.854440309712,3853.4492270395695,4482.0,12.709254742274275,0.0,0.0,Sin Riesgo,0,0.0
1047735,BEVERAGES,A,593357.0,351.5148104265403,777.372000298617,3237.975673284399,3495.0,9.942682061558218,0.0,0.0,Sin Riesgo,0,0.0
882624,DAIRY,A,593187.0,351.41409952606637,572.5922374283103,3032.490934110775,1520.0,4.3253813721474,1512.490934110775,49.87618980481096,Riesgo Alto,1,4.723014679616101
1463820,BEVERAGES,A,592868.0,351.2251184834123,1440.6643537018729,3899.240183085759,3132.0,8.917357658028433,767.2401830857589,19.676658709404883,Riesgo Medio,1,1.8622747918117897
760319,POULTRY,A,591189.0209000002,350.23046261848356,951.3969431618646,3403.0101814912496,3671.0,10.481669619923752,0.0,0.0,Sin Riesgo,0,0.0
1751175,PRODUCE,A,589795.4236999992,349.40487186018913,1343.9468057723172,3789.780908793641,5472.0,15.660915003467856,0.0,0.0,Sin Riesgo,0,0.0
1696046,PRODUCE,A,589139.2885999995,349.0161662322272,991.193110419413,3434.306274045003,3582.0,10.2631349105377,0.0,0.0,Sin Riesgo,0,0.0
105576,GROCERY I,A,582947.0,345.34774881516586,875.4208618631303,3292.8551035692917,3677.0,10.647238942819845,0.0,0.0,Sin Riesgo,0,0.0
165718,BREAD/BAKERY,A,581634.0,344.56990521327015,746.0710349811762,3158.0603714740673,3128.0,9.077983749230615,30.060371474067324,0.9518618372718517,Riesgo Bajo,1,0.08838083545545357
938570,GROCERY I,A,581546.0,344.51777251184836,724.6055775045813,3136.2299850875197,1273.0,3.6950198264625667,1863.2299850875197,59.4098645171752,Riesgo Alto,1,5.5154002775245035
507478,EGGS,A,579889.0,343.5361374407583,618.1977111697613,3022.950673255069,3305.0,9.620530825726993,0.0,0.0,Sin Riesgo,0,0.0
1149579,BREAD/BAKERY,A,579571.0,343.34774881516586,545.0018354929216,2948.436077199083,3107.0,9.049134618536815,0.0,0.0,Sin Riesgo,0,0.0
1397062,BEVERAGES,A,579515.0,343.31457345971563,1326.8313098783542,3730.0333240963637,4635.0,13.500737685823491,0.0,0.0,Sin Riesgo,0,0.0
1137146,GROCERY I,A,578723.0,342.8453791469194,858.5815013710288,3258.499155399465,2275.0,6.635644341075092,983.499155399465,30.18258125891385,Riesgo Alto,1,2.788441405989189
783243,GROCERY I,A,575317.0,340.8276066350711,536.7019986299362,2922.495245075434,3192.0,9.365438532148364,0.0,0.0,Sin Riesgo,0,0.0
838408,DAIRY,A,575238.0,340.7808056872038,516.0887540798552,2901.554393890282,1592.0,4.671624614507387,1309.554393890282,45.13285694894338,Riesgo Alto,1,4.144525299083406
1489835,PRODUCE,A,575215.0,340.76718009478674,1628.4753075625035,4013.8455682260105,3605.0,10.579070434533174,408.8455682260105,10.185881875039527,Riesgo Medio,1,0.9353265016035022
577741,GROCERY I,A,573803.0,339.9306872037915,613.6034739634831,2993.1182843900233,3642.0,10.713948863982935,0.0,0.0,Sin Riesgo,0,0.0
802832,GROCERY I,A,573382.0,339.6812796208531,832.4789821087485,3210.24793945472,2408.0,7.08899825945007,802.2479394547199,24.990217409530885,Riesgo Medio,1,2.2874335745602634
804503,GROCERY I,A,573078.0,339.50118483412325,917.109506291279,3293.617800130142,3556.0,10.474190249843826,0.0,0.0,Sin Riesgo,0,0.0
841612,CLEANING,A,573062.0,339.4917061611374,577.7664160374026,2954.2083591653645,2771.0,8.162202344597967,183.20835916536453,6.201605875122679,Riesgo Bajo,1,0.567335781850263
315712,GROCERY I,A,571529.0,338.5835308056872,637.882100576027,3007.9668162158373,1754.0,5.180405543725691,1253.9668162158373,41.68818650045436,Riesgo Alto,1,3.8035197586281413
260628,BREAD/BAKERY,A,569968.0,337.65876777251185,541.6184841139215,2905.2298585215044,2458.0,7.279538500407041,447.2298585215044,15.393957803707256,Riesgo Medio,1,1.4006678720006775
1695972,PRODUCE,A,569052.7123000011,337.11653572274946,1048.4561269019575,3408.271876961204,3808.0,11.295797139810922,0.0,0.0,Sin Riesgo,0,0.0
464333,GROCERY I,A,567863.0,336.4117298578199,540.6205440440859,2895.5026530488253,3210.0,9.541878939110314,0.0,0.0,Sin Riesgo,0,0.0
801217,CLEANING,A,567069.0,335.94135071090045,1017.9092850942271,3369.4987400705304,4016.0,11.954467622105952,0.0,0.0,Sin Riesgo,0,0.0
956012,GROCERY I,A,564054.0,334.15521327014216,551.0948724890148,2890.18136538001,2706.0,8.0980331670372,184.18136538001,6.37265770190838,Riesgo Bajo,1,0.5738199941946035
959502,CLEANING,A,564049.0,334.15225118483414,1022.5776859331385,3361.6434442269774,4916.0,14.711856594019313,0.0,0.0,Sin Riesgo,0,0.0
956013,GROCERY I,A,563473.0,333.811018957346,572.6081532936506,2909.2852859950726,2879.0,8.624640399806202,30.285285995072627,1.040987150378896,Riesgo Bajo,1,0.09363816217084615
723184,DAIRY,A,562821.0,333.42476303317534,755.9749177770886,3089.948259009316,3356.0,10.065239214599314,0.0,0.0,Sin Riesgo,0,0.0
802833,GROCERY I,A,561417.0,332.59300947867297,918.244328547754,3246.3953948984645,1278.0,3.8425341591009894,1968.3953948984645,60.633261062151945,Riesgo Alto,1,5.434140808696109
1695935,PRODUCE,A,559029.2677000003,331.1784761255926,1706.736336055028,4024.9856689341764,5077.0,15.330102545899306,0.0,0.0,Sin Riesgo,0,0.0
119026,CLEANING,A,558626.0,330.93957345971563,872.542330424821,3189.1193446428306,1381.0,4.172967244632366,1808.1193446428306,56.69650926297752,Riesgo Alto,1,5.056055908055321
517615,GROCERY I,A,555424.0,329.042654028436,801.5353349900944,3104.833913189146,3212.0,9.761652359278678,0.0,0.0,Sin Riesgo,0,0.0
1464241,BEVERAGES,A,553791.0,328.07523696682466,967.8947380599767,3264.421396827749,1183.0,3.605880196680697,2081.421396827749,63.76080609110092,Riesgo Alto,1,5.636819058081709
1489836,PRODUCE,A,552385.0,327.24229857819904,877.1462667577473,3167.8423568051403,2930.0,8.953610253717969,237.8423568051403,7.508023759269736,Riesgo Bajo,1,0.6620669624330925
870545,PERSONAL CARE,A,550814.0,326.31161137440756,1255.4725711305434,3539.653850751396,3422.0,10.486908466378852,117.65385075139602,3.32388012252725,Riesgo Bajo,1,0.29227032617741966
1047743,BEVERAGES,A,547862.0,324.5627962085308,725.8806448553056,2997.820218315021,1337.0,4.119387729026653,1660.820218315021,55.40092791983754,Riesgo Alto,1,4.845321726032799
1239913,DAIRY,A,545964.0,323.43838862559244,653.5301419711043,2917.5988623502517,4082.0,12.62064165402847,0.0,0.0,Sin Riesgo,0,0.0
1342003,GROCERY I,A,544785.0,322.7399289099526,767.2673341114014,3026.4468364810696,3263.0,10.11030773607937,0.0,0.0,Sin Riesgo,0,0.0
165550,BEVERAGES,A,544711.0,322.69609004739334,736.8039279043195,2995.676558236073,2826.0,8.757465885579693,169.6765582360731,5.664048001763674,Riesgo Bajo,1,0.49252408471338377
269036,BEVERAGES,A,544543.0,322.59656398104266,1099.5584055323677,3357.7343533996664,3624.0,11.233845628352581,0.0,0.0,Sin Riesgo,0,0.0
764438,GROCERY I,A,544334.0,322.47274881516586,683.65054636368,2940.959788069841,1033.0,3.2033714594348326,1907.9597880698411,64.87541229939903,Riesgo Alto,1,5.637414842496289
268443,CLEANING,A,543562.0,322.0154028436019,532.5418377090759,2786.6496576142895,2523.0,7.835028938741118,263.6496576142895,9.4611698637426,Riesgo Bajo,1,0.8209719699436805
265257,GROCERY I,A,542006.0,321.0936018957346,639.6959806933585,2887.351193963501,2935.0,9.140636819518603,0.0,0.0,Sin Riesgo,0,0.0
360314,BREAD/BAKERY,A,541992.0,321.08530805687207,504.18544565642856,2751.7826020545326,3921.0,12.211707921888145,0.0,0.0,Sin Riesgo,0,0.0
1464210,BEVERAGES,A,541388.0,320.72748815165875,1363.1826606676404,3608.2750777292517,3750.0,11.692169017414498,0.0,0.0,Sin Riesgo,0,0.0
789224,CLEANING,A,540263.0,320.061018957346,521.4297248823204,2761.8568575837426,2695.0,8.420269387316917,66.85685758374257,2.4207213129153056,Riesgo Bajo,1,0.20877785027694967
1502383,PRODUCE,A,539380.0,319.5379146919431,937.3414012843589,3174.1068041279605,3135.0,9.811042307834922,39.10680412796046,1.2320569703924782,Riesgo Bajo,1,0.10608647786115227
119624,BEVERAGES,A,536858.0,318.04383886255926,875.1122717892824,3101.4191438271973,3370.0,10.596023529499421,0.0,0.0,Sin Riesgo,0,0.0
1239890,POULTRY,A,536130.4340000001,317.612816350711,576.4989803320805,2799.7886947870575,3095.0,9.744568986732803,0.0,0.0,Sin Riesgo,0,0.0
1418845,GROCERY I,A,535782.0,317.4063981042654,1328.5508980412558,3550.3956847711133,3869.0,12.189420323937721,0.0,0.0,Sin Riesgo,0,0.0
1463819,BEVERAGES,A,534535.0,316.667654028436,1356.6902782061725,3573.3638564052244,3209.0,10.133652613954185,364.3638564052244,10.196662613915045,Riesgo Medio,1,0.8700988574728199
1695931,PRODUCE,A,534457.7459999999,316.62188744075826,1743.3427318465638,3959.6959439318716,4519.0,14.272544568939601,0.0,0.0,Sin Riesgo,0,0.0
1239867,POULTRY,A,533918.1420000001,316.30221682464463,680.7281126866994,2894.8436304592115,3937.0,12.446956709704759,0.0,0.0,Sin Riesgo,0,0.0
111397,GROCERY I,A,533390.0,315.98933649289097,595.9946313663944,2807.919986816631,2291.0,7.250244661504715,516.9199868166311,18.40935600884656,Riesgo Medio,1,1.5675372409349586
985823,GROCERY I,A,533378.0,315.98222748815164,1256.8976834038908,3468.773275820952,3498.0,11.070242867159877,0.0,0.0,Sin Riesgo,0,0.0
1146497,FROZEN FOODS,A,533056.0,315.7914691943128,994.5681619677936,3205.108446327983,3143.0,9.952770440629127,62.108446327983074,1.9377954714493124,Riesgo Bajo,1,0.1648979188292098
664543,PERSONAL CARE,A,532554.0,315.49407582938386,753.6454798757063,2962.1040106813934,2373.0,7.521535844252415,589.1040106813934,19.888025827488676,Riesgo Medio,1,1.6907902237734322
116018,GROCERY I,A,531126.0,314.6481042654028,766.5909008414532,2969.127630699273,3468.0,11.021836626337254,0.0,0.0,Sin Riesgo,0,0.0
1489850,PRODUCE,A,529868.2943000008,313.9030179502374,834.6360313140312,3031.9571569656932,2894.0,9.219408016200665,137.95715696569323,4.550102452758841,Riesgo Bajo,1,0.38487837546659615
890215,GROCERY I,A,529256.0,313.54028436018956,787.0979988413737,2981.8799893627006,2530.0,8.069138564324259,451.8799893627006,15.154197720052382,Riesgo Medio,1,1.280363076122215
1695900,PRODUCE,A,526692.7820000002,312.02179028436035,1112.6920929182425,3296.8446249087647,2129.0,6.823241409068709,1167.8446249087647,35.42310171626857,Riesgo Alto,1,2.9783679828108314
365140,GROCERY I,A,526019.0,311.62263033175356,888.1346531082155,3069.4930654304903,3103.0,9.957556666204072,0.0,0.0,Sin Riesgo,0,0.0
220432,GROCERY I,A,525824.0,311.50710900473933,758.4177321934014,2938.967495226577,4058.0,13.026990019474196,0.0,0.0,Sin Riesgo,0,0.0
1464070,BEVERAGES,A,524785.0,310.8915876777251,749.3762602818435,2925.617374025919,2639.0,8.48848957191993,286.61737402591916,9.796816787135333,Riesgo Bajo,1,0.8207309310404289
1047756,BEVERAGES,A,524520.0,310.7345971563981,614.5613896576897,2789.703569752476,2343.0,7.540196751315489,446.70356975247614,16.012581931495724,Riesgo Medio,1,1.3407809141462583
158956,CLEANING,A,524453.0,310.69490521327015,535.8099910259368,2710.6743275188282,3302.0,10.62778933479263,0.0,0.0,Sin Riesgo,0,0.0
964753,GROCERY I,A,523716.0,310.2582938388626,636.0510624071812,2807.859119279219,3553.0,11.451748657669423,0.0,0.0,Sin Riesgo,0,0.0
1463626,BEVERAGES,A,523191.0,309.9472748815166,1763.1783625881808,3932.809286758797,4259.0,13.74104676877087,0.0,0.0,Sin Riesgo,0,0.0
105574,GROCERY I,A,522163.0,309.3382701421801,1400.4425802339888,3565.8104712292493,3809.0,12.313381070661844,0.0,0.0,Sin Riesgo,0,0.0
205387,GROCERY I,A,520484.0,308.3436018957346,587.1984913866571,2745.6037046567994,2287.0,7.4170502839664625,458.60370465679944,16.703200971027425,Riesgo Medio,1,1.3878466832786256
265237,GROCERY I,A,519798.0,307.9372037914692,591.1550120926245,2746.715438632909,2877.0,9.34281393926102,0.0,0.0,Sin Riesgo,0,0.0
639586,GROCERY I,A,519103.0,307.52547393364927,903.51849167171,3056.196809207255,2023.0,6.578316827296318,1033.1968092072548,33.80661893548849,Riesgo Alto,1,2.8014938849260855
414421,GROCERY I,A,517580.0,306.6232227488152,528.9788535265146,2675.341412768221,2616.0,8.531643417442714,59.341412768220835,2.218087474182193,Riesgo Bajo,1,0.18326965289714928
213652,GROCERY I,A,515636.0,305.47156398104266,455.9575600775945,2594.2585079448927,2519.0,8.246266746309411,75.2585079448927,2.900964098774822,Riesgo Bajo,1,0.23879211749252063
1457328,HOME CARE,A,515553.0,305.4223933649289,1097.9896560895118,3235.946409644014,3262.0,10.68029087213148,0.0,0.0,Sin Riesgo,0,0.0
1696051,PRODUCE,A,515371.0,305.31457345971563,952.7305434123806,3089.93255763039,3502.0,11.470137046904075,0.0,0.0,Sin Riesgo,0,0.0
1112840,CLEANING,A,514967.0,305.07523696682466,588.2982401473093,2723.8248989150816,3965.0,12.996793969322306,0.0,0.0,Sin Riesgo,0,0.0
564288,BREAD/BAKERY,A,513158.0,304.0035545023697,705.2064826811625,2833.2313641977503,2693.0,8.858449054677116,140.23136419775028,4.949520394620429,Riesgo Bajo,1,0.40546056731221747
513855,CLEANING,A,512588.0,303.6658767772512,558.7978762444362,2684.459013685195,1228.0,4.043918312562916,1456.4590136851948,54.25521515732827,Riesgo Alto,1,4.439604947495933
1239906,DAIRY,A,512441.0,303.5787914691943,669.4463509722058,2794.497891256566,2336.0,7.6948721901643315,458.49789125656616,16.407165404959358,Riesgo Medio,1,1.3421832916114387
838407,DAIRY,A,511802.0,303.20023696682466,501.2439354522414,2623.6455942200137,3195.0,10.53759070890696,0.0,0.0,Sin Riesgo,0,0.0
464263,GROCERY I,A,511235.0,302.86433649289097,751.5200882713135,2871.57044372155,3847.0,12.702056784062124,0.0,0.0,Sin Riesgo,0,0.0
1464239,BEVERAGES,A,510853.0,302.6380331753555,814.4643389229203,2932.930571150409,1012.0,3.3439286839854123,1920.930571150409,65.49526231699872,Riesgo Alto,1,5.3412171619391495
781794,FROZEN FOODS,A,509840.0,302.0379146919431,484.5123388247643,2598.777741668366,2980.0,9.866310999529265,0.0,0.0,Sin Riesgo,0,0.0
1660271,PRODUCE,A,509712.0,301.9620853080569,1022.20687180978,3135.941468966178,3463.0,11.468327212229651,0.0,0.0,Sin Riesgo,0,0.0
660312,BREAD/BAKERY,A,509041.0,301.56457345971563,517.7927984887795,2628.744812706789,2797.0,9.274962134680704,0.0,0.0,Sin Riesgo,0,0.0
911429,GROCERY I,A,508569.0,301.28495260663504,557.6004521424271,2666.595120388872,3430.0,11.384571218458067,0.0,0.0,Sin Riesgo,0,0.0
1239796,DAIRY,A,508528.0,301.26066350710903,760.578768042469,2869.4034125922326,2921.0,9.695922348425258,0.0,0.0,Sin Riesgo,0,0.0
407499,EGGS,A,508339.0,301.14869668246445,470.41322991725696,2578.454106694508,2228.0,7.398338510324803,350.454106694508,13.591636391146727,Riesgo Medio,1,1.1029595352961983
2026983,GROCERY I,A,507459.0,300.62736966824644,1284.295506065009,3388.687093742734,3035.0,10.095554517704878,353.68709374273385,10.437289839944881,Riesgo Medio,1,0.845518481455462
268834,GROCERY I,A,507411.0,300.5989336492891,532.8444700323267,2637.0370055773506,2933.0,9.757186974661566,0.0,0.0,Sin Riesgo,0,0.0
371130,CLEANING,A,506617.0,300.1285545023697,477.2064075639528,2578.1062890805406,2600.0,8.662954460667525,0.0,0.0,Sin Riesgo,0,0.0
1239956,DAIRY,A,505893.0,299.69964454976304,789.0419849380411,2886.9394967863823,3789.0,12.642657637089266,0.0,0.0,Sin Riesgo,0,0.0
115267,CLEANING,A,505457.0,299.44135071090045,561.5393828341362,2657.6288378104396,3352.0,11.194178733304714,0.0,0.0,Sin Riesgo,0,0.0
410866,PREPARED FOODS,A,505387.0,299.3998815165877,555.2256830457601,2651.0248536618737,3697.0,12.348034278681485,0.0,0.0,Sin Riesgo,0,0.0
314570,CLEANING,A,503677.0,298.3868483412322,583.0814290543393,2671.789367442965,2666.0,8.934710141618538,5.789367442965158,0.21668502440766393,Riesgo Bajo,1,0.017422698396712497
1489899,PRODUCE,A,503326.0,298.17890995260666,782.5722267656829,2869.8245964339294,3150.0,10.56412742437307,0.0,0.0,Sin Riesgo,0,0.0
464339,GROCERY I,A,502255.0,297.5444312796209,676.0284894051487,2758.839508362495,2283.0,7.672803655513633,475.83950836249505,17.247814050804603,Riesgo Medio,1,1.3829062265044454
507870,GROCERY I,A,502093.0,297.4484597156398,583.5071249597075,2665.646342969186,3859.0,12.97367619146254,0.0,0.0,Sin Riesgo,0,0.0
1689854,PRODUCE,A,501596.0,297.15402843601896,921.9590919028012,3002.037290954934,3043.0,10.240480386605954,0.0,0.0,Sin Riesgo,0,0.0
2011073,GROCERY I,A,499513.0,295.92002369668245,2458.4215172760833,4529.86168315286,3732.0,12.61151561621019,797.8616831528598,17.613378486151362,Riesgo Medio,1,1.404506859776891
115720,GROCERY I,A,498632.0,295.3981042654028,788.2263746844374,2856.013104542257,2879.0,9.746169519806191,0.0,0.0,Sin Riesgo,0,0.0
906979,BEVERAGES,A,498365.0,295.2399289099526,1548.8986950787043,3615.5781974483725,5350.0,18.12085519649253,0.0,0.0,Sin Riesgo,0,0.0
262991,GROCERY I,A,497849.0,294.9342417061611,416.1762505931043,2480.715942536232,2808.0,9.520766336780833,0.0,0.0,Sin Riesgo,0,0.0
1642664,PRODUCE,A,496706.61659999983,294.25747428909943,828.8888585893003,2888.6911786129967,4019.0,13.658106764185195,0.0,0.0,Sin Riesgo,0,0.0
741201,SEAFOOD,A,496705.0,294.2565165876777,588.9820952375233,2648.7777113512675,3656.0,12.424533676930976,0.0,0.0,Sin Riesgo,0,0.0
1047774,BEVERAGES,A,496417.0,294.08590047393363,668.3196562906669,2726.9209596082023,1794.0,6.100258452067516,932.9209596082023,34.21151450397162,Riesgo Alto,1,2.711148759318482
789905,DAIRY,A,496292.0,294.0118483412322,582.9924301189774,2641.0753685076033,2441.0,8.30238649827118,200.07536850760334,7.575526654533158,Riesgo Bajo,1,0.6001841290374782
877513,CLEANING,A,495450.0,293.5130331753555,592.9615886600914,2647.55282088758,1900.0,6.4733070945605,747.5528208875799,28.23561497960846,Riesgo Alto,1,2.233219882418497
841514,GROCERY I,A,494780.0,293.11611374407585,706.281876951196,2758.094673159727,3606.0,12.302291927725452,0.0,0.0,Sin Riesgo,0,0.0
804932,BEVERAGES,A,494384.0,292.8815165876777,572.5558980511543,2622.726514164898,1283.0,4.380611023010454,1339.7265141648982,51.081441657346424,Riesgo Alto,1,4.031456281346935
1463765,BEVERAGES,A,490329.0,290.4792654028436,763.29495449222,2796.6498123121255,3785.0,13.030189933697578,0.0,0.0,Sin Riesgo,0,0.0
1037846,GROCERY I,A,489710.0,290.11255924170615,445.466706546573,2476.254621238516,3066.0,10.568311858038431,0.0,0.0,Sin Riesgo,0,0.0
871513,BREAD/BAKERY,A,489185.0,289.8015402843602,480.12677491914485,2508.737556909666,3089.0,10.659018571706,0.0,0.0,Sin Riesgo,0,0.0
1457231,HOME CARE,A,488317.0,289.2873222748815,841.2442685571336,2866.255524481304,2594.0,8.966863738104552,272.25552448130384,9.49864804990033,Riesgo Bajo,1,0.7404539287937997
1146785,GROCERY I,A,486416.0,288.1611374407583,1078.752989460421,3095.880951545729,2523.0,8.755517910595046,572.8809515457292,18.504618249603492,Riesgo Medio,1,1.4368862331461523
1239790,DAIRY,A,484917.0,287.2731042654028,730.7020673749419,2741.6137972327615,3208.0,11.167073952862037,0.0,0.0,Sin Riesgo,0,0.0
864508,GROCERY I,A,484744.0,287.1706161137441,690.2337372265113,2700.4280500227196,3670.0,12.77985905962735,0.0,0.0,Sin Riesgo,0,0.0
213788,GROCERY I,A,481308.0,285.1350710900474,673.5144874570221,2669.4599850873537,2791.0,9.788343430817688,0.0,0.0,Sin Riesgo,0,0.0
1457183,HOME CARE,A,480641.0,284.7399289099526,957.668436265623,2950.847938635291,3191.0,11.206717695743809,0.0,0.0,Sin Riesgo,0,0.0
940591,CLEANING,A,480484.0,284.6469194312796,562.6790349107486,2555.207470929706,3167.0,11.126064551577159,0.0,0.0,Sin Riesgo,0,0.0
913968,GROCERY I,A,480355.0,284.5704976303318,747.7473624880349,2739.7408459003573,4079.0,14.333882232931893,0.0,0.0,Sin Riesgo,0,0.0
1239908,DAIRY,A,479631.0,284.1415876777251,616.6623596565987,2605.6534734006746,2847.0,10.019652607942357,0.0,0.0,Sin Riesgo,0,0.0
1109390,GROCERY I,A,479394.0,284.00118483412325,566.6264024101087,2554.6346962489715,3363.0,11.841499893615689,0.0,0.0,Sin Riesgo,0,0.0
1463998,BEVERAGES,A,479077.0,283.81338862559244,1108.4418303598225,3095.13555073897,2854.0,10.055903330779811,241.13555073896987,7.790791284775824,Riesgo Bajo,1,0.5958285274986493
830625,CLEANING,A,479008.0,283.77251184834125,516.3117298901444,2502.719312828533,2505.0,8.827493486538847,0.0,0.0,Sin Riesgo,0,0.0
564274,GROCERY I,A,478484.0,283.4620853080569,589.6729135090037,2573.907510665402,2437.0,8.597269710167946,136.9075106654018,5.319053233191301,Riesgo Bajo,1,0.40629002371054374
114800,PERSONAL CARE,A,478153.0,283.2659952606635,921.7102343854976,2904.5722012101423,903.0,3.187816452056141,2001.5722012101423,68.91108440603475,Riesgo Alto,1,5.260056037092753
874593,GROCERY I,A,478130.0,283.25236966824644,730.6933739746997,2713.4599616524247,2983.0,10.531244640578922,0.0,0.0,Sin Riesgo,0,0.0
1105228,GROCERY I,A,477835.0,283.0776066350711,853.668076718701,2835.211323164199,3617.0,12.777414797995123,0.0,0.0,Sin Riesgo,0,0.0
464336,GROCERY I,A,477525.0,282.89395734597156,509.61378801193484,2489.871489433736,2714.0,9.593700853358463,0.0,0.0,Sin Riesgo,0,0.0
648313,CLEANING,A,477281.0,282.7494075829384,515.9890817360339,2495.2349348166026,2152.0,7.610979695399566,343.2349348166026,13.755615955330075,Riesgo Medio,1,1.0480658974686627
1114567,BEVERAGES,A,476942.0,282.54857819905214,969.5204826537972,2947.3605300471622,4172.0,14.76560252609332,0.0,0.0,Sin Riesgo,0,0.0
769312,CLEANING,A,476545.0,282.31338862559244,523.0321297519104,2499.2258501310575,2817.0,9.978272775918327,0.0,0.0,Sin Riesgo,0,0.0
258268,EGGS,A,473751.0,280.6581753554502,445.52208090346903,2410.1293083916207,2210.0,7.874347494781014,200.12930839162073,8.303675147005922,Riesgo Bajo,1,0.6279931288992565
208514,GROCERY I,A,472693.0,280.0313981042654,500.11759455242105,2460.337381282279,2367.0,8.45262358444064,93.33738128227878,3.79368219953774,Riesgo Bajo,1,0.2862691309201923
2026945,GROCERY I,A,472451.0,279.8880331753555,1270.3881999100424,3229.6044321375307,4052.0,14.477217743215697,0.0,0.0,Sin Riesgo,0,0.0
1346636,CLEANING,A,472356.0,279.83175355450237,706.5443095354581,2665.3665844169745,3089.0,11.03877583856244,0.0,0.0,Sin Riesgo,0,0.0
1473427,PRODUCE,A,469549.0850999999,278.16888927725114,1025.1289026236473,2972.311127564405,2780.0,9.99392853465066,192.31112756440507,6.470087393643417,Riesgo Bajo,1,0.4849819186379569
1457181,HOME CARE,A,467100.0,276.71800947867297,858.6315091456796,2795.6575754963906,2620.0,9.468122457717834,175.65757549639056,6.283229285160262,Riesgo Bajo,1,0.46851896708348933
1473476,PRODUCE,A,466907.5651000006,276.6040077606639,926.6401751783005,2862.8682295029475,2992.0,10.816907622643258,0.0,0.0,Sin Riesgo,0,0.0
1696013,PRODUCE,A,466064.96539999946,276.1048373222746,889.0070138849893,2821.7408751409116,2487.0,9.007448127745507,334.7408751409116,11.862920443543398,Riesgo Medio,1,0.882617384785717
414426,GROCERY I,A,465189.0,275.58590047393363,480.17669022974894,2409.2779935472845,3492.0,12.67118526018457,0.0,0.0,Sin Riesgo,0,0.0
1089046,CLEANING,A,464609.0,275.24229857819904,479.1281230595554,2405.8242131069487,2218.0,8.058354444274649,187.82421310694872,7.807063046571772,Riesgo Bajo,1,0.5790415211076293
1167545,BEVERAGES,A,464344.0,275.08530805687207,801.971168128173,2727.5683245262776,3630.0,13.19590648312458,0.0,0.0,Sin Riesgo,0,0.0
1913464,PRODUCE,A,464249.0,275.02902843601896,1011.5108121951085,2936.714011247241,2666.0,9.69352222621912,270.71401124724116,9.218262663999317,Riesgo Bajo,1,0.6831789199687026
1239852,POULTRY,A,463979.99299999984,274.86966409952595,547.346340059044,2471.4339887557257,2365.0,8.604077891780998,106.43398875572575,4.306568139791233,Riesgo Bajo,1,0.3189811202249839
215327,GROCERY I,A,463536.0,274.60663507109007,717.0023764464236,2639.248821944054,2659.0,9.682941562251907,0.0,0.0,Sin Riesgo,0,0.0
1501524,PRODUCE,A,461586.0,273.45142180094786,724.5705733559785,2638.7305259626137,3182.0,11.636436113746951,0.0,0.0,Sin Riesgo,0,0.0
106716,GROCERY I,A,461417.0,273.35130331753555,423.4490804145123,2336.908203637261,1931.0,7.064169720664822,405.90820363726107,17.369454350217463,Riesgo Medio,1,1.2794230437414646
1686641,PRODUCE,A,461405.0,273.3441943127962,826.5924971279572,2740.0018573175307,2537.0,9.281338520388813,203.00185731753072,7.408821887305948,Riesgo Bajo,1,0.5457149510368658
1239858,POULTRY,A,460143.4229999997,272.59681457345954,664.5135628661943,2572.691264880411,3779.0,13.862964634833006,0.0,0.0,Sin Riesgo,0,0.0
1978835,BREAD/BAKERY,A,459489.0,272.2091232227488,1574.8750786001021,3480.338941159344,4756.0,17.471861132693057,0.0,0.0,Sin Riesgo,0,0.0
859966,DAIRY,A,459307.0,272.10130331753555,581.5111389911903,2486.2202622139393,2948.0,10.834200219025618,0.0,0.0,Sin Riesgo,0,0.0
1239820,DAIRY,A,457382.0,270.96090047393363,878.5277885341699,2775.254091851705,1513.0,5.583831458168446,1262.2540918517052,45.48246935506737,Riesgo Alto,1,3.320913063151013
459804,GROCERY I,A,457229.0,270.8702606635071,534.9811279284675,2431.0729525730176,2387.0,8.812336925260647,44.072952573017574,1.8129012758079228,Riesgo Bajo,1,0.13232512847237352
1695873,PRODUCE,A,456304.0,270.3222748815166,893.8426088423333,2786.0985330129497,3196.0,11.82292506749886,0.0,0.0,Sin Riesgo,0,0.0
1089045,CLEANING,A,455585.0,269.896327014218,484.8761393491427,2374.1504284486687,1026.0,3.8014596617535696,1348.1504284486687,56.78454121079367,Riesgo Alto,1,4.129846782806102
1222571,PERSONAL CARE,A,454770.0,269.41350710900474,883.0575711727632,2768.9521209357963,2363.0,8.770903973437122,405.9521209357963,14.660857364286983,Riesgo Medio,1,1.0643527287897254
1342009,GROCERY I,A,454565.0,269.29206161137444,766.8859995460317,2651.930430825653,3041.0,11.292572019403165,0.0,0.0,Sin Riesgo,0,0.0
457688,CLEANING,A,454420.0,269.20616113744074,607.4492994758039,2491.892427437889,3027.0,11.24417059108314,0.0,0.0,Sin Riesgo,0,0.0
315322,GROCERY I,A,454331.0,269.15343601895734,563.7253212304605,2447.799373363162,2554.0,9.489011315538672,0.0,0.0,Sin Riesgo,0,0.0
1457217,HOME CARE,A,452838.0,268.26895734597156,829.6740949861022,2707.556796407903,3238.0,12.06997645957274,0.0,0.0,Sin Riesgo,0,0.0
856687,GROCERY I,A,452261.0,267.9271327014218,9477.950659332282,11353.440588242234,12213.0,45.58328929534053,0.0,0.0,Sin Riesgo,0,0.0
949297,CLEANING,A,449811.0,266.4757109004739,559.2772067512461,2424.6071830545634,3057.0,11.471964891921274,0.0,0.0,Sin Riesgo,0,0.0
1693647,PRODUCE,A,449287.0,266.16528436018956,742.6534446178292,2605.810435139156,3667.0,13.77715357889278,0.0,0.0,Sin Riesgo,0,0.0
1109391,GROCERY I,A,449248.0,266.14218009478674,515.9295192611173,2378.9247799246245,3297.0,12.388115250373957,0.0,0.0,Sin Riesgo,0,0.0
1165989,GROCERY I,A,448467.0,265.6795023696682,622.4870552738114,2482.243571861489,3168.0,11.924141575634328,0.0,0.0,Sin Riesgo,0,0.0
584078,MEATS,A,447642.9574000007,265.19132547393406,578.0968297434873,2434.4361080610256,3230.0,12.179885575923485,0.0,0.0,Sin Riesgo,0,0.0
1149225,CLEANING,A,447458.0,265.08175355450237,908.2218799753468,2763.7941548568633,2974.0,11.21918034765274,0.0,0.0,Sin Riesgo,0,0.0
1044592,DAIRY,A,447451.0,265.0776066350711,464.27307499099857,2319.8163214364963,1903.0,7.179029659113511,416.8163214364963,17.96764328213674,Riesgo Medio,1,1.2834264978616268
1696003,PRODUCE,A,447436.0080999998,265.068725177725,717.8778739229001,2573.3589501669753,2291.0,8.64304152994253,282.3589501669753,10.972388836336032,Riesgo Medio,1,0.7837300935147075
757889,CLEANING,A,446313.0,264.40343601895734,629.0833020699437,2479.907354202645,3275.0,12.386374584652476,0.0,0.0,Sin Riesgo,0,0.0
764439,GROCERY I,A,446152.0,264.3080568720379,545.1972873294814,2395.3536854337467,2548.0,9.640266097652818,0.0,0.0,Sin Riesgo,0,0.0
468265,BEVERAGES,A,446063.0,264.2553317535545,891.3568017907787,2741.1441240656604,3167.0,11.98462100644976,0.0,0.0,Sin Riesgo,0,0.0
470624,CLEANING,A,445906.0,264.1623222748815,452.457875276528,2301.5941312006985,1087.0,4.114894170520245,1214.5941312006985,52.77186428030504,Riesgo Alto,1,3.7564719887384586
1463510,BEVERAGES,A,445834.0,264.1196682464455,1260.3624722849477,3109.200150010066,4623.0,17.503429527582014,0.0,0.0,Sin Riesgo,0,0.0
1239783,DAIRY,A,444042.0,263.0580568720379,710.2872091719902,2551.6936072762555,2505.0,9.522612725823233,46.693607276255534,1.829906503786617,Riesgo Bajo,1,0.12971414952532725
2010511,GROCERY I,A,444020.0,263.04502369668245,1081.1424309860797,2922.457596862857,3443.0,13.089014008378001,0.0,0.0,Sin Riesgo,0,0.0
1033395,BREAD/BAKERY,A,442820.0,262.3341232227488,469.7961623957735,2306.135024955015,2018.0,7.692480014452825,288.13502495501507,12.494282504582992,Riesgo Medio,1,0.8832282485457719
1239914,DAIRY,A,442214.0,261.9751184834123,624.8959250017894,2458.7217543856755,2899.0,11.065936401832598,0.0,0.0,Sin Riesgo,0,0.0
823245,BREAD/BAKERY,A,441936.0,261.81042654028437,426.2092725081068,2258.8822582900975,2348.0,8.968321204880345,0.0,0.0,Sin Riesgo,0,0.0
1168717,GROCERY I,A,441399.0,261.49229857819904,728.8423009620296,2559.288391009423,3717.0,14.214567772015796,0.0,0.0,Sin Riesgo,0,0.0
471980,GROCERY I,A,441100.0,261.31516587677726,533.969487152651,2363.175648290092,2038.0,7.799011562004081,325.1756482900919,13.760113368017194,Riesgo Medio,1,0.9689323845725645
1239806,DAIRY,A,440837.0,261.1593601895735,527.8573618859125,2355.9728832129267,1997.0,7.646672125978536,358.9728832129267,15.236715404100162,Riesgo Medio,1,1.0722691118833807
890213,GROCERY I,A,440126.0,260.7381516587678,622.8903546689596,2448.057416280334,3172.0,12.165461708692511,0.0,0.0,Sin Riesgo,0,0.0
329362,GROCERY I,A,439476.0,260.3530805687204,465.8396294908345,2288.3111934718772,1486.0,5.707633636421557,802.3111934718772,35.06127994132619,Riesgo Alto,1,2.4597860324807597
1585782,PRODUCE,A,438578.0,259.82109004739334,693.3682185646672,2512.1158488964206,3102.0,11.9389846275919,0.0,0.0,Sin Riesgo,0,0.0
949053,GROCERY I,A,438186.0,259.5888625592417,539.9732809328751,2357.095318847567,1940.0,7.473356063406864,417.0953188475669,17.69530979559594,Riesgo Medio,1,1.237801685867586
812769,"LIQUOR,WINE,BEER",A,437971.0,259.46149289099526,1571.9820587322874,3388.2125089692545,5009.0,19.305369533599258,0.0,0.0,Sin Riesgo,0,0.0
463901,CLEANING,A,437763.0,259.3382701421801,487.0016919349231,2302.3695829301837,2052.0,7.9124457754538415,250.3695829301837,10.874430620801673,Riesgo Medio,1,0.7599411828459544
1501581,PRODUCE,A,437416.0,259.13270142180096,755.5966856629796,2569.525595615586,2100.0,8.103955959544232,469.5255956155861,18.272851471755857,Riesgo Medio,1,1.2759550958163828
364413,CLEANING,A,436607.0,258.65343601895734,820.5586047689899,2631.132656901691,1300.0,5.026030274365734,1331.132656901691,50.59162081432929,Riesgo Alto,1,3.5261735976946285
357962,EGGS,A,436457.0,258.56457345971563,446.22618955753046,2256.17820377554,3022.0,11.687602673344683,0.0,0.0,Sin Riesgo,0,0.0
759694,GROCERY I,A,436232.0,258.4312796208531,388.5590678216952,2197.578025167667,2444.0,9.457059546296465,0.0,0.0,Sin Riesgo,0,0.0
573832,GROCERY I,A,436113.0,258.36078199052133,430.54728919093895,2239.072763124588,2462.0,9.529310064134753,0.0,0.0,Sin Riesgo,0,0.0
414623,GROCERY I,A,436046.0,258.32109004739334,422.2980874249931,2230.545717756747,2489.0,9.635295358746555,0.0,0.0,Sin Riesgo,0,0.0
371438,CLEANING,A,435963.0,258.2719194312796,517.6103794574265,2325.5138154763836,2463.0,9.536460662946167,0.0,0.0,Sin Riesgo,0,0.0
1464045,BEVERAGES,A,435782.0,258.16469194312793,650.0406635431759,2457.1935071450716,2345.0,9.083349013956521,112.19350714507164,4.565920706644932,Riesgo Bajo,1,0.3176377087279777
1920080,GROCERY I,A,435608.0,258.06161137440756,1747.7455257176184,3554.1768053384712,2517.0,9.753484784485135,1037.1768053384712,29.18191362288458,Riesgo Alto,1,2.0292895382324745
567750,GROCERY I,A,435287.0,257.8714454976303,443.29720896711876,2248.397327450531,2229.0,8.643841879036131,19.397327450531066,0.8627179553057819,Riesgo Bajo,1,0.05994858485722391
417763,CLEANING,A,435273.0,257.8631516587678,461.0387565918551,2266.0808182032297,2052.0,7.957709299680889,214.08081820322968,9.447183722819466,Riesgo Bajo,1,0.6564452222180022
1695837,PRODUCE,A,434360.7366000005,257.3227112559245,1080.857622486785,2882.1166012782564,4209.0,16.35689278826955,0.0,0.0,Sin Riesgo,0,0.0
740729,GROCERY I,A,433767.0,256.97097156398104,652.6716824234294,2451.4684833712968,3057.0,11.896285332909143,0.0,0.0,Sin Riesgo,0,0.0
1464025,BEVERAGES,A,433192.0,256.6303317535545,825.8812933621064,2622.293615636988,2601.0,10.135201019409408,21.29361563698785,0.8120225557508887,Riesgo Bajo,1,0.05615428764965149
812757,"LIQUOR,WINE,BEER",A,432879.0,256.44490521327015,895.7465864399303,2690.8609229328213,2924.0,11.402059235952771,0.0,0.0,Sin Riesgo,0,0.0
1018878,DAIRY,A,432652.0,256.31042654028437,538.5327402357813,2332.7057260177717,2242.0,8.747205606353374,90.70572601777167,3.8884341477833124,Riesgo Bajo,1,0.26856404274189805
305227,GROCERY I,A,432103.0,255.9851895734597,2395.1691293766653,4187.065456390883,3794.0,14.821169952534465,393.0654563908829,9.38761193214526,Riesgo Bajo,1,0.6475552244465789
1954663,PRODUCE,A,431717.85499999975,255.75702310426524,1142.282595299294,2932.5817570291506,3103.0,12.13260915511591,0.0,0.0,Sin Riesgo,0,0.0
179615,DAIRY,A,431364.0,255.54739336492892,380.4638758810405,2169.295629435543,2454.0,9.602915403232537,0.0,0.0,Sin Riesgo,0,0.0
372924,GROCERY I,A,431219.0,255.46149289099526,467.2436284881075,2255.4740787250744,2097.0,8.208673551026276,158.47407872507438,7.026198182452763,Riesgo Bajo,1,0.48367393637639405
1695961,PRODUCE,A,431189.1736999996,255.44382328199026,801.0260408842746,2589.1328038582064,3479.0,13.6194328572958,0.0,0.0,Sin Riesgo,0,0.0
651525,GROCERY I,A,431148.0,255.41943127962085,733.7718233024849,2521.707842259831,3509.0,13.738187350979246,0.0,0.0,Sin Riesgo,0,0.0
1457341,HOME CARE,A,430366.0,254.95616113744074,842.5603937341684,2627.2535216962538,3253.0,12.759056245149479,0.0,0.0,Sin Riesgo,0,0.0
1463806,BEVERAGES,A,430245.0,254.88447867298578,1655.6133638764309,3439.8047145873315,1099.0,4.311757254587502,2340.8047145873315,68.05051184041285,Riesgo Alto,1,4.673923822528879
1463801,BEVERAGES,A,430040.0,254.76303317535545,1306.203605755809,3089.544837983297,3805.0,14.935447865314854,0.0,0.0,Sin Riesgo,0,0.0
844017,DELI,A,429663.0,254.53969194312796,483.6471148232293,2265.424958425125,2576.0,10.120229109790696,0.0,0.0,Sin Riesgo,0,0.0
1239868,POULTRY,A,429088.4299999994,254.19930687203757,610.1261804071543,2389.5213285114173,896.0,3.5247932459982714,1493.5213285114173,62.502950306027415,Riesgo Alto,1,4.281359768772647
563966,BEVERAGES,A,428702.0,253.97037914691944,518.1678541707132,2295.9605081991494,2528.0,9.953916706710022,0.0,0.0,Sin Riesgo,0,0.0
402174,GROCERY I,A,428690.0,253.9632701421801,697.122545623343,2474.865436618604,2471.0,9.729753434883015,3.8654366186037805,0.1561877490957693,Riesgo Bajo,1,0.010688695886495101
781797,FROZEN FOODS,A,427684.0,253.36729857819904,419.06437321135616,2192.6354632587495,1423.0,5.616352260079872,769.6354632587495,35.10093110119172,Riesgo Alto,1,2.3964923218902334
949299,CLEANING,A,427622.0,253.33056872037915,530.8651745989424,2304.1791556415965,2441.0,9.635631468914134,0.0,0.0,Sin Riesgo,0,0.0
165551,BEVERAGES,A,427493.0,253.2541469194313,545.6121080115308,2318.39113644755,2593.0,10.23872671599301,0.0,0.0,Sin Riesgo,0,0.0
1489879,PRODUCE,A,427040.0,252.98578199052133,742.3761861537006,2513.2766600873497,863.0,3.411258898463844,1650.2766600873497,65.6623556926675,Riesgo Alto,1,4.4763023959971004
265086,BEVERAGES,A,426864.0,252.88151658767774,660.6657229695383,2430.8363390832824,2761.0,10.91815660257131,0.0,0.0,Sin Riesgo,0,0.0
2042436,BEVERAGES,A,426455.0,252.63921800947867,3136.004040237068,4904.478566303418,4925.0,19.494202201873588,0.0,0.0,Sin Riesgo,0,0.0
660319,BREAD/BAKERY,A,426395.0,252.603672985782,335.9481399209747,2104.173850821449,2950.0,11.678373339274616,0.0,0.0,Sin Riesgo,0,0.0
275823,CLEANING,A,426006.0,252.37322274881515,459.9263272573741,2226.53888649908,1843.0,7.302676488124581,383.53888649908004,17.22578881620797,Riesgo Medio,1,1.1714647802981202
584032,MEATS,A,424466.35180000006,251.46110888625597,434.317143520981,2194.544905724773,1917.0,7.623445265514682,277.5449057247729,12.647036977951956,Riesgo Medio,1,0.8569716574430633
268676,GROCERY I,A,424205.0,251.30627962085308,580.8763152394972,2340.020272585469,2568.0,10.218606569936705,0.0,0.0,Sin Riesgo,0,0.0
1456881,HOME CARE,A,423832.0,251.08530805687204,745.995734321019,2503.5928907191233,1500.0,5.974065195643557,1003.5928907191233,40.08610563001139,Riesgo Alto,1,2.712201874818991
1057495,CLEANING,A,423746.0,251.03436018957345,429.1484896638527,2186.389010990867,2824.0,11.249456042062935,0.0,0.0,Sin Riesgo,0,0.0
1089044,CLEANING,A,422211.0,250.125,581.250342717382,2332.125342717382,1882.0,7.52423788105947,450.12534271738195,19.30107848289569,Riesgo Medio,1,1.3009048186972014
326951,GROCERY I,A,421870.0,249.92298578199052,436.6092631222411,2186.0701635961746,2541.0,10.167132054898428,0.0,0.0,Sin Riesgo,0,0.0
1150954,BEVERAGES,A,421426.0,249.65995260663507,607.8111850014923,2355.430853247938,1202.0,4.814548698941214,1153.430853247938,48.96899654929184,Riesgo Alto,1,3.2944045759928384
819209,MEATS,A,421126.24350000074,249.4823717417066,550.9933959937348,2297.3699981856807,798.0,3.198622790175264,1499.3699981856807,65.26462865667217,Riesgo Alto,1,4.387575264507877
1167544,BEVERAGES,A,421107.0,249.47097156398104,733.8640173102046,2480.160818258072,2215.0,8.878788526431524,265.16081825807214,10.69127519094937,Riesgo Medio,1,0.7187144403896627
916886,CLEANING,A,421082.0,249.45616113744074,483.4026237108535,2229.5957516729386,2860.0,11.464940320412651,0.0,0.0,Sin Riesgo,0,0.0
1463771,BEVERAGES,A,420801.0,249.28969194312796,851.3789660815002,2596.4068096833957,2441.0,9.791820836927668,155.40680968339575,5.985456866920864,Riesgo Bajo,1,0.40207629598745454
119141,GROCERY I,A,420600.0,249.17061611374407,725.2234531096917,2469.4177659059005,2274.0,9.126276747503566,195.41776590590052,7.913515833729816,Riesgo Bajo,1,0.5313407760809754
125430,GROCERY I,A,420017.0,248.82523696682463,411.4596770435166,2153.236335811289,2787.0,11.200632355357046,0.0,0.0,Sin Riesgo,0,0.0
1160873,GROCERY I,A,418738.0,248.0675355450237,575.4196578109579,2311.892406626124,1992.0,8.030071309506182,319.89240662612383,13.836820680291131,Riesgo Medio,1,0.9249389936590207
1464093,BEVERAGES,A,418450.0,247.89691943127963,1071.1285286085003,2806.4069646274575,1753.0,7.0714876329310545,1053.4069646274575,37.53578785631663,Riesgo Alto,1,2.507399355270281
1149069,PRODUCE,A,418309.0,247.8133886255924,926.3957307350146,2661.0894511141614,3751.0,15.136389606726128,0.0,0.0,Sin Riesgo,0,0.0
907686,BEVERAGES,A,418213.0,247.75651658767774,883.5766792279635,2617.8722953417077,3563.0,14.381054630056932,0.0,0.0,Sin Riesgo,0,0.0
977007,CLEANING,A,418165.0,247.72808056872037,485.0143625400921,2219.110926521135,3041.0,12.27555629954683,0.0,0.0,Sin Riesgo,0,0.0
170791,GROCERY I,A,417284.0,247.20616113744074,684.7985334377117,2415.241661399797,2021.0,8.175362582797328,394.24166139979707,16.323073077967162,Riesgo Medio,1,1.087346746913252
1239815,DAIRY,A,417200.0,247.1563981042654,540.2249273810949,2270.3197141109526,3115.0,12.603355704697986,0.0,0.0,Sin Riesgo,0,0.0
352513,CLEANING,A,416282.0,246.61255924170615,552.4992498054191,2278.787164497362,2850.0,11.556589043004502,0.0,0.0,Sin Riesgo,0,0.0
1463807,BEVERAGES,A,415734.0,246.28791469194312,1494.5416920953257,3218.5570949389275,4223.0,17.146598546185782,0.0,0.0,Sin Riesgo,0,0.0
1473488,PRODUCE,A,415530.9487999999,246.1676236966824,703.586096789531,2426.7594626663076,816.0,3.3148144656319287,1610.7594626663076,66.3749122006739,Riesgo Alto,1,4.402929555144902
877514,CLEANING,A,413981.0,245.24940758293837,862.7240784751425,2579.469931555711,2404.0,9.802266287583247,175.4699315557109,6.802557742934525,Riesgo Bajo,1,0.44955936382141143
1695971,PRODUCE,A,412672.5689,244.47427067535546,810.0330557877502,2521.3529505152383,2404.0,9.833345625120371,117.35295051523826,4.654364256747838,Riesgo Bajo,1,0.30661992423076834
1214325,CLEANING,A,411901.0,244.01718009478674,610.216162510812,2318.336423174319,2401.0,9.839471135054296,0.0,0.0,Sin Riesgo,0,0.0
633735,MEATS,A,411302.72409999964,243.66275124407562,991.5446300856241,2697.1838887941535,2853.0,11.708806477122003,0.0,0.0,Sin Riesgo,0,0.0
1503899,PRODUCE,A,410142.0,242.97511848341233,616.6936293250776,2317.5194587089636,2662.0,10.95585431387178,0.0,0.0,Sin Riesgo,0,0.0
769314,CLEANING,A,410046.0,242.91824644549763,960.0260844647407,2660.453809583224,3468.0,14.276408012759545,0.0,0.0,Sin Riesgo,0,0.0
655427,CLEANING,A,409445.0,242.5622037914692,764.9687871388084,2462.9042136790927,2707.0,11.160023934838623,0.0,0.0,Sin Riesgo,0,0.0
1104599,PERSONAL CARE,A,409304.0,242.478672985782,576.4460143919177,2273.796725292392,2854.0,11.770107304106483,0.0,0.0,Sin Riesgo,0,0.0
1695887,PRODUCE,A,408681.6969999997,242.11001007108987,1135.7690770747176,2830.539147572347,2933.0,12.114327694004862,0.0,0.0,Sin Riesgo,0,0.0
1070962,GROCERY I,A,408644.0,242.08767772511848,641.9320476596297,2336.545791735459,744.0,3.073266706473116,1592.5457917354588,68.15812458580591,Riesgo Alto,1,4.446283603638737
587186,CLEANING,A,408506.0,242.0059241706161,412.8839406766624,2106.9254098709753,2091.0,8.640284353228594,15.925409870975272,0.7558601645964543,Riesgo Bajo,1,0.04929175703929385
1313222,BREAD/BAKERY,A,408407.0,241.9472748815166,630.1699254946534,2323.8008496652697,3042.0,12.572987240669233,0.0,0.0,Sin Riesgo,0,0.0
418238,BEVERAGES,A,408003.0,241.7079383886256,806.3393999299872,2498.294968650366,2743.0,11.348406751911138,0.0,0.0,Sin Riesgo,0,0.0
418025,DELI,A,407791.0,241.58234597156397,424.14633131092853,2115.2227531118765,2242.0,9.280479461292673,0.0,0.0,Sin Riesgo,0,0.0
1239954,DAIRY,A,407540.0,241.43364928909952,619.1403328536793,2309.175877877376,1912.0,7.91936006281592,397.175877877376,17.19989723097511,Riesgo Medio,1,1.1190010521687452
318932,DELI,A,406904.0,241.0568720379147,401.7217882097463,2089.1198924751493,2518.0,10.445667774217014,0.0,0.0,Sin Riesgo,0,0.0
1239859,POULTRY,A,406691.42300000065,240.93093779620892,716.7181228609087,2403.234687434371,3143.0,13.045232084965784,0.0,0.0,Sin Riesgo,0,0.0
1047682,BEVERAGES,A,406589.0,240.8702606635071,834.2166323182623,2520.308456962812,3557.0,14.767285883287546,0.0,0.0,Sin Riesgo,0,0.0
1473425,PRODUCE,A,406543.3001000005,240.84318726303349,783.4308229743071,2469.3331338155413,2704.0,11.227222288197277,0.0,0.0,Sin Riesgo,0,0.0
207857,GROCERY I,A,406484.0,240.80805687203792,773.7538389552359,2459.4102370595015,2505.0,10.402475866208755,0.0,0.0,Sin Riesgo,0,0.0
354964,GROCERY I,A,406459.0,240.79324644549763,7093.00487568982,8778.557600808304,8317.0,34.54000526498368,461.5576008083044,5.257784043768256,Riesgo Bajo,1,0.34115668848770725
1695874,PRODUCE,A,406004.0,240.52369668246445,705.5399698864305,2389.2058466636818,2968.0,12.339740495167536,0.0,0.0,Sin Riesgo,0,0.0
796396,CLEANING,A,405529.0,240.24229857819904,417.54437912877825,2099.2404691761712,1873.0,7.796295702650119,226.24046917617125,10.777253606632181,Riesgo Medio,1,0.6976930890393238
795610,FROZEN FOODS,A,404905.0,239.87263033175356,417.8481491513263,2096.956561473601,3012.0,12.556663908818118,0.0,0.0,Sin Riesgo,0,0.0
809882,BREAD/BAKERY,A,404857.0,239.84419431279622,395.2312097033287,2074.1405698929025,1965.0,8.192818698948024,109.14056989290248,5.261965918661815,Riesgo Bajo,1,0.3400823439621645
1239912,DAIRY,A,404272.0,239.49763033175356,598.9950957361267,2275.4785080584015,2109.0,8.80593263941109,166.47850805840153,7.316197778569779,Riesgo Bajo,1,0.4721646856318461
502227,GROCERY I,A,403861.0,239.2541469194313,504.3641527645149,2179.143181200534,2494.0,10.424061744015885,0.0,0.0,Sin Riesgo,0,0.0
409904,GROCERY I,A,402611.0,238.51362559241707,473.3868056472455,2142.982184794165,2302.0,9.651440223938243,0.0,0.0,Sin Riesgo,0,0.0
373152,PERSONAL CARE,A,402585.0,238.49822274881515,604.0278883436787,2273.5154475853847,2638.0,11.060879069016481,0.0,0.0,Sin Riesgo,0,0.0
363868,GROCERY I,A,401937.0,238.114336492891,477.787390799663,2144.5877462499,2606.0,10.944322120133254,0.0,0.0,Sin Riesgo,0,0.0
907684,BEVERAGES,A,401708.0,237.978672985782,690.8338988872115,2356.6846097876855,2305.0,9.685741882163162,51.68460978768553,2.1931067726683127,Riesgo Bajo,1,0.14063864017865427
819228,MEATS,A,401239.8499000002,237.70133287914703,427.61931635257446,2091.5286465066038,2051.0,8.628474965442356,40.528646506603764,1.9377523981943603,Riesgo Bajo,1,0.12411856449817177
940592,CLEANING,A,400839.0,237.4638625592417,419.86276724048616,2082.109805155178,2140.0,9.011897544899574,0.0,0.0,Sin Riesgo,0,0.0
1239789,DAIRY,A,400134.0,237.0462085308057,604.3465049453258,2263.669964660966,2018.0,8.513108108783557,245.6699646609659,10.852728909081954,Riesgo Medio,1,0.69323233592998
1098624,PERSONAL CARE,A,399651.0,236.7600710900474,862.3226725082412,2519.643170138573,2816.0,11.893897425503752,0.0,0.0,Sin Riesgo,0,0.0
1963265,DAIRY,A,398990.0,236.36848341232226,1381.6630385514,3036.2424224376555,2777.0,11.748605228201209,259.2424224376555,8.53826494623318,Riesgo Bajo,1,0.543833604260801
1489908,PRODUCE,A,398286.56309999956,235.951755390995,717.1190017732583,2368.7812895102234,2378.0,10.078331462545904,0.0,0.0,Sin Riesgo,0,0.0
1047751,BEVERAGES,A,397742.0,235.6291469194313,478.85734398329754,2128.2613724193166,2937.0,12.46450211443599,0.0,0.0,Sin Riesgo,0,0.0
1457184,HOME CARE,A,397284.0,235.35781990521326,748.2643107662929,2395.7690501027855,2334.0,9.916815175038511,61.76905010278551,2.578255616923319,Riesgo Bajo,1,0.1635164497425344
1503891,PRODUCE,A,396212.0,234.7227488151659,651.6893312695709,2294.748572975732,2971.0,12.657486396171747,0.0,0.0,Sin Riesgo,0,0.0
849142,DAIRY,A,396172.0,234.6990521327014,544.0852783880076,2186.9786433169174,2042.0,8.700503821572449,144.97864331691744,6.62917508408007,Riesgo Bajo,1,0.4192544385357993
1239905,DAIRY,A,395447.0,234.26954976303318,529.771080516345,2169.657928857577,1610.0,6.8724253819095855,559.6579288575772,25.794754159807226,Riesgo Alto,1,1.6283737023415312
986193,BREAD/BAKERY,A,395429.0,234.25888625592418,380.291844279981,2020.1040480714503,2287.0,9.762703291867819,0.0,0.0,Sin Riesgo,0,0.0
1159726,GROCERY I,A,395152.0,234.09478672985782,582.143775344491,2220.8072824534956,3029.0,12.939203142082034,0.0,0.0,Sin Riesgo,0,0.0
949298,CLEANING,A,394546.0,233.73578199052133,500.63573431696216,2136.7862082506113,3008.0,12.869231978020307,0.0,0.0,Sin Riesgo,0,0.0
583795,MEATS,A,394080.3085999999,233.45989845971556,375.6982222211507,2009.9175114391596,1854.0,7.94140669225004,155.91751143915963,7.757408478297109,Riesgo Bajo,1,0.48801795062979586
1346627,CLEANING,A,393612.0,233.1824644549763,738.5158385498219,2370.793089734656,2161.0,9.26742070871823,209.79308973465595,8.849067877034196,Riesgo Bajo,1,0.5560326045001042
354919,GROCERY I,A,393271.0,232.98045023696682,467.5335066747637,2098.3966583335314,3054.0,13.108395991568155,0.0,0.0,Sin Riesgo,0,0.0
1463637,BEVERAGES,A,392650.0,232.61255924170615,854.8068137135446,2483.094728405488,927.0,3.985167451929199,1556.0947284054878,62.66755394405471,Riesgo Alto,1,3.928101915034831
1695820,PRODUCE,A,391816.0,232.11848341232226,669.4106727541523,2294.240056640408,3335.0,14.367662372133859,0.0,0.0,Sin Riesgo,0,0.0
315463,GROCERY II,A,391735.0,232.07049763033174,577.0120082559094,2201.5054916682316,2543.0,10.957877136329406,0.0,0.0,Sin Riesgo,0,0.0
1404385,BEVERAGES,A,391365.0,231.85130331753555,1261.4541247308805,2884.4132479536293,1122.0,4.839308573837721,1762.4132479536293,61.10127420902632,Riesgo Alto,1,3.8173910657044727
1473409,PRODUCE,A,390319.26369999984,231.2317912914691,642.9185315870662,2261.54107062735,3337.0,14.43140660443914,0.0,0.0,Sin Riesgo,0,0.0
789904,DAIRY,A,390220.0,231.17298578199052,427.79794724719983,2046.0088477211334,1782.0,7.708513146430219,264.0088477211334,12.903602446059278,Riesgo Medio,1,0.8038127682630011
916885,CLEANING,A,390052.0,231.0734597156398,536.7391103054712,2154.25332831495,3032.0,13.121368432926891,0.0,0.0,Sin Riesgo,0,0.0
559494,BREAD/BAKERY,A,389505.0,230.74940758293837,390.11954029150564,2005.3653933720743,2328.0,10.088866638425694,0.0,0.0,Sin Riesgo,0,0.0
1333994,GROCERY I,A,389161.0,230.54561611374407,793.4078654052515,2407.22717820146,3049.0,13.225148460405848,0.0,0.0,Sin Riesgo,0,0.0
407769,CLEANING,A,388982.0,230.43957345971563,407.12872369039394,2020.2057379084035,642.0,2.785979813975968,1378.2057379084035,68.221058481663,Riesgo Alto,1,4.23625759165665
315279,GROCERY I,A,388682.0,230.26184834123222,485.07755248850026,2096.910490877126,2712.0,11.777895554720827,0.0,0.0,Sin Riesgo,0,0.0
1057034,GROCERY I,A,388116.0,229.9265402843602,388.85841641800437,1998.3441984085257,2068.0,8.994176998629277,0.0,0.0,Sin Riesgo,0,0.0
1696036,PRODUCE,A,386559.0,229.0041469194313,734.1569342289846,2337.1859626650034,2023.0,8.833901163858556,314.18596266500344,13.442916724809919,Riesgo Medio,1,0.8295521613244061
358232,CLEANING,A,386319.0,228.86196682464455,359.33886617892057,1961.3726339514326,2178.0,9.516653335714786,0.0,0.0,Sin Riesgo,0,0.0
1104598,PERSONAL CARE,A,386299.0,228.85011848341233,533.5809442071186,2135.531773591005,1973.0,8.621363244533379,162.53177359100482,7.610833779246441,Riesgo Bajo,1,0.4693428678516838
1112450,BEVERAGES,A,385939.0,228.63684834123222,594.3994112078374,2194.857349596463,3044.0,13.313689469061172,0.0,0.0,Sin Riesgo,0,0.0
564272,GROCERY I,A,385651.0,228.46623222748815,396.5206013345274,1995.7842269269445,2551.0,11.165763864219203,0.0,0.0,Sin Riesgo,0,0.0
1463898,BEVERAGES,A,385552.0,228.40758293838863,1055.7763021708643,2654.629382739585,3272.0,14.325268705648005,0.0,0.0,Sin Riesgo,0,0.0
108797,GROCERY I,A,385460.0,228.35308056872037,447.8980174617312,2046.3695814427738,2454.0,10.746515851190786,0.0,0.0,Sin Riesgo,0,0.0
1024975,CLEANING,A,384480.0,227.77251184834122,533.882098778897,2128.2896817172855,1827.0,8.02116104868914,301.2896817172855,14.156422610392926,Riesgo Medio,1,0.8688837485391686
699745,SEAFOOD,A,384234.68189999973,227.627181220379,385.4257061599303,1978.8159747025832,2520.0,11.070734112198327,0.0,0.0,Sin Riesgo,0,0.0
671083,DELI,A,384210.0,227.61255924170615,431.6370116038226,2024.9249262957658,2089.0,9.177876682022852,0.0,0.0,Sin Riesgo,0,0.0
404336,GROCERY I,A,384196.0,227.6042654028436,494.72226761291785,2087.952125432823,2622.0,11.519995002550782,0.0,0.0,Sin Riesgo,0,0.0
583799,MEATS,A,384072.95870000054,227.53137363744108,446.2056734380291,2038.9252889001168,1416.0,6.2233175907262765,622.9252889001168,30.551648571495686,Riesgo Alto,1,1.8731941058436243
1463859,BEVERAGES,A,383662.0,227.28791469194312,723.5538383813333,2314.569241224935,1930.0,8.491432563037257,384.569241224935,16.615153885887217,Riesgo Medio,1,1.0176245041465295
838406,DAIRY,A,381971.0,226.2861374407583,336.5662453571739,1920.569207442482,2084.0,9.209578737652858,0.0,0.0,Sin Riesgo,0,0.0
1121513,CLEANING,A,381911.0,226.25059241706163,591.0266358248172,2174.7807827442484,2931.0,12.954662211876588,0.0,0.0,Sin Riesgo,0,0.0
1239785,DAIRY,A,381874.0,226.228672985782,678.8476303792071,2262.4483412796812,2979.0,13.168092093203517,0.0,0.0,Sin Riesgo,0,0.0
991114,DELI,A,381733.0,226.14514218009478,416.81129108224707,1999.8272863429106,2166.0,9.577919645406606,0.0,0.0,Sin Riesgo,0,0.0
1457182,HOME CARE,A,381032.0,225.72985781990522,992.6119588459882,2572.7209635853246,3260.0,14.44204161330282,0.0,0.0,Sin Riesgo,0,0.0
911989,CLEANING,A,381030.0,225.728672985782,436.8616328936638,2016.9623437941377,2690.0,11.916961919009001,0.0,0.0,Sin Riesgo,0,0.0
173111,GROCERY I,A,380932.0,225.67061611374407,439.3772821526855,2019.071594948894,2231.0,9.88608990580996,0.0,0.0,Sin Riesgo,0,0.0
1489694,PRODUCE,A,380667.0894000003,225.51367855450255,724.0907040559925,2302.68645393751,2036.0,9.028277189438581,266.6864539375101,11.581535709366161,Riesgo Medio,1,0.7037945246438437
1047752,BEVERAGES,A,380569.0,225.45556872037915,465.33309914766716,2043.522080190321,1643.0,7.28746692452617,400.52208019032105,19.59959640627024,Riesgo Medio,1,1.190734506521722
813770,PREPARED FOODS,A,380224.0,225.25118483412322,349.51171667265555,1926.2700105115182,2035.0,9.034358693822588,0.0,0.0,Sin Riesgo,0,0.0
1159728,GROCERY I,A,379576.0,224.86729857819904,643.6699586043455,2217.7410486517388,2854.0,12.69192994288364,0.0,0.0,Sin Riesgo,0,0.0
1672581,PRODUCE,A,379440.4529000002,224.78699816350723,763.1910358141615,2336.700022958712,2603.0,11.579851242582146,0.0,0.0,Sin Riesgo,0,0.0
1457337,HOME CARE,A,379385.0,224.7541469194313,812.2276214647655,2385.5066499007844,2325.0,10.344636714682974,60.506649900784396,2.53642763491357,Riesgo Bajo,1,0.15361620571110202
1150700,POULTRY,A,379038.5098999999,224.54888027251178,524.3620819072407,2096.2042438148233,1917.0,8.537116718967981,179.20424381482326,8.548987740273557,Riesgo Bajo,1,0.5172880336917485
2010568,GROCERY I,A,378550.0,224.25947867298578,1624.7070515236019,3194.523402234502,4050.0,18.05943732664113,0.0,0.0,Sin Riesgo,0,0.0
457556,GROCERY I,A,377815.0,223.8240521327014,457.1740527272114,2023.9424176561213,2276.0,10.168701613223403,0.0,0.0,Sin Riesgo,0,0.0
1239791,DAIRY,A,377265.0,223.49822274881515,560.4010270745355,2124.8885863162413,2984.0,13.351336593641076,0.0,0.0,Sin Riesgo,0,0.0
807495,BEVERAGES,A,376494.0,223.04146919431278,963.6123070733944,2524.902591433584,2867.0,12.854111884917158,0.0,0.0,Sin Riesgo,0,0.0
414455,GROCERY I,A,375930.0,222.70734597156397,427.6492736795189,1986.6006954804668,1003.0,4.503668236107786,983.6006954804668,49.511746256717146,Riesgo Alto,1,2.971321397222091
583931,MEATS,A,374713.73300000007,221.98680864928915,435.91469337288936,1989.8223539179135,2147.0,9.67174587113411,0.0,0.0,Sin Riesgo,0,0.0
1239857,POULTRY,A,374375.16000000015,221.78623222748823,504.89927503895944,2057.402900631377,2414.0,10.884354613698191,0.0,0.0,Sin Riesgo,0,0.0
1239899,POULTRY,A,373918.14999999956,221.51549170616087,411.7065792624126,1962.3150212055386,2621.0,11.832129571672317,0.0,0.0,Sin Riesgo,0,0.0
1239861,POULTRY,A,372970.52199999976,220.95410071090032,440.4150001808588,1987.093705157161,2589.0,11.717365695726492,0.0,0.0,Sin Riesgo,0,0.0
1091367,GROCERY I,A,372946.0,220.93957345971563,481.7060283208067,2028.283042538816,1649.0,7.46357917768256,379.28304253881606,18.69970978330839,Riesgo Medio,1,1.1133077227639823
856688,GROCERY I,A,372816.0,220.86255924170615,8200.560322250432,9746.598236942376,8787.0,39.78492339384576,959.5982369423764,9.845468271229509,Riesgo Bajo,1,0.5859564257549967
214859,CLEANING,A,371784.0,220.25118483412322,740.746978386235,2282.5052722250975,3261.0,14.805822735782067,0.0,0.0,Sin Riesgo,0,0.0
847894,BREAD/BAKERY,A,371714.0,220.20971563981044,322.5648318366989,1864.032841315372,2023.0,9.18669729953674,0.0,0.0,Sin Riesgo,0,0.0
464536,GROCERY I,A,371648.0,220.17061611374407,367.51974184491854,1908.7140546411272,1643.0,7.462394523850525,265.7140546411272,13.921103268194157,Riesgo Medio,1,0.8259235639464801
358272,DAIRY,A,371633.0,220.1617298578199,395.64804648744143,1936.7801554921807,1687.0,7.662548804869321,249.7801554921807,12.896670527311644,Riesgo Medio,1,0.7651142276859495
360703,GROCERY I,A,371582.0,220.13151658767774,846.589077768622,2387.5096938823663,2339.0,10.625466249710696,48.509693882366264,2.0318113893595924,Riesgo Bajo,1,0.12052370121276595
105857,GROCERY I,A,371542.0,220.10781990521326,687.8515633835119,2228.606302720005,2143.0,9.7361375026242,85.6063027200048,3.841248345009285,Riesgo Bajo,1,0.2278319894453526
510055,GROCERY I,A,371433.0,220.04324644549763,488.8875187580948,2029.1902438765783,2389.0,10.856956705516204,0.0,0.0,Sin Riesgo,0,0.0
657869,GROCERY I,A,371376.0,220.00947867298578,502.3891429882945,2042.455493699195,2507.0,11.39496359484727,0.0,0.0,Sin Riesgo,0,0.0
979195,CLEANING,A,371081.0,219.83471563981044,365.26437595536396,1904.107385434037,1887.0,8.583721613340483,17.10738543403704,0.8984464618384668,Riesgo Bajo,1,0.053222506387577126
457471,DELI,A,370816.0,219.6777251184834,394.1909949145049,1931.9350707438887,1710.0,7.784130134622023,221.93507074388867,11.487708572857622,Riesgo Medio,1,0.6800271875660765
1473414,PRODUCE,A,370351.98299999954,219.40283353080542,613.9312216592882,2149.7510563749265,2228.0,10.15483694601955,0.0,0.0,Sin Riesgo,0,0.0
738219,CLEANING,A,368415.0,218.25533175355451,342.76188998186416,1870.549212256746,1880.0,8.613764368986061,0.0,0.0,Sin Riesgo,0,0.0
215370,BREAD/BAKERY,A,367636.0,217.79383886255926,443.8069122924548,1968.3637843303695,1722.0,7.906559749317259,246.36378433036953,12.516171364846649,Riesgo Medio,1,0.7345543493840946
557241,FROZEN FOODS,A,366986.3440000002,217.40897156398117,3959.6099513252066,5481.472752273075,5370.0,24.699992651497666,111.47275227307455,2.0336277732448576,Riesgo Bajo,1,0.11913949916632374
215303,GROCERY I,A,366256.0,216.97630331753555,591.3245556145631,2110.158678837312,2402.0,11.070333318771569,0.0,0.0,Sin Riesgo,0,0.0
1457179,HOME CARE,A,365777.0,216.6925355450237,796.4283604404873,2313.276109255653,2742.0,12.653873808358645,0.0,0.0,Sin Riesgo,0,0.0
1084365,MEATS,A,365465.04460000014,216.50772784360197,825.6272802461223,2341.181375151336,1592.0,7.353086265585902,749.1813751513359,32.0001424538459,Riesgo Alto,1,1.8669477260277727
1084882,GROCERY I,A,365287.0,216.4022511848341,484.9244131594504,1999.7401714532893,2442.0,11.284540648859664,0.0,0.0,Sin Riesgo,0,0.0
1584574,PRODUCE,A,364950.0,216.20260663507108,664.434190453978,2177.8524368994754,3090.0,14.292149609535553,0.0,0.0,Sin Riesgo,0,0.0
211205,GROCERY I,A,364948.0,216.20142180094786,678.0158510499821,2191.425803656617,2065.0,9.551278538312308,126.42580365661706,5.769111755719164,Riesgo Bajo,1,0.3361045112177357
1463899,BEVERAGES,A,364606.0,215.99881516587678,730.8475495871527,2242.8392557482903,2440.0,11.296358260697849,0.0,0.0,Sin Riesgo,0,0.0
838409,DAIRY,A,364097.0,215.6972748815166,312.7578317519405,1822.6387559225568,2606.0,12.081747446422245,0.0,0.0,Sin Riesgo,0,0.0
770463,BEVERAGES,A,363866.0,215.56042654028437,676.4764936773892,2185.3994794593796,2111.0,9.79307767145048,74.39947945937956,3.4043880836735796,Riesgo Bajo,1,0.19774929325115703
841667,DAIRY,A,363346.0,215.25236966824644,480.6064798234264,1987.3730675011516,1972.0,9.16133932945457,15.373067501151581,0.7735370752750061,Riesgo Bajo,1,0.04486791818884958
634014,MEATS,A,363119.93629999977,215.1184456753553,532.6053612837222,2038.4344810112093,2235.0,10.389625087627012,0.0,0.0,Sin Riesgo,0,0.0
939210,DAIRY,A,362206.0,214.57701421800948,386.60975885669137,1888.6488583827577,1637.0,7.628962524088502,251.64885838275768,13.324279802770938,Riesgo Medio,1,0.7704310651856267
1397060,BEVERAGES,A,362093.0,214.5100710900474,878.2854448932961,2379.855942523628,2656.0,12.38170304314085,0.0,0.0,Sin Riesgo,0,0.0
554143,GROCERY I,A,360517.0,213.57642180094786,541.4384055928344,2036.4733581994694,1869.0,8.750965973865311,167.47335819946943,8.223695022828071,Riesgo Bajo,1,0.47328980144582466
158789,CLEANING,A,360218.0,213.39928909952607,447.95949673370967,1941.7545204303924,2726.0,12.774175638085826,0.0,0.0,Sin Riesgo,0,0.0
1087270,PERSONAL CARE,A,359637.0,213.05509478672985,442.5393412859508,1933.9250047930598,1778.0,8.345259247519026,155.92500479305977,8.062618995390908,Riesgo Bajo,1,0.4628869162502733
1920084,GROCERY I,A,359083.0,212.72689573459715,1397.8385655317322,2886.926835673912,1978.0,9.298307076636878,908.9268356739121,31.484235223499734,Riesgo Alto,1,1.8047722099942982
522941,GROCERY I,A,358321.0,212.2754739336493,418.3255525749494,1904.2538701104945,2252.0,10.608856304821654,0.0,0.0,Sin Riesgo,0,0.0
1047703,BEVERAGES,A,358264.0,212.24170616113744,390.7045721545503,1876.3965152825124,1835.0,8.645803094924414,41.39651528251238,2.20617097427724,Riesgo Bajo,1,0.1261759951415782
265266,PREPARED FOODS,A,358083.0,212.13447867298578,357.66737565484885,1842.6087263657494,2115.0,9.970090733154045,0.0,0.0,Sin Riesgo,0,0.0
158788,CLEANING,A,358069.0,212.12618483412322,746.0066254148878,2230.88991925375,1998.0,9.418922051336475,232.88991925375012,10.43932814630556,Riesgo Medio,1,0.596724232281678
580929,GROCERY I,A,357763.0,211.94490521327015,357.02665481390767,1840.6409913067987,1993.0,9.403387158537914,0.0,0.0,Sin Riesgo,0,0.0
463903,CLEANING,A,357516.0,211.79857819905214,390.7656504990277,1873.3556978923928,2440.0,11.520379507490572,0.0,0.0,Sin Riesgo,0,0.0
510057,GROCERY I,A,357289.0,211.66409952606634,493.4019034495978,1975.050600132062,2950.0,13.93717690720957,0.0,0.0,Sin Riesgo,0,0.0
740722,CLEANING,A,357110.0,211.55805687203792,337.4725452422746,1818.37894334654,659.0,3.114984178544426,1159.37894334654,63.75892921487652,Riesgo Alto,1,3.6347741292205464
371437,CLEANING,A,356527.0,211.21267772511848,418.7066382006331,1897.1953822764624,2286.0,10.823213950135614,0.0,0.0,Sin Riesgo,0,0.0
1014864,DAIRY,A,355584.0,210.65402843601896,393.8323631236712,1868.410562175804,1711.0,8.122322714182864,157.410562175804,8.424837953843294,Riesgo Bajo,1,0.47823148939356813
886398,GROCERY I,A,355344.0,210.51184834123222,451.88325847735035,1925.466196865976,1611.0,7.652775901661489,314.4661968659759,16.331951055688393,Riesgo Medio,1,0.9264488749332142
222975,GROCERY I,A,354977.0,210.29443127962085,1280.6630141975768,2752.724033154923,2655.0,12.625155996022277,97.72403315492284,3.550084642626541,Riesgo Bajo,1,0.20117468237807443
1012787,GROCERY I,A,354921.0,210.26125592417063,588.013654191542,2059.8424456607363,2000.0,9.511975904497056,59.8424456607363,2.9051952874745535,Riesgo Bajo,1,0.16460439590930528
1473511,PRODUCE,A,354636.86890000035,210.09293181279642,632.9426749611829,2103.5931976507577,1286.0,6.121100738152828,817.5931976507577,38.86650701113818,Riesgo Alto,1,2.2003602837198697
159242,CLEANING,A,354190.0,209.8281990521327,345.79919572647526,1814.5965890914042,1416.0,6.748377989214828,398.5965890914042,21.966126878425772,Riesgo Medio,1,1.24200740439581
1913463,PRODUCE,A,354151.0,209.80509478672985,1062.074275685851,2530.70993919296,2551.0,12.158903970340335,0.0,0.0,Sin Riesgo,0,0.0
838217,DAIRY,A,353322.0,209.31398104265404,364.5366541886966,1829.7345214872748,2297.0,10.973944447274723,0.0,0.0,Sin Riesgo,0,0.0
271479,DAIRY,A,353225.0,209.25651658767774,320.3027298583214,1785.0983459720655,1833.0,8.759583834666289,0.0,0.0,Sin Riesgo,0,0.0
1309245,BREAD/BAKERY,A,353093.0,209.17831753554503,1302.7955233566465,2767.0437461054617,3510.0,16.779941828356833,0.0,0.0,Sin Riesgo,0,0.0
1182733,BEVERAGES,A,352737.0,208.96741706161137,620.6985774143069,2083.4704968455867,2632.0,12.595265027485066,0.0,0.0,Sin Riesgo,0,0.0
839364,BEVERAGES,A,352687.0,208.9377962085308,497.1804441691836,1959.7450176288992,2570.0,12.300311607742842,0.0,0.0,Sin Riesgo,0,0.0
696183,BREAD/BAKERY,A,352459.0,208.8027251184834,453.5532927245899,1915.1723685539737,1613.0,7.724994963953255,302.1723685539737,15.777815799531666,Riesgo Medio,1,0.8877483790193217
888761,DELI,A,352298.0,208.70734597156397,450.4103557628591,1911.361777563807,2810.0,13.463828917564108,0.0,0.0,Sin Riesgo,0,0.0
1463897,BEVERAGES,A,352296.0,208.70616113744074,722.0514754569822,2182.9946034190675,2266.0,10.857369938915005,0.0,0.0,Sin Riesgo,0,0.0
888763,DELI,A,352112.0,208.59715639810426,411.0628144517784,1871.2429092385082,1885.0,9.036556550188577,0.0,0.0,Sin Riesgo,0,0.0
959437,"LIQUOR,WINE,BEER",A,351841.0,208.4366113744076,1102.400022138156,2561.456301759009,1461.0,7.0093252349782995,1100.456301759009,42.96213450931414,Riesgo Alto,1,2.413052098854048
153398,BREAD/BAKERY,A,351777.0,208.39869668246445,357.1738611477088,1815.9647379249598,1895.0,9.093147078973328,0.0,0.0,Sin Riesgo,0,0.0
269287,CLEANING,A,351448.0,208.2037914691943,477.4967117542485,1934.9232520386086,2625.0,12.607839566593068,0.0,0.0,Sin Riesgo,0,0.0
1463625,BEVERAGES,A,351037.0,207.96030805687204,962.0840592658312,2417.8062156639353,2331.0,11.208869720285897,86.80621566393529,3.5902883821521696,Riesgo Bajo,1,0.20119474345926797
454596,GROCERY I,A,350622.0,207.71445497630333,503.6126609146853,1957.6138457488087,1775.0,8.545385058553085,182.61384574880867,9.328389566991282,Riesgo Bajo,1,0.5221319137905329
949296,CLEANING,A,350357.0,207.5574644549763,395.0476115119365,1847.9498626967707,2677.0,12.897632985783073,0.0,0.0,Sin Riesgo,0,0.0
830829,GROCERY I,A,350262.0,207.50118483412322,349.8774045196329,1802.3856983584953,2504.0,12.067400974127938,0.0,0.0,Sin Riesgo,0,0.0
1473413,PRODUCE,A,350122.579199999,207.41858957345912,546.969031612381,1998.8991586265947,2472.0,11.91792888517603,0.0,0.0,Sin Riesgo,0,0.0
215332,GROCERY I,A,349702.0,207.16943127962085,433.6596722129514,1883.8456911702974,1419.0,6.849466116865217,464.8456911702974,24.67535920532442,Riesgo Medio,1,1.377513936573667
1464092,BEVERAGES,A,349539.0,207.0728672985782,898.4211894436103,2347.9312605336577,1868.0,9.020979060991763,479.9312605336577,20.44060099206545,Riesgo Medio,1,1.1405746159001948
949243,PERSONAL CARE,A,349356.0,206.96445497630333,617.545930958598,2066.2971157927213,2678.0,12.93941996130022,0.0,0.0,Sin Riesgo,0,0.0
1958186,BEVERAGES,A,348267.0,206.31931279620852,1214.3190321097725,2658.554221683232,1281.0,6.208822541326052,1377.5542216832318,51.81591597597922,Riesgo Alto,1,2.8807787607785005
881911,GROCERY I,A,347848.0,206.07109004739337,408.4546874565781,1850.9523177883316,1799.0,8.729997010188358,51.952317788331584,2.8067885536029604,Riesgo Bajo,1,0.1558596186082458
953428,DAIRY,A,347812.0,206.04976303317537,364.9631817832215,1807.311523015449,1558.0,7.5612802318493895,249.31152301544898,13.79460706361677,Riesgo Medio,1,0.7659286196487388
1464034,BEVERAGES,A,347337.0,205.76836492890996,608.2963956955515,2048.674950197921,2077.0,10.093874248928273,0.0,0.0,Sin Riesgo,0,0.0
1003679,GROCERY I,A,346226.0,205.1101895734597,1037.5506587634984,2473.3219857777167,2753.0,13.422053803007286,0.0,0.0,Sin Riesgo,0,0.0
864290,PREPARED FOODS,A,346040.0,205.0,334.97610262856597,1769.976102628566,2055.0,10.024390243902438,0.0,0.0,Sin Riesgo,0,0.0
1719236,PRODUCE,A,344252.0,203.94075829383885,688.0003421124077,2115.5856501692797,2428.0,11.905418123932469,0.0,0.0,Sin Riesgo,0,0.0
521818,GROCERY I,A,344002.0,203.79265402843603,404.62790186802124,1831.1764800670735,2556.0,12.542159638606751,0.0,0.0,Sin Riesgo,0,0.0
668752,CLEANING,A,343980.0,203.77962085308056,369.3912395244143,1795.848585495978,1951.0,9.574068259782546,0.0,0.0,Sin Riesgo,0,0.0
1489833,PRODUCE,A,343649.0,203.58353080568722,531.5291392342851,1956.6138548740958,1547.0,7.598846497443612,409.61385487409575,20.934833608262146,Riesgo Medio,1,1.1484682665514068
1114914,CLEANING,A,343648.0,203.5829383886256,352.0130045925873,1777.0935733129666,2514.0,12.348775491200298,0.0,0.0,Sin Riesgo,0,0.0
502230,GROCERY I,A,343348.0,203.40521327014218,534.6571681644239,1958.4936610554191,2672.0,13.136339806843203,0.0,0.0,Sin Riesgo,0,0.0
363895,CLEANING,A,343269.0,203.3584123222749,381.9113089204218,1805.420195176346,1829.0,8.99397265701243,0.0,0.0,Sin Riesgo,0,0.0
1328672,DELI,A,343162.0,203.29502369668248,520.6258166455009,1943.6909825222783,1053.0,5.179664415057611,890.6909825222783,45.82472165233031,Riesgo Alto,1,2.5103450951734163
472658,GROCERY I,A,342951.0,203.17002369668248,334.7370424173581,1756.9272082941357,1825.0,8.98262433992028,0.0,0.0,Sin Riesgo,0,0.0
1047696,BEVERAGES,A,342386.0,202.83530805687204,502.2345317656818,1922.081688163786,2850.0,14.050808152202485,0.0,0.0,Sin Riesgo,0,0.0
1963892,GROCERY I,A,342246.0,202.75236966824644,6927.585522857321,8346.852110535046,11483.0,56.635589605137824,0.0,0.0,Sin Riesgo,0,0.0
1057491,CLEANING,A,342231.0,202.74348341232226,361.7300248229277,1780.9344087091836,1455.0,7.1765561857341975,325.9344087091836,18.301314586055977,Riesgo Medio,1,0.9998527244443869
1112839,CLEANING,A,342041.0,202.6309241706161,458.70181156832166,1877.1182807626346,2142.0,10.570943249493482,0.0,0.0,Sin Riesgo,0,0.0
2013931,BEVERAGES,A,341981.0,202.59537914691944,7545.991283884521,8964.158937912958,11970.0,59.08328240457803,0.0,0.0,Sin Riesgo,0,0.0
1134971,BEVERAGES,A,341905.0,202.55035545023696,368.92013659084165,1786.7726247425003,1788.0,8.827434521285152,0.0,0.0,Sin Riesgo,0,0.0
414305,BEVERAGES,A,341839.0,202.51125592417063,537.2784365858003,1954.8572280549947,1764.0,8.71062693256182,190.85722805499472,9.763231059328566,Riesgo Bajo,1,0.5327820427671129
153239,BREAD/BAKERY,A,341628.0,202.38625592417063,316.9910369300225,1733.694828399217,1470.0,7.2633390705679854,263.69482839921693,15.209991059539348,Riesgo Medio,1,0.8295008186868728
570917,GROCERY I,A,340372.0,201.64218009478674,331.13726265930165,1742.632523322809,664.0,3.292961818245919,1078.632523322809,61.896728592331044,Riesgo Alto,1,3.363225012994651
219152,BEVERAGES,A,339859.0,201.3382701421801,656.9713681079073,2066.339259103168,2448.0,12.15864226046684,0.0,0.0,Sin Riesgo,0,0.0
572838,CLEANING,A,339653.0,201.21623222748815,347.7153088377298,1756.228934430147,1937.0,9.626459945885948,0.0,0.0,Sin Riesgo,0,0.0
1239818,DAIRY,A,339291.0,201.00177725118485,553.2095508627453,1960.2219916210393,2263.0,11.258606918544848,0.0,0.0,Sin Riesgo,0,0.0
1102268,PERSONAL CARE,A,339099.0,200.88803317535545,707.7096917065462,2113.9259239340345,1847.0,9.194176331985645,266.9259239340345,12.627023535303595,Riesgo Medio,1,0.6835367997277078
1089843,BREAD/BAKERY,A,339035.0,200.85011848341233,376.7901648868606,1782.7409942707468,1696.0,8.444107540519415,86.7409942707468,4.865597108582188,Riesgo Bajo,1,0.26333893874208975
1246758,GROCERY I,A,338954.0,200.8021327014218,527.9547201489798,1933.5696490589326,2427.0,12.086525015193802,0.0,0.0,Sin Riesgo,0,0.0
897348,DELI,A,338943.0,200.79561611374407,371.1054930645526,1776.6748058607611,1621.0,8.072885411411358,155.67480586076113,8.762144054006551,Riesgo Bajo,1,0.4741016423434092
1992914,CLEANING,A,337766.0,200.09834123222748,6428.533175298011,7829.221563923604,8783.0,43.89341733626238,0.0,0.0,Sin Riesgo,0,0.0
368624,BEVERAGES,A,337609.0,200.00533175355451,547.7250083273923,1947.762330602274,1747.0,8.734767141871217,200.762330602274,10.30733203163425,Riesgo Medio,1,0.5555135844378416
264452,CLEANING,A,337487.0,199.93305687203792,351.3611857537066,1750.892583857972,1255.0,6.277101043892061,495.8925838579721,28.32227336101377,Riesgo Alto,1,1.5258771180219055
1047757,BEVERAGES,A,337189.0,199.75651658767774,450.85430575576675,1849.149921869511,1789.0,8.95590306919858,60.14992186951099,3.252841814399708,Riesgo Bajo,1,0.1750937903241508
850388,FROZEN FOODS,A,337101.179,199.70448992890996,4830.3188577649025,6228.250287267272,2322.0,11.627179743562985,3906.250287267272,62.71826126276617,Riesgo Alto,1,3.3751158394346943
114799,PERSONAL CARE,A,336913.0,199.593009478673,411.57320765059274,1808.724274001304,1575.0,7.891057928901526,233.7242740013039,12.922051047850061,Riesgo Medio,1,0.694998109022995
1021281,CLEANING,A,336771.0,199.50888625592418,396.79859735675757,1793.360801148227,1513.0,7.583622105228775,280.360801148227,15.633262473938409,Riesgo Medio,1,0.8404632103093643
302952,BREAD/BAKERY,A,336453.0,199.32049763033174,319.99980596124266,1715.2432893735647,2569.0,12.888789816111018,0.0,0.0,Sin Riesgo,0,0.0
1146797,GROCERY I,A,336226.0,199.18601895734596,498.02337403779694,1892.3255067392186,2329.0,11.69258772373344,0.0,0.0,Sin Riesgo,0,0.0
1116113,GROCERY I,A,336162.0,199.14810426540285,493.38351900169545,1887.4202488595154,2334.0,11.719920752494332,0.0,0.0,Sin Riesgo,0,0.0
513853,CLEANING,A,336007.0,199.05627962085308,457.55198472843756,1850.9459420744092,2033.0,10.213191987071697,0.0,0.0,Sin Riesgo,0,0.0
1239918,DAIRY,A,335751.0,198.90462085308056,506.40931032140946,1898.7416562929734,1580.0,7.943505752775122,318.7416562929734,16.786994441111684,Riesgo Medio,1,0.8997558172628605
1314409,GROCERY I,A,335747.0,198.9022511848341,1191.891738215452,2584.2074965092906,2419.0,12.161752748349205,165.20749650929065,6.392965608700172,Riesgo Bajo,1,0.342648559747065
507641,DAIRY,A,335680.0,198.86255924170615,412.2898363983651,1804.327751090308,1967.0,9.891253574833176,0.0,0.0,Sin Riesgo,0,0.0
1071949,BEVERAGES,A,335356.0,198.67061611374407,436.52519311509707,1827.2195059113055,2400.0,12.080296759264781,0.0,0.0,Sin Riesgo,0,0.0
1228319,BEVERAGES,A,335219.0,198.58945497630333,479.20600070651716,1869.3321855406405,1510.0,7.6036262860995345,359.33218554064047,19.222489631328738,Riesgo Medio,1,1.0286619206170557
177395,GROCERY I,A,334911.0,198.406990521327,329.36817883680715,1718.217112486096,1954.0,9.848443317776962,0.0,0.0,Sin Riesgo,0,0.0
1916577,BREAD/BAKERY,A,334840.0,198.3649289099526,813.724983006285,2202.2794853759533,1004.0,5.061378568868713,1198.2794853759533,54.410872613263884,Riesgo Alto,1,2.908422032604901
329071,GROCERY I,A,334721.0,198.29443127962085,326.10716557686806,1714.168184534214,1536.0,7.746057164026159,178.1681845342141,10.393856690475634,Riesgo Medio,1,0.5553849240172359
1354380,GROCERY I,A,334439.0,198.12736966824644,808.8424477591112,2195.734035436836,2087.0,10.533627956069717,108.73403543683617,4.952058568204677,Riesgo Bajo,1,0.2643851697116215
1104725,BEVERAGES,A,334239.0,198.00888625592418,392.7681918516236,1778.830395643093,791.0,3.99477020934122,987.830395643093,55.532579050964934,Riesgo Alto,1,2.9630526505516324
698643,GROCERY I,A,334100.0,197.9265402843602,481.56530342931194,1867.0510854198333,2541.0,12.838096378329842,0.0,0.0,Sin Riesgo,0,0.0
459762,BREAD/BAKERY,A,333876.0,197.79383886255926,383.0504383448056,1767.6073103827202,2018.0,10.202542261198767,0.0,0.0,Sin Riesgo,0,0.0
851982,PERSONAL CARE,A,333799.0,197.74822274881515,500.5460472158061,1884.7836064575122,1185.0,5.992468521475499,699.7836064575122,37.12806096466264,Riesgo Alto,1,1.9784346134339328
226857,GROCERY I,A,333041.0,197.29917061611374,428.6389950614529,1809.733189374249,2517.0,12.757276131167034,0.0,0.0,Sin Riesgo,0,0.0
210798,GROCERY I,A,332660.0,197.0734597156398,458.73971348372595,1838.2539314932046,1090.0,5.5309324836169065,748.2539314932046,40.70460118017545,Riesgo Alto,1,2.1616157142007033
1672580,PRODUCE,A,332350.0,196.8898104265403,790.5175009068311,2168.746173892613,2093.0,10.630311418685121,75.74617389261311,3.4926251307989045,Riesgo Bajo,1,0.18530283316449478
1076066,GROCERY I,A,332259.0,196.83590047393366,313.9640463087802,1691.8153496263158,1917.0,9.739077045317057,0.0,0.0,Sin Riesgo,0,0.0
268440,CLEANING,A,332256.0,196.83412322274881,312.83521889669026,1690.674081455932,1819.0,9.241283829336416,0.0,0.0,Sin Riesgo,0,0.0
212552,GROCERY I,A,332003.0,196.68424170616115,314.56444817677294,1691.3541401199009,2283.0,11.607437282193233,0.0,0.0,Sin Riesgo,0,0.0
1062374,MEATS,A,331642.03620000015,196.47040059241715,657.7504607174045,2033.0432648643246,2986.0,15.19821810815428,0.0,0.0,Sin Riesgo,0,0.0
1165988,GROCERY I,A,331573.0,196.42950236966826,382.13500177920145,1757.1415183668794,1794.0,9.13304762450501,0.0,0.0,Sin Riesgo,0,0.0
179274,GROCERY I,A,331414.0,196.33530805687204,319.95832843194717,1694.3054848300515,1874.0,9.544895508337005,0.0,0.0,Sin Riesgo,0,0.0
164036,GROCERY I,A,331297.0,196.26599526066352,349.4877494261824,1723.349716250827,1841.0,9.380127197046757,0.0,0.0,Sin Riesgo,0,0.0
1239870,POULTRY,A,330513.16900000034,195.80164040284382,563.4499645522582,1934.0614473721648,1627.0,8.30942987327684,307.0614473721648,15.876509393709973,Riesgo Medio,1,0.837680092765616
695758,SEAFOOD,A,330509.9351999998,195.79972464454963,320.0945174907843,1690.6925900026317,2107.0,10.760995725734547,0.0,0.0,Sin Riesgo,0,0.0
464334,GROCERY I,A,330484.0,195.78436018957345,362.1835956429801,1732.6741169699944,2472.0,12.62613621234311,0.0,0.0,Sin Riesgo,0,0.0
660323,BREAD/BAKERY,A,330126.0,195.5722748815166,276.6239979316277,1645.6299221022439,2024.0,10.349115186322798,0.0,0.0,Sin Riesgo,0,0.0
1306198,CLEANING,A,330042.0,195.52251184834122,889.87543211143,2258.5330150498185,1380.0,7.05801079862563,878.5330150498185,38.89839153094868,Riesgo Alto,1,2.049440221982145
1913236,BEVERAGES,A,329882.0,195.4277251184834,1186.3518711599063,2554.34594698929,2676.0,13.693041754324273,0.0,0.0,Sin Riesgo,0,0.0
1306197,CLEANING,A,329150.0,194.9940758293839,625.2918637622165,1990.2503945679036,2540.0,13.026036761355005,0.0,0.0,Sin Riesgo,0,0.0
1171140,DAIRY,A,329096.0,194.96208530805688,327.3085527066102,1692.0431498630085,594.0,3.0467462381797406,1098.0431498630085,64.89451229136257,Riesgo Alto,1,3.4092981147266554
870546,PERSONAL CARE,A,328836.0,194.80805687203792,903.1196010371482,2266.7759991414136,1928.0,9.896921261662348,338.77599914141365,14.945279077850293,Riesgo Medio,1,0.784544871266362
660502,GROCERY I,A,328735.0,194.74822274881515,474.01563695197694,1837.253196193683,565.0,2.901181802971999,1272.253196193683,69.24757016776267,Riesgo Alto,1,3.6339996914608386
129297,GROCERY I,A,328474.0,194.5936018957346,401.6116027522861,1763.7668160224284,2322.0,11.932560872397815,0.0,0.0,Sin Riesgo,0,0.0
871421,BEVERAGES,A,328419.0,194.56101895734596,486.2544364867395,1848.1815691881611,1862.0,9.570262378242429,0.0,0.0,Sin Riesgo,0,0.0
361502,GROCERY I,A,328335.0,194.51125592417063,430.54376097003546,1792.1225524392298,2405.0,12.364323023740996,0.0,0.0,Sin Riesgo,0,0.0
355091,GROCERY I,A,328313.0,194.49822274881515,696.2284009391142,2057.7159601808203,1913.0,9.835565451261449,144.71596018082028,7.0328443274602135,Riesgo Bajo,1,0.3685984339208362
1050142,BEVERAGES,A,328234.0,194.45142180094786,754.0928845756218,2115.252837182257,1945.0,10.002498217734908,170.25283718225683,8.048817341810157,Riesgo Bajo,1,0.42174509345905553
839367,BEVERAGES,A,327891.0,194.24822274881515,346.02712018812815,1705.7646794298344,2277.0,11.722114971133701,0.0,0.0,Sin Riesgo,0,0.0
2010329,GROCERY I,A,327591.0,194.07049763033174,1243.4467736569893,2601.9402570693114,2353.0,12.124460073689448,248.94025706931143,9.567485509821221,Riesgo Bajo,1,0.5003387931309097
1695825,PRODUCE,A,327411.9755000003,193.9644404620855,537.0252736578836,1894.776356892482,1669.0,8.60466999014823,225.776356892482,11.91572588876744,Riesgo Medio,1,0.6228012363862051
865147,PERSONAL CARE,A,327035.0,193.74111374407582,373.65306272437675,1729.8408589329074,1823.0,9.40946381885731,0.0,0.0,Sin Riesgo,0,0.0
979196,CLEANING,A,326844.0,193.62796208530807,329.2615301713048,1684.6572647684611,1798.0,9.285848906511974,0.0,0.0,Sin Riesgo,0,0.0
1239854,POULTRY,A,326807.1299999992,193.60611966824595,369.2645441681986,1724.5073818459202,1594.0,8.23321082376632,130.50738184592024,7.56780650635572,Riesgo Bajo,1,0.3948170909662415
357961,EGGS,A,326568.0,193.46445497630333,355.2640682484165,1709.5152530825399,2295.0,11.86264422723598,0.0,0.0,Sin Riesgo,0,0.0
1165987,GROCERY I,A,325862.0,193.0462085308057,645.7436322712681,1997.067091986908,2339.0,12.116270077517475,0.0,0.0,Sin Riesgo,0,0.0
1920045,GROCERY I,A,325792.0,193.0047393364929,669.5184434442327,2020.5516187996827,1780.0,9.222571456634908,240.55161879968273,11.905244912405823,Riesgo Medio,1,0.6191746275388392
841614,CLEANING,A,325744.0,192.97630331753555,364.8138777020062,1715.6480009247553,1724.0,8.933739378161992,0.0,0.0,Sin Riesgo,0,0.0
1693653,PRODUCE,A,325508.0,192.83649289099526,623.3549907444803,1973.2104409814472,2410.0,12.497634466741216,0.0,0.0,Sin Riesgo,0,0.0
871600,GROCERY I,A,324363.0,192.15817535545023,636.05701676848,1981.1642442566317,2622.0,13.645008832696702,0.0,0.0,Sin Riesgo,0,0.0
1354712,GROCERY I,A,324148.0,192.03080568720378,605.775146913208,1949.9907867236343,2456.0,12.789614620482002,0.0,0.0,Sin Riesgo,0,0.0
1091366,GROCERY I,A,323872.0,191.86729857819904,353.3976781795452,1696.4687682269384,853.0,4.445781049303429,843.4687682269384,49.71908614082465,Riesgo Alto,1,2.5705789238610914
583797,MEATS,A,323160.1575999999,191.4455909952606,369.2657362441731,1709.3848732109973,1636.0,8.545508891037874,73.38487321099728,4.293057365901883,Riesgo Bajo,1,0.2214720393790842
1464002,BEVERAGES,A,322806.0,191.23578199052133,880.5945212862789,2219.244995219928,2447.0,12.795722508255732,0.0,0.0,Sin Riesgo,0,0.0
1239807,DAIRY,A,322795.0,191.2292654028436,365.0840167460275,1703.6888745659326,2094.0,10.950206787589646,0.0,0.0,Sin Riesgo,0,0.0
1147495,GROCERY I,A,322747.0,191.20082938388626,507.08204614276013,1845.487851829964,1787.0,9.346193767873908,58.48785182996403,3.1692352660012455,Riesgo Bajo,1,0.16328680666380374
1463773,BEVERAGES,A,322615.0,191.12263033175356,634.2627704739402,1972.1211827962152,825.0,4.31660028206996,1147.1211827962152,58.16687092066748,Riesgo Alto,1,2.995674754033084
1457176,HOME CARE,A,322500.0,191.05450236966826,557.6734306721453,1895.0549472598232,2373.0,12.420539534883721,0.0,0.0,Sin Riesgo,0,0.0
365139,GROCERY I,A,321990.0,190.75236966824644,345.6842456129889,1680.950833290714,1787.0,9.368166713251965,0.0,0.0,Sin Riesgo,0,0.0
1473483,PRODUCE,A,321979.0423000001,190.7458781398105,538.4399317715056,1873.661078750179,2609.0,13.677884027919536,0.0,0.0,Sin Riesgo,0,0.0
471985,DAIRY,A,321840.0,190.66350710900474,323.63729222475877,1658.281841987792,1619.0,8.49139945314442,39.28184198779195,2.368827842962122,Riesgo Bajo,1,0.12170485979432281
1693644,PRODUCE,A,321471.0,190.44490521327015,642.3629471970439,1975.477283689935,2217.0,11.641162033278274,0.0,0.0,Sin Riesgo,0,0.0
421066,GROCERY I,A,320604.0,189.93127962085308,390.7994594219816,1720.3184167679533,2254.0,11.867450187770583,0.0,0.0,Sin Riesgo,0,0.0
219147,BEVERAGES,A,320505.0,189.87263033175356,382.3158498478673,1711.4242621701424,2155.0,11.349713733015086,0.0,0.0,Sin Riesgo,0,0.0
329397,DAIRY,A,320500.0,189.86966824644549,308.8563627125173,1637.9440404376355,1653.0,8.705971918876756,0.0,0.0,Sin Riesgo,0,0.0
364834,GROCERY I,A,320429.0,189.82760663507108,471.5413647157346,1800.334611161232,2622.0,13.812532573518627,0.0,0.0,Sin Riesgo,0,0.0
1913257,CLEANING,A,320371.0,189.79324644549763,788.1607149987655,2116.713440117249,844.0,4.44694432392445,1272.7134401172489,60.126865356264325,Riesgo Alto,1,3.0750781795921047
463598,CLEANING,A,320273.0,189.7351895734597,336.1362819062194,1664.2826089204375,1224.0,6.451096408376604,440.2826089204375,26.454798395450013,Riesgo Alto,1,1.3525682412875768
651523,GROCERY I,A,320021.0,189.58590047393366,598.2496019607798,1925.3509052783156,1828.0,9.642067239337418,97.35090527831562,5.056268185265856,Riesgo Bajo,1,0.25831104754768114
1121515,CLEANING,A,319824.0,189.46919431279622,505.8443984237973,1832.1287586133708,2544.0,13.426984841662915,0.0,0.0,Sin Riesgo,0,0.0
355090,GROCERY I,A,319267.0,189.13921800947867,417.09270649030657,1741.0672325566575,2054.0,10.85972555885826,0.0,0.0,Sin Riesgo,0,0.0
736128,BREAD/BAKERY,A,319191.0,189.09419431279622,277.27006065563825,1600.9294208452118,1850.0,9.783483870159246,0.0,0.0,Sin Riesgo,0,0.0
1457175,HOME CARE,A,318207.0,188.51125592417063,537.9568694537699,1857.5356609229643,1882.0,9.98348873532009,0.0,0.0,Sin Riesgo,0,0.0
770456,GROCERY I,A,318144.0,188.4739336492891,374.19113614417915,1693.5086716892029,2390.0,12.680798632065983,0.0,0.0,Sin Riesgo,0,0.0
305079,GROCERY I,A,318097.0,188.44609004739337,519.9214644527182,1839.0440947844718,2451.0,13.006372270093713,0.0,0.0,Sin Riesgo,0,0.0
322095,CLEANING,A,317814.0,188.27843601895734,393.8189638701417,1711.768016002843,1699.0,9.023869307204844,12.76801600284307,0.7458963997152908,Riesgo Bajo,1,0.037843033049384224
1920057,GROCERY I,A,317768.0,188.25118483412322,701.9066238435092,2019.6649176823717,905.0,4.807406661463709,1114.6649176823717,55.190586711853385,Riesgo Alto,1,2.79968759657991
1695991,PRODUCE,A,317648.0,188.18009478672985,639.9484927268513,1957.2091562339604,2925.0,15.543620611494484,0.0,0.0,Sin Riesgo,0,0.0
368213,DAIRY,A,317599.0,188.1510663507109,272.58634961386747,1589.6438140688438,860.0,4.57079524809587,729.6438140688438,45.899830365221966,Riesgo Alto,1,2.327151239251603
1391549,GROCERY I,A,317423.0,188.0468009478673,941.4887037070888,2257.81631034216,2129.0,11.321649659917524,128.8163103421598,5.705349445484269,Riesgo Bajo,1,0.2891046275168615
557810,GROCERY I,A,317137.0,187.87736966824644,404.8380449982899,1719.979632676015,2259.0,12.023800439557668,0.0,0.0,Sin Riesgo,0,0.0
1246784,GROCERY I,A,317110.0,187.86137440758293,738.5899794568909,2053.6196003099712,1913.0,10.183040585285864,140.61960030997125,6.847402522295086,Riesgo Bajo,1,0.3466332330644227
1118775,GROCERY I,A,316682.0,187.60781990521326,705.9874600349558,2019.2421993714486,2723.0,14.514320359224712,0.0,0.0,Sin Riesgo,0,0.0
1229028,PERSONAL CARE,A,316654.0,187.59123222748815,970.6203764208368,2283.759002013254,1835.0,9.781907065756315,448.75900201325385,19.650015681061316,Riesgo Medio,1,0.9933042221248269
1146796,GROCERY I,A,315600.0,186.96682464454977,446.89276114185395,1755.6605336537023,1448.0,7.744689480354879,307.66053365370226,17.523919217653678,Riesgo Medio,1,0.8828819515449458
1909752,BEVERAGES,A,315388.0,186.84123222748815,829.6751747491074,2137.5638003415247,2013.0,10.773853158649029,124.56380034152471,5.827372278741939,Riesgo Bajo,1,0.2933947447325338
308726,GROCERY I,A,315260.0,186.7654028436019,347.60949836255026,1654.9673182677636,1750.0,9.37004377339339,0.0,0.0,Sin Riesgo,0,0.0
634009,MEATS,A,314140.0413999996,186.10192026066326,343.8220593609194,1646.5355011855622,1489.0,8.000992133312947,157.53550118556223,9.567695386593925,Riesgo Bajo,1,0.47980529710284076
849098,DAIRY,A,314136.0,186.0995260663507,312.18573824586343,1614.8824207103182,2283.0,12.267629307051724,0.0,0.0,Sin Riesgo,0,0.0
1239739,DAIRY,A,313900.0,185.95971563981044,500.39978783493837,1802.1177973136114,1906.0,10.24953169799299,0.0,0.0,Sin Riesgo,0,0.0
129758,GROCERY I,A,313841.0,185.92476303317537,352.5825876207106,1654.0559288529382,2159.0,11.612224024267064,0.0,0.0,Sin Riesgo,0,0.0
1143691,GROCERY I,A,313820.0,185.91232227488152,538.6929750385589,1840.0792309627295,2236.0,12.027174813587406,0.0,0.0,Sin Riesgo,0,0.0
1060036,BEVERAGES,A,313437.0,185.68542654028437,583.4926838253575,1883.290669607348,2051.0,11.045562585144701,0.0,0.0,Sin Riesgo,0,0.0
1239817,DAIRY,A,313393.0,185.65936018957345,414.8072805488007,1714.422801875815,1375.0,7.4060365100688275,339.4228018758149,19.798080234609547,Riesgo Medio,1,0.9904824240986708
1987709,GROCERY I,A,313372.0,185.64691943127963,1377.3346638177752,2676.8630998367325,2808.0,15.125486642073957,0.0,0.0,Sin Riesgo,0,0.0
939130,DAIRY,A,313004.0,185.42890995260663,383.4268702901579,1681.4292399584044,1455.0,7.846672885969508,226.42923995840442,13.466474507366478,Riesgo Medio,1,0.6728809027738305
522383,GROCERY I,A,312652.0,185.22037914691944,331.0511253674314,1627.5937793958674,1850.0,9.988101787290661,0.0,0.0,Sin Riesgo,0,0.0
583868,MEATS,A,312522.5753,185.1437057464455,329.6357105899681,1625.6416508150867,1374.0,7.421262280888416,251.64165081508668,15.47952777224397,Riesgo Medio,1,0.7722777166364788
581742,GROCERY I,A,312419.0,185.08234597156397,430.40076908167754,1725.9771908826253,2059.0,11.124777942442682,0.0,0.0,Sin Riesgo,0,0.0
1695882,PRODUCE,A,312290.1062000001,185.0059870853081,680.8882839959953,1975.9301935931521,2415.0,13.053631604291915,0.0,0.0,Sin Riesgo,0,0.0
129296,GROCERY I,A,312082.0,184.88270142180096,301.7526226024472,1595.931532555054,2176.0,11.769624649931748,0.0,0.0,Sin Riesgo,0,0.0
2027559,BEVERAGES,A,311577.0,184.58353080568722,11079.73824560932,12371.82296124913,13176.0,71.38231640974783,0.0,0.0,Sin Riesgo,0,0.0
812726,CLEANING,A,311121.0,184.3133886255924,432.3527017020245,1722.5464220811714,1471.0,7.980972033388939,251.5464220811714,14.603172306802295,Riesgo Medio,1,0.7252887437382595
805311,BEVERAGES,A,311053.0,184.27310426540285,416.22354978765446,1706.1352796454744,854.0,4.634425644504312,852.1352796454744,49.94535250584253,Riesgo Alto,1,2.48006965600218
214862,CLEANING,A,310800.0,184.12322274881515,360.8863505298498,1649.7489097715559,2137.0,11.606357786357787,0.0,0.0,Sin Riesgo,0,0.0
1695907,PRODUCE,A,310573.98969999974,183.98933039099512,638.8926699933959,1926.8179827303618,2239.0,12.169183915403726,0.0,0.0,Sin Riesgo,0,0.0
428054,GROCERY I,A,310471.0,183.92831753554503,320.23313082497395,1607.7313535737894,1452.0,7.894379829356042,155.73135357378942,9.68640396466846,Riesgo Bajo,1,0.48008486999893407
123347,DAIRY,A,310357.0,183.86078199052133,309.0342827606423,1596.0597566942915,1762.0,9.583337897969113,0.0,0.0,Sin Riesgo,0,0.0
314880,CLEANING,A,310088.0,183.70142180094786,345.4749221284808,1631.3848747351158,705.0,3.8377492840741985,926.3848747351158,56.78518227561297,Riesgo Alto,1,2.810958189150802
968935,"LIQUOR,WINE,BEER",A,309757.0,183.50533175355451,566.6949577084238,1851.2322799833055,2434.0,13.263919782280949,0.0,0.0,Sin Riesgo,0,0.0
1328495,BEVERAGES,A,309479.0,183.34063981042655,587.0327479091031,1870.417226582089,2718.0,14.824863722578915,0.0,0.0,Sin Riesgo,0,0.0
830624,CLEANING,A,309303.0,183.23637440758293,314.41694037291995,1597.0715612260005,1749.0,9.545048059669645,0.0,0.0,Sin Riesgo,0,0.0
1457338,HOME CARE,A,309183.0,183.16528436018956,893.8625965419274,2176.019587063254,2938.0,16.04015744720764,0.0,0.0,Sin Riesgo,0,0.0
209085,CLEANING,A,308391.0,182.69609004739337,290.02457187234387,1568.8972022040973,857.0,4.690850251790746,711.8972022040973,45.375643554209546,Riesgo Alto,1,2.2338751376529036
939129,DAIRY,A,308373.0,182.68542654028437,371.30676914300824,1650.1047549249988,1763.0,9.650468750506692,0.0,0.0,Sin Riesgo,0,0.0
1164290,DAIRY,A,308301.0,182.64277251184834,334.6773818329229,1613.1767894158613,1954.0,10.698479732469243,0.0,0.0,Sin Riesgo,0,0.0
1464312,BEVERAGES,A,308077.0,182.5100710900474,817.2311377434862,2094.801635373818,2037.0,11.161027924836972,57.801635373818044,2.7592892041781956,Riesgo Bajo,1,0.13570345348512658
1726009,PRODUCE,A,307974.0,182.4490521327014,580.5029912927242,1857.646356221634,1520.0,8.331092884464274,337.64635622163405,18.176029850395796,Riesgo Medio,1,0.893608894279207
514597,GROCERY I,A,307823.0,182.3595971563981,348.9559333579472,1625.4731134527337,1299.0,7.123288383259211,326.47311345273374,20.084805509902214,Riesgo Medio,1,0.9869680609957573
376427,EGGS,A,307329.0,182.06694312796208,322.71172350471426,1597.1803254004487,1603.0,8.80445385889389,0.0,0.0,Sin Riesgo,0,0.0
1057498,CLEANING,A,307247.0,182.01836492890996,301.26619047568147,1575.3947449780512,1714.0,9.416632220981816,0.0,0.0,Sin Riesgo,0,0.0
358100,GROCERY I,A,307202.0,181.99170616113744,298.17912580533556,1572.1210689332977,1550.0,8.516871634950293,22.121068933297693,1.4070843124255752,Riesgo Bajo,1,0.06900468245115192
1473415,PRODUCE,A,306945.0,181.83945497630333,545.1887568097669,1818.06494164389,2526.0,13.89137467624493,0.0,0.0,Sin Riesgo,0,0.0
557305,DELI,A,306924.0,181.82701421800948,367.812936418633,1640.6020359446993,1740.0,9.569535129217657,0.0,0.0,Sin Riesgo,0,0.0
771156,CLEANING,A,306866.0,181.79265402843603,387.63474263430567,1660.1833208333578,1889.0,10.390958920180143,0.0,0.0,Sin Riesgo,0,0.0
1146803,GROCERY I,A,306763.0,181.73163507109004,336.52462688510855,1608.6460723827388,560.0,3.081466800103011,1048.6460723827388,65.18811629145225,Riesgo Alto,1,3.1923155228307967
422452,GROCERY I,A,306195.0,181.39514218009478,301.73276099786113,1571.4987562585245,1803.0,9.939626708470094,0.0,0.0,Sin Riesgo,0,0.0
692104,CLEANING,A,305504.0,180.98578199052133,434.24403903931005,1701.1445129729593,2230.0,12.321409866973918,0.0,0.0,Sin Riesgo,0,0.0
916887,CLEANING,A,305483.0,180.97334123222748,364.19696483105054,1631.0103534566429,1486.0,8.211154139510219,145.01035345664286,8.890829733196888,Riesgo Bajo,1,0.4335745099696362
1047702,BEVERAGES,A,305297.0,180.86315165876778,350.2292643461611,1616.2713259575355,1446.0,7.9949950376191055,170.2713259575355,10.534823158893872,Riesgo Medio,1,0.5134334841518414
1455482,BEVERAGES,A,305283.0,180.85485781990522,653.4029064287292,1919.3869111680658,2418.0,13.369837167480664,0.0,0.0,Sin Riesgo,0,0.0
1550461,PRODUCE,A,305137.9567999999,180.76893175355445,676.2474600169747,1941.6299822918559,1647.0,9.111078900689554,294.62998229185587,15.174363034097842,Riesgo Medio,1,0.7391645082561011
172184,GROCERY I,A,303765.0,179.95556872037915,315.16225302557814,1574.851234068232,739.0,4.106569222919033,835.8512340682321,53.07493279279597,Riesgo Alto,1,2.5737217184670436
1148812,BEVERAGES,A,303390.0,179.7334123222749,554.5217316248562,1812.6556178807805,1721.0,9.575292527769538,91.65561788078048,5.0564275407116375,Riesgo Bajo,1,0.24489473698617178
740714,CLEANING,A,303262.0,179.65758293838863,298.4623922508763,1556.0654728195966,1517.0,8.443840639447078,39.06547281959661,2.5105288628254065,Riesgo Bajo,1,0.12153954754037607
574898,CLEANING,A,303025.0,179.51718009478674,311.35133054534424,1567.9715912088514,1649.0,9.185750350631135,0.0,0.0,Sin Riesgo,0,0.0
1686650,PRODUCE,A,302822.0,179.39691943127963,563.8889013182738,1819.6673373372312,2445.0,13.62899657224376,0.0,0.0,Sin Riesgo,0,0.0
679926,EGGS,A,302601.0,179.26599526066352,280.0287763750036,1534.8907431996483,909.0,5.070677228429516,625.8907431996483,40.77754367681639,Riesgo Alto,1,1.9698167324752602
1239846,DAIRY,A,302415.0,179.15580568720378,419.6142590506798,1673.7048988611061,565.0,3.1536795463188003,1108.7048988611061,66.24255563902206,Riesgo Alto,1,3.197973124287137
1028589,"LIQUOR,WINE,BEER",A,301938.0,178.87322274881515,815.7451108540988,2067.8576700958047,1856.0,10.376063960150761,211.85767009580468,10.245273316416851,Riesgo Medio,1,0.49382801559717726
1673297,PRODUCE,A,301449.0,178.58353080568722,612.0324945055133,1862.117210145324,2026.0,11.344831132297667,0.0,0.0,Sin Riesgo,0,0.0
1047758,BEVERAGES,A,301366.0,178.53436018957345,367.98510750524986,1617.7256288322642,2313.0,12.955489338545158,0.0,0.0,Sin Riesgo,0,0.0
664545,PERSONAL CARE,A,300391.0,177.95675355450237,393.6316158992673,1639.3288907807837,1145.0,6.434147494432256,494.3288907807837,30.154345083575233,Riesgo Alto,1,1.4460097422504115
2010916,GROCERY I,A,300248.0,177.87203791469193,872.0054591880116,2117.109724590855,2524.0,14.189976286270017,0.0,0.0,Sin Riesgo,0,0.0
933780,GROCERY I,A,299896.0,177.66350710900474,624.2511209829117,1867.895670745945,1563.0,8.797529810334249,304.8956707459449,16.32294969794457,Riesgo Medio,1,0.781454537467238
226126,CLEANING,A,299821.0,177.6190758293839,290.45905070605545,1533.7925815117426,1506.0,8.478819028687116,27.792581511742583,1.8120169471904441,Riesgo Bajo,1,0.08672787495927313
819933,BEVERAGES,A,299796.0,177.6042654028436,845.6423979922671,2088.872255812172,3106.0,17.488318723398578,0.0,0.0,Sin Riesgo,0,0.0
999546,CLEANING,A,299624.0,177.50236966824644,272.714326183465,1515.23091386119,1562.0,8.799882519424346,0.0,0.0,Sin Riesgo,0,0.0
598414,GROCERY I,A,299512.0,177.43601895734596,293.32657099150606,1535.3787036929277,1555.0,8.763722321643206,0.0,0.0,Sin Riesgo,0,0.0
464356,GROCERY I,A,299277.0,177.2968009478673,327.39202743413364,1568.4696340692049,2322.0,13.096683006044568,0.0,0.0,Sin Riesgo,0,0.0
1968390,DAIRY,A,298952.0,177.1042654028436,796.4509755364005,2036.1808333563058,2127.0,12.009874494902192,0.0,0.0,Sin Riesgo,0,0.0
805321,GROCERY I,A,298444.0,176.80331753554503,375.49344653316024,1613.1166692819756,630.0,3.5632815536583076,983.1166692819756,60.94516831938614,Riesgo Alto,1,2.903598308411338
1463609,BEVERAGES,A,298275.0,176.7031990521327,475.0108521732533,1711.9332455381823,1627.0,9.207529963959434,84.93324553818229,4.961247511230015,Riesgo Bajo,1,0.23623386212887335
575675,GROCERY I,A,298232.0,176.6777251184834,304.2811150619564,1541.0251908913401,1838.0,10.403122401351968,0.0,0.0,Sin Riesgo,0,0.0
1958245,BEVERAGES,A,298103.0,176.60130331753555,1095.8425119562748,2332.051635179024,2053.0,11.625055769314633,279.05163517902383,11.965928668539192,Riesgo Medio,1,0.5694389344287242
215356,GROCERY I,A,297847.0,176.44964454976304,333.04322635148543,1568.1907381998267,2048.0,11.606710828042585,0.0,0.0,Sin Riesgo,0,0.0
1958166,BEVERAGES,A,297841.0,176.44609004739337,880.6747168591213,2115.797347190875,1533.0,8.688206123401413,582.7973471908749,27.545045746685037,Riesgo Alto,1,1.309671512774518
849312,DAIRY,A,297713.0,176.3702606635071,291.23320158925185,1525.8250262338017,1308.0,7.416216288841938,217.82502623380174,14.275885012284789,Riesgo Medio,1,0.6784771751352388
1463509,BEVERAGES,A,297597.0,176.3015402843602,821.7917612447347,2055.902543235256,2342.0,13.284058643064279,0.0,0.0,Sin Riesgo,0,0.0
557285,DELI,A,297585.0,176.29443127962085,323.95925243182995,1558.020271389176,1697.0,9.625942167783995,0.0,0.0,Sin Riesgo,0,0.0
1145597,BEVERAGES,A,297539.0,176.26718009478674,435.19623685855316,1669.0664975220604,2117.0,12.010176817156742,0.0,0.0,Sin Riesgo,0,0.0
360313,BREAD/BAKERY,A,297106.0,176.010663507109,327.67162503435816,1559.7462695841211,1697.0,9.641461296641603,0.0,0.0,Sin Riesgo,0,0.0
1173853,GROCERY I,A,296980.0,175.93601895734596,421.01554342142566,1652.5676761228474,1953.0,11.10062630480167,0.0,0.0,Sin Riesgo,0,0.0
838400,DAIRY,A,296900.0,175.88862559241707,275.7929300313971,1507.0133091783164,916.0,5.207841023913775,591.0133091783164,39.21752419695353,Riesgo Alto,1,1.8587662252734538
830797,GROCERY I,A,295878.0,175.28317535545023,257.06648270601346,1484.048710194165,1664.0,9.493210039272943,0.0,0.0,Sin Riesgo,0,0.0
953427,DAIRY,A,295770.0,175.21919431279622,281.2842167314463,1507.81857692102,1164.0,6.6431078202657465,343.81857692101994,22.802383667609455,Riesgo Medio,1,1.076635688595289
1430041,BEVERAGES,A,295706.0,175.18127962085308,732.1675918548747,1958.4365492008462,1864.0,10.640406349549892,94.43654920084623,4.822037723886522,Riesgo Bajo,1,0.2276277166775968
158680,EGGS,A,295642.0,175.14336492890996,281.3584767226672,1507.3620312250368,1456.0,8.313189600936267,51.362031225036844,3.4074117671184005,Riesgo Bajo,1,0.1608144805334244
208386,EGGS,A,295352.0,174.97156398104266,273.92748639985507,1498.7284342671537,1744.0,9.967333893117365,0.0,0.0,Sin Riesgo,0,0.0
1246785,GROCERY I,A,295224.0,174.8957345971564,813.0170565314509,2037.2871987115457,2191.0,12.527463891824512,0.0,0.0,Sin Riesgo,0,0.0
358264,GROCERY I,A,295055.0,174.79561611374407,331.51496021561866,1555.0842730118272,2192.0,12.54036027181373,0.0,0.0,Sin Riesgo,0,0.0
819230,MEATS,A,294721.88609999936,174.5982737559238,333.77706988337866,1555.9649861748453,1541.0,8.825975004507836,14.964986174845308,0.9617816793959448,Riesgo Bajo,1,0.045250490346288044
378330,GROCERY I,A,294580.0,174.51421800947867,329.20704432732805,1550.8065703936788,2079.0,11.913069454817029,0.0,0.0,Sin Riesgo,0,0.0
1102976,BEVERAGES,A,294461.0,174.44372037914692,577.6772638686958,1798.7833065227242,610.0,3.4968298008904406,1188.7833065227242,66.08818873357197,Riesgo Alto,1,3.1066049777993343
302998,GROCERY I,A,294332.0,174.36729857819904,338.66615227702397,1559.2372423244171,2240.0,12.84644551051194,0.0,0.0,Sin Riesgo,0,0.0
619969,GROCERY I,A,294079.0,174.21741706161137,331.1207968010563,1550.642716232336,1781.0,10.222858483604746,0.0,0.0,Sin Riesgo,0,0.0
1081359,GROCERY I,A,294047.0,174.1984597156398,395.57787911805354,1614.9670971275323,1121.0,6.435188932381558,493.96709712753227,30.586821118902595,Riesgo Alto,1,1.4357720603513047
115891,GROCERY I,A,293916.0,174.1208530805687,316.07771556646617,1534.9236871304472,1637.0,9.401516079424054,0.0,0.0,Sin Riesgo,0,0.0
1080756,GROCERY I,A,293839.0,174.07523696682463,511.6020309682203,1730.1286897359928,2552.0,14.6603275943629,0.0,0.0,Sin Riesgo,0,0.0
255161,GROCERY I,A,293740.0,174.0165876777251,421.14666981119603,1639.2627835552719,1647.0,9.464614965615851,0.0,0.0,Sin Riesgo,0,0.0
252970,CLEANING,A,293553.0,173.90580568720378,334.07365226538275,1551.414292075809,1642.0,9.44189294607788,0.0,0.0,Sin Riesgo,0,0.0
765517,GROCERY I,A,293462.0,173.85189573459715,387.8726397229046,1604.8359098650847,1997.0,11.486788749480342,0.0,0.0,Sin Riesgo,0,0.0
508947,DAIRY,A,293405.0,173.8181279620853,329.0453379420728,1545.7722336766699,1665.0,9.57897786336293,0.0,0.0,Sin Riesgo,0,0.0
1948483,BEVERAGES,A,293398.0,173.81398104265404,1110.46465016913,2327.1625174677083,2730.0,15.706446533377868,0.0,0.0,Sin Riesgo,0,0.0
622958,GROCERY I,A,293064.0,173.61611374407582,319.61006788915086,1534.9228640976817,1595.0,9.186935276936097,0.0,0.0,Sin Riesgo,0,0.0
464302,GROCERY I,A,292856.0,173.49289099526067,447.29555771371895,1661.7457946805434,1698.0,9.787144535198186,0.0,0.0,Sin Riesgo,0,0.0
1322479,GROCERY I,A,292799.0,173.45912322274881,404.4826804653495,1618.6965430245914,2322.0,13.386439161335934,0.0,0.0,Sin Riesgo,0,0.0
1089844,BREAD/BAKERY,A,292592.0,173.33649289099526,307.02480879918556,1520.3802590361524,1667.0,9.617132389128889,0.0,0.0,Sin Riesgo,0,0.0
507457,FROZEN FOODS,A,292552.0,173.3127962085308,369.48946299755636,1582.6790364572719,667.0,3.84853291038858,915.6790364572719,57.8562687294426,Riesgo Alto,1,2.7020158663051257
454416,GROCERY I,A,292357.0,173.1972748815166,595.067940039449,1807.4488642100653,1950.0,11.25883765396416,0.0,0.0,Sin Riesgo,0,0.0
683721,GROCERY I,A,292338.0,173.18601895734596,352.2288583198685,1564.5309910212902,1418.0,8.187727904001532,146.53099102129022,9.365809425458432,Riesgo Bajo,1,0.4370840813899646
1695831,PRODUCE,A,291949.2906000003,172.95574087677744,1087.6251478224008,2298.315333959843,2829.0,16.356785762986178,0.0,0.0,Sin Riesgo,0,0.0
1696022,PRODUCE,A,291914.0,172.93483412322274,715.5753830244524,1926.1192218870115,1598.0,9.240474934398488,328.11922188701146,17.03524985154109,Riesgo Medio,1,0.7938488744260128
360704,GROCERY I,A,291623.0,172.76244075829385,387.0888058647097,1596.4258911727666,1842.0,10.662039688227608,0.0,0.0,Sin Riesgo,0,0.0
1109235,FROZEN FOODS,A,291187.5420000004,172.50446800947893,3359.557898175845,4567.089174242197,4989.0,28.920990033289225,0.0,0.0,Sin Riesgo,0,0.0
322094,CLEANING,A,290646.0,172.18364928909952,340.9451009470289,1546.2306459707256,1960.0,11.383194676685727,0.0,0.0,Sin Riesgo,0,0.0
214860,CLEANING,A,290595.0,172.15343601895734,432.50089470711436,1637.5749468398158,1500.0,8.713157487224489,137.57494683981577,8.40113895887985,Riesgo Bajo,1,0.38972719118243593
1354383,GROCERY I,A,290225.0,171.93424170616115,803.0080041232933,2006.5476960664214,2206.0,12.830486691360152,0.0,0.0,Sin Riesgo,0,0.0
913967,GROCERY I,A,290160.0,171.8957345971564,343.15624919663304,1546.426391376728,1396.0,8.121202095395644,150.4263913767279,9.727355418631255,Riesgo Bajo,1,0.45057462379720997
1428331,BEVERAGES,A,289357.0,171.42002369668248,596.9091357639818,1796.8493016407592,2101.0,12.256444461340143,0.0,0.0,Sin Riesgo,0,0.0
468057,DELI,A,289218.0,171.33767772511848,321.7961150457293,1521.1598591215586,2165.0,12.635866370696153,0.0,0.0,Sin Riesgo,0,0.0
1371618,PERSONAL CARE,A,289177.0,171.3133886255924,661.809898297836,1861.003618676983,1375.0,8.02622615214903,486.003618676983,26.115135607446625,Riesgo Alto,1,1.2055644558274872
871511,BREAD/BAKERY,A,288856.0,171.12322274881515,217.01581974014772,1414.8783789818538,1516.0,8.859113191347939,0.0,0.0,Sin Riesgo,0,0.0
252972,CLEANING,A,288396.0,170.85071090047393,335.657752204083,1531.6127285074003,1805.0,10.564778984451934,0.0,0.0,Sin Riesgo,0,0.0
418026,DELI,A,288212.0,170.74170616113744,303.03623428444075,1498.2281774124028,1528.0,8.949190179451238,0.0,0.0,Sin Riesgo,0,0.0
1105210,GROCERY I,A,288160.0,170.71090047393366,333.54725980653416,1528.5235631240698,2102.0,12.313214880621876,0.0,0.0,Sin Riesgo,0,0.0
911871,CLEANING,A,288152.0,170.70616113744074,384.3783881896331,1579.3215161517185,1659.0,9.718454149199035,0.0,0.0,Sin Riesgo,0,0.0
579759,GROCERY I,A,288144.0,170.70142180094786,534.4267280750472,1729.336680681682,2386.0,13.977622299961132,0.0,0.0,Sin Riesgo,0,0.0
913102,BEVERAGES,A,287764.0,170.47630331753555,1581.8375948612418,2775.1717180839905,2558.0,15.005018000861817,217.17171808399053,7.825523612424543,Riesgo Bajo,1,0.3594878938515017
679442,BEVERAGES,A,287712.0,170.44549763033174,1089.5062520777526,2282.6247354900747,3146.0,18.45751306862418,0.0,0.0,Sin Riesgo,0,0.0
999545,CLEANING,A,287442.0,170.28554502369667,265.4142127140635,1457.4130278799403,647.0,3.7995004209544887,810.4130278799403,55.60627031438208,Riesgo Alto,1,2.551575328902593
841570,GROCERY I,A,287430.0,170.27843601895734,375.2157497910398,1567.1648019237412,797.0,4.68056918206172,770.1648019237412,49.14382973496731,Riesgo Alto,1,2.2549426154703918
938575,GROCERY I,A,286820.0,169.9170616113744,560.5888902091651,1750.008321488786,2317.0,13.636064430653372,0.0,0.0,Sin Riesgo,0,0.0
1159597,CLEANING,A,286763.0,169.88329383886256,732.5812471705543,1921.7643040425924,2373.0,13.968412940302619,0.0,0.0,Sin Riesgo,0,0.0
1229025,PERSONAL CARE,A,286730.0,169.86374407582937,645.5008732791937,1834.5470818099993,2548.0,15.000258082516654,0.0,0.0,Sin Riesgo,0,0.0
617103,EGGS,A,286158.0,169.52488151658767,264.91447502736435,1451.5886456434782,2156.0,12.717897105794702,0.0,0.0,Sin Riesgo,0,0.0
213066,GROCERY I,A,285857.0,169.34656398104266,252.19355751793353,1437.619505385232,1277.0,7.540749395676859,160.61950538523206,11.172601984291498,Riesgo Medio,1,0.5098442913747261
759894,PERSONAL CARE,A,285264.0,168.9952606635071,376.4161610850128,1559.3829857295627,1602.0,9.479555779909136,0.0,0.0,Sin Riesgo,0,0.0
258411,FROZEN FOODS,A,285128.0,168.91469194312796,311.1815696594809,1493.5844132613765,1268.0,7.5067478465811845,225.58441326137654,15.103559682227305,Riesgo Medio,1,0.6874697380498245
1346628,CLEANING,A,285015.0,168.8477488151659,561.4469830819585,1743.3812247881197,1867.0,11.057298738662876,0.0,0.0,Sin Riesgo,0,0.0
1062926,BEVERAGES,A,284958.0,168.81398104265404,391.9270962282616,1573.62496352684,1680.0,9.951782367927905,0.0,0.0,Sin Riesgo,0,0.0
317285,GROCERY II,A,284686.0,168.65284360189574,294.0048003843782,1474.5747055976485,1517.0,8.99480831512614,0.0,0.0,Sin Riesgo,0,0.0
302997,GROCERY I,A,284661.0,168.63803317535545,428.6186353000126,1609.0848675275006,1865.0,11.059189702839518,0.0,0.0,Sin Riesgo,0,0.0
781798,FROZEN FOODS,A,284593.0,168.5977488151659,293.1602682279484,1473.3445099341095,1398.0,8.291925662261544,75.34450993410951,5.113841971520907,Riesgo Bajo,1,0.23233033507592082
567779,DELI,A,284526.0,168.55805687203792,315.78356509056704,1495.6899631948324,721.0,4.277457947604085,774.6899631948324,51.79482260749244,Riesgo Alto,1,2.352570842595656
1464208,BEVERAGES,A,284380.0,168.47156398104266,517.3025987349473,1696.6035466022458,2472.0,14.673099374076939,0.0,0.0,Sin Riesgo,0,0.0
365264,CLEANING,A,283864.0,168.16587677725119,273.36434141174016,1450.5254788524985,1938.0,11.524335597328298,0.0,0.0,Sin Riesgo,0,0.0
1117661,BEVERAGES,A,283423.0,167.90462085308056,297.644706576457,1472.9770525480208,1864.0,11.10154080649771,0.0,0.0,Sin Riesgo,0,0.0
828632,DELI,A,283142.0,167.73815165876778,258.49815288302284,1432.6652144943973,1549.0,9.234631386371502,0.0,0.0,Sin Riesgo,0,0.0
872317,GROCERY I,A,282699.0,167.47571090047393,520.2542446933107,1692.5842209966281,2018.0,12.049508487826275,0.0,0.0,Sin Riesgo,0,0.0
257848,BEVERAGES,A,282663.0,167.45438388625593,639.436295288699,1811.6169824924905,1029.0,6.1449570690185835,782.6169824924905,43.19991422335514,Riesgo Alto,1,1.9493339661143407
881701,GROCERY I,A,282489.0,167.35130331753555,340.748958689524,1512.208081912273,2125.0,12.697839561894444,0.0,0.0,Sin Riesgo,0,0.0
724359,PREPARED FOODS,A,282445.0,167.32523696682463,296.81230716444156,1468.088965932214,1565.0,9.353042185204199,0.0,0.0,Sin Riesgo,0,0.0
586969,GROCERY I,A,282302.0,167.24052132701422,437.9680021944141,1608.6516514835137,1412.0,8.442929911938279,196.65165148351366,12.224626214268307,Riesgo Medio,1,0.550914173267743
881912,GROCERY I,A,282203.0,167.1818720379147,344.9851144404892,1515.2582187058922,1257.0,7.518757773659386,258.2582187058922,17.043842133155227,Riesgo Medio,1,0.7678272675137747
164088,DAIRY,A,281968.0,167.04265402843603,246.5941125265752,1415.8926907256273,2043.0,12.230409124439651,0.0,0.0,Sin Riesgo,0,0.0
675524,PREPARED FOODS,A,281933.0,167.02191943127963,282.11667025074274,1451.2701062697001,1555.0,9.310155249651512,0.0,0.0,Sin Riesgo,0,0.0
1082042,GROCERY I,A,281465.0,166.74466824644549,698.3753921613475,1865.5880698864657,2019.0,12.108333185298351,0.0,0.0,Sin Riesgo,0,0.0
839545,DAIRY,A,281383.0,166.69609004739337,268.67687601197133,1435.5495063437247,1957.0,11.739927429873163,0.0,0.0,Sin Riesgo,0,0.0
1047717,BEVERAGES,A,280854.0,166.38270142180096,488.86095496759833,1653.5398649202052,1451.0,8.720858524357851,202.53986492020522,12.24886494828954,Riesgo Medio,1,0.5491751301691057
1473396,PRODUCE,A,279879.5911000004,165.80544496445523,499.62709373939407,1660.2652084905806,1682.0,10.144419565718009,0.0,0.0,Sin Riesgo,0,0.0
843462,DELI,A,279716.0,165.70853080568722,314.6989285409798,1474.6586441807904,1470.0,8.87099772626521,4.658644180790361,0.3159133945455122,Riesgo Bajo,1,0.014106515519352013
1968452,DAIRY,A,279452.0,165.5521327014218,729.382967659397,1888.2478965693495,1659.0,10.021012553139716,229.24789656934945,12.14077330555257,Riesgo Medio,1,0.5416116206623601
892076,GROCERY I,A,279432.0,165.54028436018956,305.89343668122007,1464.6754272025469,1726.0,10.426465114947465,0.0,0.0,Sin Riesgo,0,0.0
559872,GROCERY I,A,279224.0,165.4170616113744,400.2465928262872,1558.166024105908,694.0,4.19545597799616,864.166024105908,55.460458689039605,Riesgo Alto,1,2.4721260051045606
1473485,PRODUCE,A,279157.61399999954,165.377733412322,481.5799997377198,1639.2241336239738,953.0,5.7625653728363035,686.2241336239738,41.862739789395306,Riesgo Alto,1,1.8655699069403469
594045,BREAD/BAKERY,A,279041.0,165.30864928909952,355.1878132405941,1512.3483582642907,1843.0,11.148841926455253,0.0,0.0,Sin Riesgo,0,0.0
1695844,PRODUCE,A,278799.0,165.16528436018956,408.81646795989644,1564.9734584812234,1502.0,9.093920709902116,62.97345848122336,4.023931405350343,Riesgo Bajo,1,0.17909199828395556
318787,GROCERY I,A,278797.0,165.16409952606634,429.6056340665111,1585.7543307489755,1322.0,8.004160733436875,263.75433074897546,16.632735956294084,Riesgo Medio,1,0.7402632526623129
584099,MEATS,A,278334.4832000001,164.8900966824645,367.17854349689424,1521.4092202741458,2125.0,12.887371908648936,0.0,0.0,Sin Riesgo,0,0.0
1097187,GROCERY I,A,278101.0,164.75177725118485,434.6917578949972,1587.954198653291,1930.0,11.714592899701906,0.0,0.0,Sin Riesgo,0,0.0
305344,GROCERY I,A,277885.0,164.62381516587678,472.4405337651979,1624.8072399263353,1511.0,9.17850189826727,113.80723992633534,7.0043533244900535,Riesgo Bajo,1,0.3107188147753259
567778,DELI,A,277756.0,164.54739336492892,333.3672766859306,1485.199030240433,659.0,4.004925186134592,826.1990302404331,55.62884256035926,Riesgo Alto,1,2.4665951593229782
368419,DELI,A,277721.0,164.52665876777252,280.95546880401804,1432.6420801784257,1181.0,7.178168017542785,251.64208017842566,17.564895214238394,Riesgo Medio,1,0.7787331908489339
358515,GROCERY I,A,277663.0,164.49229857819904,298.87184617852097,1450.3179362259143,2171.0,13.198186290575267,0.0,0.0,Sin Riesgo,0,0.0
759651,PERSONAL CARE,A,277598.0,164.4537914691943,405.4424404140776,1556.6189806984376,1813.0,11.024373374447944,0.0,0.0,Sin Riesgo,0,0.0
1102970,BEVERAGES,A,277215.0,164.22689573459715,475.0991936114302,1624.6874637536102,1298.0,7.903699294771207,326.68746375361025,20.107711239357084,Riesgo Medio,1,0.889843777129752
732006,DELI,A,276829.0,163.99822274881515,296.77857097092823,1444.7661302126344,1272.0,7.756181613920507,172.76613021263438,11.958068963535808,Riesgo Medio,1,0.5284538172888424
208498,CLEANING,A,276684.0,163.91232227488152,402.93707703715654,1550.3233329613272,1311.0,7.998178427375635,239.3233329613272,15.436994843145865,Riesgo Medio,1,0.6818380076980586
575863,GROCERY I,A,276531.0,163.82168246445497,273.74103545929444,1420.492812710479,1961.0,11.970332440124254,0.0,0.0,Sin Riesgo,0,0.0
633997,MEATS,A,276509.0997999998,163.80870841232215,509.027544959461,1655.688503845716,1987.0,12.130002240164982,0.0,0.0,Sin Riesgo,0,0.0
1686668,PRODUCE,A,276229.0,163.64277251184834,523.855892545193,1669.3553001281314,1838.0,11.23178232553425,0.0,0.0,Sin Riesgo,0,0.0
1022053,BEVERAGES,A,276068.0,163.54739336492892,416.66390116161534,1561.4956547161178,1724.0,10.54128692930727,0.0,0.0,Sin Riesgo,0,0.0
849941,MEATS,A,276000.00210000057,163.5071102488155,374.3084806766521,1518.8582524183607,1855.0,11.34507237744689,0.0,0.0,Sin Riesgo,0,0.0
681606,DAIRY,A,275746.0,163.35663507109004,301.21170485496515,1444.7081503525953,1604.0,9.819007347341394,0.0,0.0,Sin Riesgo,0,0.0
886396,GROCERY I,A,275250.0,163.0627962085308,355.9689257579568,1497.4084992176724,1860.0,11.406648501362397,0.0,0.0,Sin Riesgo,0,0.0
153395,BREAD/BAKERY,A,275211.0,163.03969194312796,310.9186957113185,1452.196539313214,1876.0,11.506400543582924,0.0,0.0,Sin Riesgo,0,0.0
1696014,PRODUCE,A,275119.0,162.9851895734597,637.0717106080199,1777.968037622238,1782.0,10.933508772567508,0.0,0.0,Sin Riesgo,0,0.0
517906,DELI,A,274717.0,162.74703791469193,290.7327763797405,1429.962041782584,759.0,4.663679350022023,670.962041782584,46.921668000792934,Riesgo Alto,1,2.0577536430970946
1346625,CLEANING,A,274071.0,162.364336492891,474.15060275709146,1610.7009582073285,2024.0,12.465791710907027,0.0,0.0,Sin Riesgo,0,0.0
1178691,CLEANING,A,273693.0,162.1404028436019,385.4436157335489,1520.426435638762,1856.0,11.446869302466633,0.0,0.0,Sin Riesgo,0,0.0
1464076,BEVERAGES,A,273631.0,162.103672985782,398.2636059933458,1532.9893168938197,1770.0,10.918938278192163,0.0,0.0,Sin Riesgo,0,0.0
407608,CLEANING,A,273587.0,162.07760663507108,309.1488377494722,1443.6920841949698,1227.0,7.570447426230048,216.69208419496977,15.009577635510926,Riesgo Medio,1,0.6555386923757517
871514,BREAD/BAKERY,A,273376.0,161.95260663507108,244.16828476350528,1377.8365312090027,1340.0,8.274025517967928,37.836531209002715,2.746082742907281,Riesgo Bajo,1,0.11984182261332048
1707160,PRODUCE,A,273234.9359999999,161.8690379146919,530.1483483588225,1663.2316137616658,1384.0,8.550121862893846,279.2316137616658,16.788498453930814,Riesgo Medio,1,0.7322889562222317
2011054,FROZEN FOODS,A,273203.1240000005,161.85019194312824,7579.087312101346,8712.038655703243,4061.0,25.091104009484123,4651.038655703243,53.38634089574993,Riesgo Alto,1,2.328360473915131
796394,CLEANING,A,272582.0,161.48222748815166,274.81820134092374,1405.1937937579853,1450.0,8.979316315824228,0.0,0.0,Sin Riesgo,0,0.0
813769,PREPARED FOODS,A,272523.0,161.4472748815166,314.9367639179222,1445.0676880885385,1354.0,8.386638925888823,91.06768808853849,6.301966948620806,Riesgo Bajo,1,0.2741660556408116
996606,MEATS,A,272204.1981999996,161.25841125592393,269.98670971447774,1398.7955885059453,1394.0,8.644510318210086,4.795588505945261,0.3428369767070422,Riesgo Bajo,1,0.01489761948833539
1981607,GROCERY I,A,271978.0,161.12440758293837,3567.2120632198894,4695.082916300458,4711.0,29.238276625315287,0.0,0.0,Sin Riesgo,0,0.0
115693,GROCERY I,A,271908.0,161.0829383886256,352.91564159174254,1480.4962103121218,451.0,2.799799932330053,1029.4962103121218,69.53724049689265,Riesgo Alto,1,3.018379478101119
953562,GROCERY I,A,271889.0,161.07168246445497,244.65174686854033,1372.153524119725,1245.0,7.729477838382576,127.15352411972503,9.266712644366642,Riesgo Bajo,1,0.4022089544497414
700609,FROZEN FOODS,A,271767.0,160.99940758293837,334.33622069530156,1461.3320737758702,736.0,4.571445392560539,725.3320737758702,49.634993085570024,Riesgo Alto,1,2.1533721292695405
1457251,HOME CARE,A,271702.0,160.96090047393366,452.69550576513814,1579.421809082674,1896.0,11.779258157834686,0.0,0.0,Sin Riesgo,0,0.0
1321497,BREAD/BAKERY,A,271434.0,160.8021327014218,426.69287902746737,1552.30780793742,1561.0,9.707582690451453,0.0,0.0,Sin Riesgo,0,0.0
417835,GROCERY I,A,271260.0,160.6990521327014,1037.9483723641838,2162.8417372930935,2331.0,14.50537491705375,0.0,0.0,Sin Riesgo,0,0.0
1114761,DAIRY,A,270744.0,160.39336492890996,269.31433256404546,1392.067887066415,933.0,5.816948852052123,459.0678870664151,32.97740658566841,Riesgo Alto,1,1.4253113433441302
1457359,HOME CARE,A,270701.0,160.36789099526067,447.001195670957,1569.5764326377816,796.0,4.963587131189024,773.5764326377816,49.28568093608114,Riesgo Alto,1,2.1298304070126512
1473405,PRODUCE,A,270398.0,160.1883886255924,384.5192923938812,1505.8380127730281,2126.0,13.271873312672431,0.0,0.0,Sin Riesgo,0,0.0
852620,CLEANING,A,270167.0,160.0515402843602,472.96246424375886,1593.32324623428,2058.0,12.858357978583618,0.0,0.0,Sin Riesgo,0,0.0
841583,GROCERY I,A,270098.0,160.010663507109,324.1942257840834,1444.2688703338463,1288.0,8.049463528052781,156.26887033384628,10.819929276584377,Riesgo Medio,1,0.46653066181906394
853195,CLEANING,A,269942.0,159.91824644549763,366.83817894504074,1486.2659040635242,1455.0,9.098398915322552,31.265904063524204,2.103654802148235,Riesgo Bajo,1,0.09065240681283278
402299,BREAD/BAKERY,A,269886.0,159.8850710900474,556.108253184288,1675.30375081462,1822.0,11.395685585765841,0.0,0.0,Sin Riesgo,0,0.0
164037,GROCERY I,A,269797.0,159.83234597156397,294.17415180812884,1413.0005736090766,1837.0,11.493293105557141,0.0,0.0,Sin Riesgo,0,0.0
1473401,PRODUCE,A,269452.3576999997,159.62817399289082,613.4643594087677,1730.8615773590034,1760.0,11.02562258262995,0.0,0.0,Sin Riesgo,0,0.0
936341,GROCERY I,A,269401.0,159.5977488151659,320.3084621311062,1437.4927038372673,2111.0,13.227003611716363,0.0,0.0,Sin Riesgo,0,0.0
313641,GROCERY I,A,269363.0,159.57523696682463,336.4405814126699,1453.4672401804423,1164.0,7.294364853376299,289.46724018044233,19.915635672979192,Riesgo Medio,1,0.8563799976182057
1160882,GROCERY I,A,268980.0,159.34834123222748,450.68830466122847,1566.1266932868207,1309.0,8.214707413190572,257.1266932868207,16.418000816216882,Riesgo Medio,1,0.7049765383995215
119024,CLEANING,A,268708.0,159.1872037914692,296.9861109072291,1411.2965374475134,1287.0,8.084820697560177,124.2965374475134,8.80725872624314,Riesgo Bajo,1,0.3777946058785388
1695966,PRODUCE,A,268573.9425999999,159.10778590047386,884.1056677942618,1997.8601690975788,2558.0,16.077151633547945,0.0,0.0,Sin Riesgo,0,0.0
2026801,GROCERY I,A,268416.0,159.01421800947867,761.1376574233602,1874.237183489711,994.0,6.2510133524082026,880.237183489711,46.96509018409106,Riesgo Alto,1,2.0124169309229725
114778,GROCERY I,A,268159.0,158.86196682464455,386.18914735923903,1498.222915131751,1586.0,9.983509783374789,0.0,0.0,Sin Riesgo,0,0.0
900196,DAIRY,A,267500.0,158.47156398104266,417.41735270561946,1526.718300572918,842.0,5.313256074766355,684.718300572918,44.84902685164446,Riesgo Alto,1,1.9151871190074747
221506,CLEANING,A,267290.0,158.34715639810426,271.9498331370284,1380.3799279237583,1173.0,7.407774327509447,207.37992792375826,15.023394916766158,Riesgo Medio,1,0.6410400983322093
1717057,PRODUCE,A,267035.0,158.19609004739337,650.2696777090515,1757.642308040805,901.0,5.695463141535754,856.6423080408049,48.73814792246782,Riesgo Alto,1,2.0776462817682932
1457180,HOME CARE,A,266622.0,157.95142180094786,506.2440510119651,1611.9040036186002,2044.0,12.940687565167167,0.0,0.0,Sin Riesgo,0,0.0
1908028,PRODUCE,A,266196.0,157.6990521327014,699.9982767791445,1803.8916417080545,1900.0,12.048265188056922,0.0,0.0,Sin Riesgo,0,0.0
1473489,PRODUCE,A,266156.0135000001,157.67536344786737,466.8807430864896,1570.608287221561,1268.0,8.041839715937883,302.6082872215611,19.266948333558172,Riesgo Medio,1,0.818622387669874
940590,CLEANING,A,265851.0,157.49466824644549,259.6080314153886,1362.070709140507,1960.0,12.444865733061002,0.0,0.0,Sin Riesgo,0,0.0
414478,BREAD/BAKERY,A,265665.0,157.38447867298578,336.47330176627355,1438.164652477174,2030.0,12.89834942502776,0.0,0.0,Sin Riesgo,0,0.0
320681,GROCERY I,A,265322.0,157.18127962085308,304.80325100354264,1405.0722083495143,1243.0,7.908066424947799,162.0722083495143,11.53479567714847,Riesgo Medio,1,0.4885596210300369
1354382,GROCERY I,A,265016.0,157.0,561.249976717087,1660.249976717087,1405.0,8.949044585987261,255.24997671708707,15.374189447170378,Riesgo Medio,1,0.65042724521818
742738,PERSONAL CARE,A,264911.0,156.9377962085308,345.4619707074227,1444.0265441671384,1299.0,8.277164783644318,145.02654416713835,10.043204867178142,Riesgo Medio,1,0.42472391500455814
1695815,PRODUCE,A,264858.0,156.9063981042654,437.21108595507263,1535.5558726849304,850.0,5.417242446896073,685.5558726849304,44.64545282134417,Riesgo Alto,1,1.8876641557901557
1660239,PRODUCE,A,264854.0,156.90402843601896,670.8849176946518,1769.2131167467846,1764.0,11.242541173627734,5.213116746784635,0.2946573647594516,Riesgo Bajo,1,0.012458284334919778
319095,DELI,A,264403.0,156.63684834123222,246.38075069240395,1342.8386890810295,1115.0,7.1183761152483145,227.83868908102954,16.96694405170518,Riesgo Medio,1,0.7161506789582438
420720,DAIRY,A,264246.0,156.54383886255926,236.19671355661436,1332.003585594529,846.0,5.4042369610136,486.0035855945291,36.48665745727744,Riesgo Alto,1,1.539135669777544
801934,CLEANING,A,264135.0,156.47808056872037,295.1775507405102,1390.524114721553,1822.0,11.64380335813126,0.0,0.0,Sin Riesgo,0,0.0
1930967,GROCERY I,A,264038.0,156.42061611374407,1921.8469570010466,3016.791269797255,4199.0,26.844287564668722,0.0,0.0,Sin Riesgo,0,0.0
1397067,CLEANING,A,263756.0,156.25355450236967,637.1645574396173,1730.9394389562049,1906.0,12.198122507165714,0.0,0.0,Sin Riesgo,0,0.0
664539,PERSONAL CARE,A,263674.0,156.20497630331752,335.5291485712619,1428.9639826944845,1419.0,9.084217632379378,9.963982694484457,0.6972871825429892,Riesgo Bajo,1,0.02935035722727043
507479,EGGS,A,263460.0,156.0781990521327,275.42557135638623,1367.972964721315,1850.0,11.853032718439232,0.0,0.0,Sin Riesgo,0,0.0
517904,DELI,A,263433.0,156.0622037914692,282.96438847988634,1375.3998150201708,1869.0,11.975993895981143,0.0,0.0,Sin Riesgo,0,0.0
1239853,POULTRY,A,262702.3420000001,155.62934952606642,342.47412619618444,1431.8795728786495,2005.0,12.883174067782,0.0,0.0,Sin Riesgo,0,0.0
740728,GROCERY I,A,262640.0,155.59241706161137,288.2727447888458,1377.4196642201255,1517.0,9.749832470301554,0.0,0.0,Sin Riesgo,0,0.0
108696,DELI,A,262383.0,155.44016587677726,278.717046718668,1366.7982078561088,1650.0,10.615016978996353,0.0,0.0,Sin Riesgo,0,0.0
584076,MEATS,A,262320.9773999997,155.40342263033156,285.68282248249085,1373.5067808948118,1677.0,10.79126811762178,0.0,0.0,Sin Riesgo,0,0.0
1017349,MEATS,A,261978.2910999997,155.2004094194311,247.32629860030383,1333.7291645363216,1710.0,11.0180121714673,0.0,0.0,Sin Riesgo,0,0.0
563654,CLEANING,A,261526.0,154.9324644549763,291.82814811876005,1376.3553993035941,1262.0,8.145484578971116,114.35539930359414,8.308566185845276,Riesgo Bajo,1,0.34687688213915285
1164923,BEVERAGES,A,261456.0,154.89099526066352,317.16387976410743,1401.400846588752,1261.0,8.141209228321399,140.40084658875207,10.018607233648504,Riesgo Medio,1,0.4181579571339689
522721,CLEANING,A,261379.0,154.84537914691944,294.1773311290197,1378.0949851574558,1436.0,9.273767211596953,0.0,0.0,Sin Riesgo,0,0.0
864511,GROCERY I,A,261251.0,154.76954976303318,289.5048845562939,1372.8917328975263,1243.0,8.031295573988233,129.89173289752625,9.461178167588361,Riesgo Bajo,1,0.39458228567040277
796395,CLEANING,A,261219.0,154.75059241706163,240.36354950516582,1323.6176964245972,1649.0,10.65585581446985,0.0,0.0,Sin Riesgo,0,0.0
759697,BEVERAGES,A,261178.0,154.72630331753555,313.95196288851827,1397.0360861112672,1188.0,7.678073957224575,209.0360861112672,14.96282652892178,Riesgo Medio,1,0.6238563998022472
155610,GROCERY I,A,260964.0,154.5995260663507,294.2373155081842,1376.4339979726392,1401.0,9.062123511288913,0.0,0.0,Sin Riesgo,0,0.0
158842,DAIRY,A,260831.0,154.5207345971564,297.9412567363312,1379.5863989164259,1689.0,10.930571902879642,0.0,0.0,Sin Riesgo,0,0.0
368139,GROCERY I,A,260581.0,154.37263033175356,353.0445858713996,1433.6529981936746,1366.0,8.848718824473005,67.65299819367465,4.7189241942725175,Riesgo Bajo,1,0.19629993190565917
517905,DELI,A,260488.0,154.3175355450237,283.7201646360914,1363.9429134512573,1525.0,9.882221062006694,0.0,0.0,Sin Riesgo,0,0.0
1968368,DAIRY,A,260164.0,154.12559241706163,758.1259756196342,1837.0051225390657,1650.0,10.705554957642102,187.00512253906572,10.179891185093245,Riesgo Medio,1,0.4227900312264108
812725,CLEANING,A,260135.0,154.1084123222749,355.7030838954028,1434.461970151327,1175.0,7.624502662079305,259.461970151327,18.08775523856902,Riesgo Medio,1,0.7511347646247706
883336,CLEANING,A,260091.0,154.08234597156397,334.07022112565147,1412.6466429265993,2083.0,13.518745362200153,0.0,0.0,Sin Riesgo,0,0.0
1936589,GROCERY I,A,260051.0,154.05864928909952,733.5196879898281,1811.9302330135247,1499.0,9.730060641951003,312.9302330135247,17.270545372658887,Riesgo Medio,1,0.7169666948583979
1463852,BEVERAGES,A,259956.0,154.00236966824644,858.421855269539,1936.438442947264,1032.0,6.701195586945483,904.4384429472641,46.70628422201258,Riesgo Alto,1,1.938248985493048
1489881,PRODUCE,A,259764.0,153.88862559241707,626.201474352364,1703.4218534992833,1541.0,10.013735544571226,162.42185349928332,9.535034035498926,Riesgo Bajo,1,0.39539904183022073
1463805,BEVERAGES,A,258880.0,153.3649289099526,1418.6222157416007,2492.176718111269,2794.0,18.217985166872683,0.0,0.0,Sin Riesgo,0,0.0
951675,BEVERAGES,A,258707.0,153.26244075829385,390.1070105963765,1462.9440959044334,1580.0,10.309114171630453,0.0,0.0,Sin Riesgo,0,0.0
1898960,BEVERAGES,A,258631.0,153.21741706161137,1020.4151903116375,2092.937109742917,1828.0,11.930758493761383,264.9371097429171,12.658627366756386,Riesgo Medio,1,0.5226387379433093
752987,DAIRY,A,258445.0,153.10722748815166,263.1383854883542,1334.8889779054157,1898.0,12.396540850084156,0.0,0.0,Sin Riesgo,0,0.0
1642398,PRODUCE,A,257343.21800000014,152.45451303317543,612.4987259055554,1679.6803171377835,2316.0,15.191416468569994,0.0,0.0,Sin Riesgo,0,0.0
875604,GROCERY I,A,257298.0,152.4277251184834,362.29576706941646,1429.2898428988,1432.0,9.394616359241036,0.0,0.0,Sin Riesgo,0,0.0
699692,MEATS,A,257158.3013999999,152.34496528436014,434.5765759193014,1500.9913329098224,1610.0,10.56812082365077,0.0,0.0,Sin Riesgo,0,0.0
1463808,BEVERAGES,A,256892.0,152.1872037914692,686.8942079801285,1752.204634520413,1819.0,11.952384659701353,0.0,0.0,Sin Riesgo,0,0.0
1101724,BEVERAGES,A,256796.0,152.13033175355451,403.6387691082453,1468.551091383127,1333.0,8.762223710649698,135.55109138312696,9.230260504962121,Riesgo Bajo,1,0.37838735498708886
1696015,PRODUCE,A,256764.0,152.11137440758293,610.8732735049974,1675.652894358078,1976.0,12.990481531678897,0.0,0.0,Sin Riesgo,0,0.0
264752,CLEANING,A,256604.0,152.0165876777251,313.5303777516992,1377.646491495775,1906.0,12.538105407554053,0.0,0.0,Sin Riesgo,0,0.0
872306,GROCERY I,A,256531.0,151.97334123222748,337.3280078285784,1401.1413964541707,1417.0,9.324003726645124,0.0,0.0,Sin Riesgo,0,0.0
464385,BREAD/BAKERY,A,256518.0,151.96563981042655,317.535895069147,1381.2953737421328,1297.0,8.534824066927076,84.29537374213282,6.102632018071865,Riesgo Bajo,1,0.24990182642440614
318847,CLEANING,A,256154.0,151.75,266.21518038220654,1328.4651803822067,671.0,4.421746293245469,657.4651803822067,49.490584329282186,Riesgo Alto,1,2.0237558878849473
318935,DELI,A,255896.0,151.59715639810426,394.3222538050001,1455.50234859173,1591.0,10.49491981117329,0.0,0.0,Sin Riesgo,0,0.0
1948448,BEVERAGES,A,255559.0,151.39751184834122,1098.216545463978,2157.9991284023663,2251.0,14.868143951103269,0.0,0.0,Sin Riesgo,0,0.0
968936,"LIQUOR,WINE,BEER",A,254560.0,150.80568720379148,733.963033577427,1789.6028440039674,1606.0,10.64946574481458,183.60284400396745,10.259418430135241,Riesgo Medio,1,0.4169147947813292
1092106,MEATS,A,254509.3891,150.77570444312795,375.14275453330634,1430.5726856352019,1772.0,11.7525565975279,0.0,0.0,Sin Riesgo,0,0.0
454326,GROCERY I,A,254394.0,150.70734597156397,357.6124485811276,1412.5638703820755,1527.0,10.13222009953065,0.0,0.0,Sin Riesgo,0,0.0
1473480,PRODUCE,A,254203.07010000016,150.59423584123232,387.6097878359685,1441.7694387245947,2042.0,13.559615934788027,0.0,0.0,Sin Riesgo,0,0.0
1354714,GROCERY I,A,253969.0,150.45556872037915,511.2690500295232,1564.4580310721772,1875.0,12.462150892431753,0.0,0.0,Sin Riesgo,0,0.0
305341,GROCERY I,A,253767.0,150.33590047393366,294.7591379218607,1347.1104412393963,1268.0,8.434445771120751,79.11044123939632,5.8726024843673175,Riesgo Bajo,1,0.23790312774080732
1091365,GROCERY I,A,253625.0,150.25177725118485,275.03955241766454,1326.8019931759584,1098.0,7.307733859043863,228.8019931759584,17.244622359081355,Riesgo Medio,1,0.6982004911181329
1038952,BREAD/BAKERY,A,253616.0,150.24644549763033,211.55155164553273,1263.2766701289452,1491.0,9.923695665888587,0.0,0.0,Sin Riesgo,0,0.0
1299616,DAIRY,A,253607.0,150.24111374407582,463.5155772123439,1515.2033734208746,1656.0,11.02228250797494,0.0,0.0,Sin Riesgo,0,0.0
402175,GROCERY I,A,253576.0,150.2227488151659,255.43547478121204,1306.9947164873731,1706.0,11.356469066473167,0.0,0.0,Sin Riesgo,0,0.0
1047698,BEVERAGES,A,253424.0,150.13270142180096,336.51131422975965,1387.4402241823664,1955.0,13.021813245785717,0.0,0.0,Sin Riesgo,0,0.0
108952,CLEANING,A,253399.0,150.11789099526067,353.32897008164446,1404.154207048469,1087.0,7.240975694458147,317.15420704846906,22.58685018044613,Riesgo Medio,1,0.913681790520529
127547,EGGS,A,253183.0,149.9899289099526,253.68707197133406,1303.6165743410022,1012.0,6.747119672331871,291.6165743410022,22.369811805163554,Riesgo Medio,1,0.9041308200945525
264753,CLEANING,A,253033.0,149.9010663507109,279.6387777160595,1328.946242171036,1429.0,9.532954199649849,0.0,0.0,Sin Riesgo,0,0.0
1958177,BEVERAGES,A,252923.0,149.83590047393366,978.6761864550758,2027.5274897726115,1833.0,12.233383282659148,194.5274897726115,9.594320706074761,Riesgo Bajo,1,0.3873797884196173
858872,BREAD/BAKERY,A,252801.0,149.76362559241707,388.1894398654427,1436.534819012362,2136.0,14.262475227550523,0.0,0.0,Sin Riesgo,0,0.0
365138,GROCERY I,A,252184.0,149.39810426540285,315.1136978946427,1360.9004277524625,1911.0,12.79132696761095,0.0,0.0,Sin Riesgo,0,0.0
2049778,BEVERAGES,A,252150.0,149.37796208530807,2227.5222839416983,3273.168018538855,3478.0,23.283220305373785,0.0,0.0,Sin Riesgo,0,0.0
507867,GROCERY I,A,252079.0,149.33590047393366,225.02439192250264,1270.3756952400383,1195.0,8.002094581460574,75.37569524003834,5.933338895136533,Riesgo Bajo,1,0.23876475746324008
724003,GROCERY I,A,251956.0,149.26303317535545,358.91098885872356,1403.7522210862116,1503.0,10.069472447570211,0.0,0.0,Sin Riesgo,0,0.0
1463887,BEVERAGES,A,251760.0,149.14691943127963,602.4372755175461,1646.4657115365035,1885.0,12.638544645694312,0.0,0.0,Sin Riesgo,0,0.0
584027,MEATS,A,251517.69370000006,149.00337304502372,238.66041314645614,1281.6840244616224,1802.0,12.093685956058842,0.0,0.0,Sin Riesgo,0,0.0
1240160,BEVERAGES,A,251437.0,148.95556872037915,558.80472536741,1601.493706410064,1738.0,11.667908859873448,0.0,0.0,Sin Riesgo,0,0.0
174081,BEVERAGES,A,251294.0,148.8708530805687,292.9360181778911,1335.0319897418722,1782.0,11.970106727578058,0.0,0.0,Sin Riesgo,0,0.0
1686652,PRODUCE,A,250926.0,148.65284360189574,446.5335008750065,1487.1034060882766,2185.0,14.69867610371185,0.0,0.0,Sin Riesgo,0,0.0
1239812,DAIRY,A,250319.0,148.29324644549763,340.5985757688127,1378.6513008872962,1271.0,8.570855588269369,107.6513008872962,7.808450245396506,Riesgo Bajo,1,0.3120276385231893
813167,FROZEN FOODS,A,250150.0,148.1931279620853,264.0285558324585,1301.3804515670556,1441.0,9.72379772136718,0.0,0.0,Sin Riesgo,0,0.0
1091368,GROCERY I,A,250064.0,148.14218009478674,231.47212687059306,1268.4673875341002,1808.0,12.204491650137564,0.0,0.0,Sin Riesgo,0,0.0
1464042,BEVERAGES,A,249959.0,148.07997630331752,441.81923722279356,1478.3790713460162,1227.0,8.286062914317949,251.3790713460162,17.00369521039984,Riesgo Medio,1,0.6784947506338319
364829,GROCERY I,A,249913.0,148.0527251184834,360.32196298953244,1396.6910388189162,1616.0,10.915030430589846,0.0,0.0,Sin Riesgo,0,0.0
881910,GROCERY I,A,249825.0,148.00059241706163,313.35290343049854,1349.35705034993,1955.0,13.209406584609225,0.0,0.0,Sin Riesgo,0,0.0
1463632,BEVERAGES,A,249143.0,147.59656398104266,858.1269168773425,1891.3028647446413,1109.0,7.513725049469581,782.3028647446413,41.36317241026681,Riesgo Alto,1,1.6451175354997971
1047686,BEVERAGES,A,249020.0,147.52369668246445,571.8550503966983,1604.5209271739493,2095.0,14.201108344711269,0.0,0.0,Sin Riesgo,0,0.0
558730,DAIRY,A,249018.0,147.52251184834122,280.7989436921911,1313.4565266305794,1174.0,7.958107446048078,139.45652663057945,10.61752131136981,Riesgo Medio,1,0.42207369258157423
1920059,GROCERY I,A,249008.0,147.5165876777251,579.3760521878903,1611.9921659319662,1566.0,10.615755317098246,45.992165931966156,2.853125896264886,Riesgo Bajo,1,0.11341451436666038
954553,DAIRY,A,248785.0,147.38447867298578,253.6566860401856,1285.348036751086,1279.0,8.677982997367204,6.348036751086056,0.4938768776690001,Riesgo Bajo,1,0.019614502060066166
1489741,PRODUCE,A,248698.99480000016,147.33352772511859,494.99254552391005,1526.32723959974,1666.0,11.307677388328544,0.0,0.0,Sin Riesgo,0,0.0
1078288,GROCERY I,A,248632.0,147.29383886255926,1222.8250337254324,2253.8819057633473,2026.0,13.754818366099293,227.88190576334728,10.110640898293559,Riesgo Medio,1,0.4013008789474249
514757,CLEANING,A,248583.0,147.2648104265403,245.0004408771231,1275.854113862905,1761.0,11.95805022869625,0.0,0.0,Sin Riesgo,0,0.0
311954,CLEANING,A,248191.0,147.03258293838863,236.03958809801426,1265.2676686667346,1142.0,7.766985910045086,123.26766866673461,9.742418281866549,Riesgo Bajo,1,0.38599990902798725
949511,GROCERY I,A,248033.0,146.93898104265404,548.0962918571249,1576.6691591557033,2182.0,14.849701451016598,0.0,0.0,Sin Riesgo,0,0.0
459801,GROCERY I,A,247402.0,146.56516587677726,349.3939985962616,1375.3501597337024,1238.0,8.446754674578216,137.3501597337024,9.986559332664518,Riesgo Bajo,1,0.394415064719343
1576589,PRODUCE,A,247298.0,146.50355450236967,390.74184392342386,1416.2667254400114,1895.0,12.934839747996344,0.0,0.0,Sin Riesgo,0,0.0
586823,CLEANING,A,247293.0,146.50059241706163,255.52864124801673,1281.0327881674482,1712.0,11.68595957022641,0.0,0.0,Sin Riesgo,0,0.0
651326,GROCERY I,A,247192.0,146.44075829383885,312.49625601552157,1337.5815640723936,1645.0,11.233211430790641,0.0,0.0,Sin Riesgo,0,0.0
1105213,GROCERY I,A,246831.0,146.22689573459715,392.02693265964115,1415.6152028018212,839.0,5.737658559905361,576.6152028018212,40.7324816560722,Riesgo Alto,1,1.604999772023866
1463769,BEVERAGES,A,246742.0,146.17417061611374,450.8512503606759,1474.0704446734721,803.0,5.493446596039588,671.0704446734721,45.524991502161484,Riesgo Alto,1,1.7931943251305866
1080001,"LIQUOR,WINE,BEER",A,246397.0,145.96978672985782,1172.2192390570026,2194.0077461660076,1857.0,12.721810736332017,337.00774616600756,15.360371755975933,Riesgo Medio,1,0.6041872333610935
227111,EGGS,A,246342.0,145.9372037914692,217.2727466022776,1238.833173142562,1087.0,7.44840912227716,151.83317314256192,12.256143638566362,Riesgo Medio,1,0.48197743590673986
1473486,PRODUCE,A,246236.64100000018,145.87478732227498,415.0355408897171,1436.159052145642,2102.0,14.409618266357027,0.0,0.0,Sin Riesgo,0,0.0
308085,BEVERAGES,A,245968.0,145.71563981042655,432.40487504843236,1452.4143537214181,1268.0,8.7018799193391,184.41435372141814,12.697089728485974,Riesgo Medio,1,0.4985597343929371
1161556,BEVERAGES,A,245874.0,145.65995260663507,292.7201717477546,1312.3398399942,1325.0,9.096529116539365,0.0,0.0,Sin Riesgo,0,0.0
359913,BREAD/BAKERY,A,245796.0,145.61374407582937,220.69745215553885,1239.9936606863446,744.0,5.109407801591564,495.9936606863446,39.9996932574485,Riesgo Alto,1,1.569516456610203
1987383,GROCERY I,A,245765.0,145.59537914691944,1168.0094167544155,2187.177070782852,2832.0,19.451166764999083,0.0,0.0,Sin Riesgo,0,0.0
1336461,BEVERAGES,A,245716.0,145.56635071090048,1466.4504042729675,2485.414859249271,854.0,5.86674046460141,1631.414859249271,65.63953913682025,Riesgo Alto,1,2.5747398914161983
1463566,BEVERAGES,A,245690.0,145.5509478672986,326.4561811935142,1345.3128162646044,1354.0,9.302584557776058,0.0,0.0,Sin Riesgo,0,0.0
1124165,BEVERAGES,A,245637.0,145.51954976303318,322.64966736825613,1341.2865157094884,1283.0,8.816684782829947,58.28651570948841,4.345567857935045,Riesgo Bajo,1,0.1704020135956455
556698,BEVERAGES,A,245521.0,145.45082938388626,377.44949656267806,1395.6053022498818,2024.0,13.915355509304703,0.0,0.0,Sin Riesgo,0,0.0
1088002,BEVERAGES,A,245364.0,145.35781990521326,377.1520614603475,1394.6568007968403,2000.0,13.759149671508453,0.0,0.0,Sin Riesgo,0,0.0
759698,BEVERAGES,A,245314.0,145.3281990521327,312.4478141220691,1329.745207486998,1507.0,10.369632389508956,0.0,0.0,Sin Riesgo,0,0.0
260669,GROCERY I,A,245262.0,145.29739336492892,294.1106106204066,1311.192364174909,1348.0,9.27752362779395,0.0,0.0,Sin Riesgo,0,0.0
562568,GROCERY I,A,245203.0,145.26244075829385,401.55319492242853,1418.3902802304854,1734.0,11.937015452502619,0.0,0.0,Sin Riesgo,0,0.0
155499,GROCERY I,A,244872.0,145.06635071090048,633.0546857786641,1648.5191407549673,2066.0,14.24175895978307,0.0,0.0,Sin Riesgo,0,0.0
1239876,POULTRY,A,244437.89600000004,144.80918009478674,742.7563287766542,1756.4205894401614,1463.0,10.102950648863382,293.4205894401614,16.70559951325131,Riesgo Medio,1,0.6518760186067294
1124973,DAIRY,A,244094.0,144.60545023696682,310.7745421922471,1323.0126938510148,1475.0,10.20016878743435,0.0,0.0,Sin Riesgo,0,0.0
757880,GROCERY I,A,243944.0,144.5165876777251,312.9331071560395,1324.5492209001154,1639.0,11.341258649526122,0.0,0.0,Sin Riesgo,0,0.0
567644,GROCERY I,A,243622.0,144.32582938388626,412.6734264325804,1422.9542321197841,1010.0,6.99805436290647,412.95423211978414,29.020907545606967,Riesgo Alto,1,1.1286567820183866
1898959,BEVERAGES,A,243617.0,144.3228672985782,1015.4479418871067,2025.7080129771539,2112.0,14.633855601210097,0.0,0.0,Sin Riesgo,0,0.0
1113847,DELI,A,243483.0,144.24348341232226,304.50594129906204,1314.210325185318,1791.0,12.41650546444721,0.0,0.0,Sin Riesgo,0,0.0
988408,GROCERY I,A,243426.0,144.20971563981044,363.8513261204399,1373.319335599113,1599.0,11.088018535407063,0.0,0.0,Sin Riesgo,0,0.0
1943792,BEVERAGES,A,243278.0,144.12203791469193,853.8540054847729,1862.7082708876164,1425.0,9.887453859370762,437.70827088761644,23.498487537130007,Riesgo Medio,1,0.9125930324854971
1105214,GROCERY I,A,242530.0,143.67890995260663,295.79225634591745,1301.544626014164,1301.0,9.05491279429349,0.5446260141638959,0.04184459013378225,Riesgo Bajo,1,0.0016200901697098185
1489880,PRODUCE,A,242398.0,143.60071090047393,441.6483635942031,1446.8533398975205,1341.0,9.338393881137634,105.85333989752053,7.316107097974286,Riesgo Bajo,1,0.2831023590442494
1937608,GROCERY I,A,242256.0,143.5165876777251,965.714973079222,1970.331086823298,1651.0,11.503896704312794,319.33108682329794,16.206976023412658,Riesgo Medio,1,0.6267739434742519
1239800,DAIRY,A,242190.0,143.47748815165878,319.03027555752635,1323.3726926191378,1353.0,9.430050786572526,0.0,0.0,Sin Riesgo,0,0.0
850334,GROCERY I,A,242179.0,143.47097156398104,258.99645388427916,1263.2932548321464,766.0,5.339059125688024,497.29325483214643,39.364831002617976,Riesgo Alto,1,1.5218760223698984
1239845,DAIRY,A,242092.0,143.41943127962085,359.31254885751446,1363.2485678148605,635.0,4.427572988781124,728.2485678148605,53.420086769807796,Riesgo Alto,1,2.064521591080327
519560,DELI,A,242041.2515999997,143.38936706161118,235.87815955184968,1239.603728983128,1046.0,7.294822631796382,193.6037289831279,15.618195109976392,Riesgo Medio,1,0.6034685418152984
1695872,PRODUCE,A,241916.0,143.31516587677726,852.7536581595771,1855.959819297018,1490.0,10.396666611551117,365.95981929701793,19.718089556250877,Riesgo Medio,1,0.76148934248555
991329,GROCERY I,A,241754.0,143.21919431279622,265.2337291572848,1267.7680893468585,1329.0,9.279482449101152,0.0,0.0,Sin Riesgo,0,0.0
502067,GROCERY I,A,241648.0,143.1563981042654,543.2497401128787,1545.3445268427365,1346.0,9.402304177977886,199.3445268427365,12.899681810761868,Riesgo Medio,1,0.4976185996336275
671062,DELI,A,241600.0,143.12796208530807,308.38282914011546,1310.278563737272,1296.0,9.054834437086091,14.278563737271952,1.089734971817412,Riesgo Bajo,1,0.04202930613055923
771157,CLEANING,A,241579.0,143.11552132701422,280.3302447168881,1282.1388940059876,1307.0,9.132482541942801,0.0,0.0,Sin Riesgo,0,0.0
623317,MEATS,A,241525.78409999996,143.0839953199052,273.8647441599531,1275.4527113992895,1817.0,12.698834666571734,0.0,0.0,Sin Riesgo,0,0.0
458029,CLEANING,A,241463.0,143.0468009478673,328.85914827768676,1330.1867549127578,1911.0,13.359264152271777,0.0,0.0,Sin Riesgo,0,0.0
1084417,GROCERY I,A,241428.0,143.0260663507109,391.4261383909337,1392.60860284591,2054.0,14.361018605961199,0.0,0.0,Sin Riesgo,0,0.0
911990,CLEANING,A,241414.0,143.01777251184834,290.9371628230408,1292.0615704059792,920.0,6.432766948064321,372.0615704059792,28.79596289587605,Riesgo Alto,1,1.1097584460537633
617096,EGGS,A,241367.0,142.9899289099526,238.90660441427218,1239.8361067839403,1328.0,9.287367370021586,0.0,0.0,Sin Riesgo,0,0.0
867850,CLEANING,A,241139.0,142.85485781990522,250.58581725168625,1250.5698219910228,1617.0,11.319181053251445,0.0,0.0,Sin Riesgo,0,0.0
1464941,BEVERAGES,A,241023.0,142.7861374407583,682.2549600928653,1681.7579221781734,673.0,4.713342710031823,1008.7579221781734,59.98234994913262,Riesgo Alto,1,2.30789669803642
1642401,PRODUCE,A,240967.0,142.75296208530807,373.44364462837774,1372.7143792255342,1739.0,12.181883826416064,0.0,0.0,Sin Riesgo,0,0.0
406965,CLEANING,A,240815.0,142.66291469194312,467.59310942527856,1466.2335122688803,1954.0,13.69662188817142,0.0,0.0,Sin Riesgo,0,0.0
1239797,DAIRY,A,240765.0,142.63329383886256,317.57923977240023,1316.0122966444383,1700.0,11.918675887275974,0.0,0.0,Sin Riesgo,0,0.0
1418022,GROCERY I,A,240755.0,142.62736966824644,540.2338961530568,1538.6254838307818,1417.0,9.934979543519345,121.62548383078183,7.904814076520145,Riesgo Bajo,1,0.3038095187324245
816606,PERSONAL CARE,A,240597.0,142.53376777251185,365.46297563434797,1363.199350041931,1705.0,11.962077665141294,0.0,0.0,Sin Riesgo,0,0.0
165705,GROCERY I,A,239778.0,142.04857819905214,235.54847161142908,1229.888519004794,635.0,4.4703016957352215,594.888519004794,48.369304194023066,Riesgo Alto,1,1.8514567659925443
1224521,BEVERAGES,A,239610.0,141.9490521327014,491.40823814079835,1485.0516030697083,1708.0,12.03248612328367,0.0,0.0,Sin Riesgo,0,0.0
833396,PERSONAL CARE,A,239539.0,141.906990521327,325.6792749958862,1319.0282086451753,1478.0,10.415272669586164,0.0,0.0,Sin Riesgo,0,0.0
860548,DAIRY,A,239513.0,141.8915876777251,237.6410304042568,1230.8821441483326,1199.0,8.45011335501622,31.8821441483326,2.590186582842371,Riesgo Bajo,1,0.09903633077181508
1047394,CLEANING,A,239505.0,141.88684834123222,266.0446162023543,1259.2525545909798,1054.0,7.428454520782448,205.2525545909798,16.299554354102405,Riesgo Medio,1,0.6231960853562177
982726,CLEANING,A,239155.0,141.67950236966826,266.3351126783932,1258.0916292660709,1373.0,9.690886663460935,0.0,0.0,Sin Riesgo,0,0.0
567579,GROCERY I,A,238832.0,141.48815165876778,456.0321404908414,1446.4492021022158,2018.0,14.262678368057882,0.0,0.0,Sin Riesgo,0,0.0
1418847,GROCERY I,A,238551.0,141.32168246445497,586.9625489147485,1576.2143261659332,1626.0,11.505665455185685,0.0,0.0,Sin Riesgo,0,0.0
913964,GROCERY I,A,238280.0,141.1611374407583,579.9257846296811,1568.0537467149893,2221.0,15.733792177270438,0.0,0.0,Sin Riesgo,0,0.0
1696020,PRODUCE,A,238200.0,141.11374407582937,552.5734470730224,1540.369655603828,1595.0,11.302938706968934,0.0,0.0,Sin Riesgo,0,0.0
1464907,BEVERAGES,A,238149.0,141.08353080568722,590.793569030452,1578.3782846702625,1589.0,11.262831252703139,0.0,0.0,Sin Riesgo,0,0.0
1445215,FROZEN FOODS,A,237925.0,140.95082938388626,825.2091220682654,1811.8649277554691,1252.0,8.882530209099507,559.8649277554691,30.899926323372657,Riesgo Alto,1,1.173631949382856
577740,GROCERY I,A,237604.0,140.760663507109,238.8849020005907,1224.2095465503537,1250.0,8.880321880103029,0.0,0.0,Sin Riesgo,0,0.0
1239903,POULTRY,A,237371.12400000024,140.62270379146935,282.5053263574258,1266.8642528977111,1364.0,9.699713938246328,0.0,0.0,Sin Riesgo,0,0.0
1037856,BEVERAGES,A,237352.0,140.61137440758293,320.5721828069066,1304.8518036599871,1226.0,8.719067039671037,78.85180365998713,6.042970047542196,Riesgo Bajo,1,0.22896955440190195
1303141,BREAD/BAKERY,A,237085.0,140.4531990521327,354.2970120171171,1337.469405382046,1339.0,9.533424721091592,0.0,0.0,Sin Riesgo,0,0.0
754103,GROCERY I,A,236958.0,140.37796208530807,1493.7365700863652,2476.3823046835214,2082.0,14.831387840883194,394.3823046835214,15.925743934514303,Riesgo Medio,1,0.6024284950142339
584246,MEATS,A,236737.60400000002,140.24739573459718,648.9847431858215,1630.7165133280018,994.0,7.08747563399349,636.7165133280018,39.04519934176523,Riesgo Alto,1,1.475602199883314
514149,GROCERY I,A,235688.0,139.62559241706163,315.02945792270873,1292.40860484214,1379.0,9.876412884830792,0.0,0.0,Sin Riesgo,0,0.0
1354384,GROCERY I,A,235553.0,139.54561611374407,492.7372842087229,1469.5565970049315,775.0,5.553739498117197,694.5565970049315,47.26300425723588,Riesgo Alto,1,1.7772329868395684
1929797,GROCERY I,A,235430.0,139.4727488151659,1224.5664657752766,2200.8757074814375,1790.0,12.834048337085333,410.87570748143753,18.668737452312623,Riesgo Medio,1,0.7016348504002934
816679,MEATS,A,235419.3370999997,139.46643193127946,269.06334434020704,1245.3283678591633,683.0,4.897235775964647,562.3283678591633,45.15502757123077,Riesgo Alto,1,1.6970031404327646
407500,EGGS,A,235348.0,139.42417061611374,254.286848523038,1230.2560428358343,1332.0,9.5535802301273,0.0,0.0,Sin Riesgo,0,0.0
1403464,GROCERY I,A,235286.0,139.38744075829385,384.27962473810027,1359.991710046157,1655.0,11.87337963159729,0.0,0.0,Sin Riesgo,0,0.0
168989,GROCERY I,A,235057.0,139.25177725118485,978.9960747707643,1953.758515529058,1130.0,8.114797687369446,823.7585155290581,42.162760084297965,Riesgo Alto,1,1.5821098119157218
525902,EGGS,A,234987.0,139.21030805687204,253.28392445267448,1227.7560808507787,1428.0,10.25786107316575,0.0,0.0,Sin Riesgo,0,0.0
921042,PERSONAL CARE,A,234893.0,139.15462085308056,285.77207705209753,1259.8544230236614,1283.0,9.219959726343484,0.0,0.0,Sin Riesgo,0,0.0
660320,BREAD/BAKERY,A,234800.0,139.0995260663507,185.76627808267787,1159.4629605471328,1555.0,11.179045996592846,0.0,0.0,Sin Riesgo,0,0.0
1331068,PERSONAL CARE,A,234697.0,139.03850710900474,582.4789886897393,1555.7485384527724,2308.0,16.599717934187485,0.0,0.0,Sin Riesgo,0,0.0
915810,DAIRY,A,234546.0,138.9490521327014,276.31381200420924,1248.9571769331192,387.0,2.785193522805761,861.9571769331192,69.01414979252539,Riesgo Alto,1,2.58404798837505
634010,MEATS,A,234504.7979000003,138.92464330568737,270.77987990801375,1243.2523830478253,1697.0,12.21525540480209,0.0,0.0,Sin Riesgo,0,0.0
821186,BEVERAGES,A,234326.0,138.81872037914692,376.1161395909758,1347.8471822450042,619.0,4.459052772632998,728.8471822450042,54.074912337689504,Riesgo Alto,1,2.02278956655458
1239795,DAIRY,A,234193.0,138.7399289099526,312.63535240724065,1283.8148547769088,611.0,4.403923259875402,672.8148547769088,52.40746765574894,Riesgo Alto,1,1.9593024730302886
1609724,PRODUCE,A,233837.0,138.52902843601896,406.473462989083,1376.1766620412156,1600.0,11.549925803016631,0.0,0.0,Sin Riesgo,0,0.0
1696026,PRODUCE,A,233823.0,138.5207345971564,516.5168241181444,1486.1619662982393,1576.0,11.37735808710007,0.0,0.0,Sin Riesgo,0,0.0
1726000,PRODUCE,A,233660.0,138.42417061611374,418.4874576356667,1387.4566519484629,666.0,4.811298467859283,721.4566519484629,51.99850034487863,Riesgo Alto,1,1.939588465345896
1464010,BEVERAGES,A,233576.0,138.37440758293837,457.91225016977165,1426.5331032503402,2114.0,15.277391512826663,0.0,0.0,Sin Riesgo,0,0.0
1660260,PRODUCE,A,232490.0,137.73104265402844,459.02800783012736,1423.1453064083264,1162.0,8.43673276269947,261.1453064083264,18.349869492061483,Riesgo Medio,1,0.681038492489892
1609729,PRODUCE,A,232194.0,137.55568720379148,489.3064468460897,1452.1962572726302,1958.0,14.234235165422017,0.0,0.0,Sin Riesgo,0,0.0
583973,MEATS,A,231817.67099999965,137.33274348341212,279.08855364570206,1240.4177580295868,1390.0,10.121402694965404,0.0,0.0,Sin Riesgo,0,0.0
819227,MEATS,A,231619.3914,137.21527926540284,241.28994645754315,1201.7969013153631,1216.0,8.861986846581447,0.0,0.0,Sin Riesgo,0,0.0
1447815,CLEANING,A,231614.0,137.21208530805688,391.3270593065289,1351.8116564629272,591.0,4.307200773701071,760.8116564629272,56.28089185542484,Riesgo Alto,1,2.0809429767224596
603255,GROCERY I,A,231475.0,137.1297393364929,4788.821657739329,5748.729833094779,5730.0,41.78524678691004,18.72983309477877,0.32580819830762037,Riesgo Bajo,1,0.012039279659917685
1660188,PRODUCE,A,231427.0,137.10130331753555,478.22420958918997,1437.9333328119387,1627.0,11.867137369451273,0.0,0.0,Sin Riesgo,0,0.0
1238497,DAIRY,A,231150.0,136.9372037914692,375.0484902319599,1333.6089167722441,1166.0,8.514851827817434,167.60891677224413,12.568071093728946,Riesgo Medio,1,0.46376388791215795
1711747,PRODUCE,A,231072.0,136.89099526066352,425.66067487111815,1383.8976416957628,1868.0,13.645893920509623,0.0,0.0,Sin Riesgo,0,0.0
1660272,PRODUCE,A,230728.0,136.6872037914692,444.8693368447031,1401.6797633849874,1656.0,12.115252591796402,0.0,0.0,Sin Riesgo,0,0.0
167437,GROCERY II,A,230611.0,136.61789099526067,251.57715057778861,1207.9023875446132,1030.0,7.539276096977161,177.90238754461325,14.728208949586378,Riesgo Medio,1,0.5422060481128033
1351305,GROCERY I,A,230518.0,136.5627962085308,458.7114210686271,1414.6509945283428,1355.0,9.92217527481585,59.650994528342835,4.216658013818525,Riesgo Bajo,1,0.15516995146274937
789223,CLEANING,A,230442.0,136.51777251184834,233.85193482844184,1189.4763424113803,1104.0,8.086859166297812,85.4763424113803,7.186048125858253,Riesgo Bajo,1,0.264354166027136
268623,CLEANING,A,230277.0,136.42002369668248,249.60473825530718,1204.5449041320844,1622.0,11.889750170446895,0.0,0.0,Sin Riesgo,0,0.0
583975,MEATS,A,230071.8460999999,136.29848702606628,235.84011655761017,1189.9295257400743,1074.0,7.879764650612768,115.92952574007427,9.742553927130444,Riesgo Bajo,1,0.3578250143986684
1259006,EGGS,A,229744.0,136.1042654028436,280.32734659667506,1233.0572044165801,1535.0,11.278118253360262,0.0,0.0,Sin Riesgo,0,0.0
1919933,GROCERY I,A,229659.0,136.05390995260663,1267.1595763268879,2219.5369459951344,2823.0,20.749128055072955,0.0,0.0,Sin Riesgo,0,0.0
165553,BEVERAGES,A,229621.0,136.0313981042654,259.6344188759953,1211.8542056058532,1174.0,8.630360463546452,37.85420560585317,3.123660043489173,Riesgo Bajo,1,0.11450112876825502
1464027,BEVERAGES,A,229523.0,135.97334123222748,1819.2064462245328,2771.0198348501253,2780.0,20.44518414276565,0.0,0.0,Sin Riesgo,0,0.0
996537,GROCERY I,A,229421.0,135.91291469194312,244.4064474807996,1195.7968503244015,1702.0,12.522724598009773,0.0,0.0,Sin Riesgo,0,0.0
269084,BREAD/BAKERY,A,228651.0,135.45675355450237,202.26789748746467,1150.4651723689813,970.0,7.160957091812413,180.46517236898126,15.686278620445002,Riesgo Medio,1,0.5725684736724729
583927,MEATS,A,228320.51349999974,135.26096771327,218.16634156871424,1164.993115561604,355.0,2.624556115497702,809.9931155616041,69.52771692312821,Riesgo Alto,1,2.5341790890655824
414425,GROCERY I,A,228144.0,135.1563981042654,339.1412592939725,1285.2360460238303,1431.0,10.587734062697244,0.0,0.0,Sin Riesgo,0,0.0
1239841,DAIRY,A,228130.0,135.14810426540285,300.6368858731324,1246.6736157309524,1091.0,8.072625257528601,155.6736157309524,12.48711882297096,Riesgo Medio,1,0.4547566374360472
119187,CLEANING,A,228089.0,135.12381516587678,298.09927802937204,1243.9659841905095,1206.0,8.925147639737121,37.965984190509516,3.052011443481331,Riesgo Bajo,1,0.11112835881548867
1914279,BEVERAGES,A,227917.0,135.02191943127963,1215.2296026573379,2160.383038676295,2756.0,20.41150067787835,0.0,0.0,Sin Riesgo,0,0.0
577743,GROCERY I,A,227838.0,134.97511848341233,256.00322671649724,1200.8290561003837,558.0,4.134095278224001,642.8290561003837,53.53210374405249,Riesgo Alto,1,1.947039993725297
105737,GROCERY I,A,227786.0,134.94431279620852,340.42555104092384,1285.0357406143835,1442.0,10.68588938740748,0.0,0.0,Sin Riesgo,0,0.0
765092,POULTRY,A,227632.17669999952,134.85318524881487,337.90220703011977,1281.8745037718238,1414.0,10.485477205384933,0.0,0.0,Sin Riesgo,0,0.0
452079,CLEANING,A,227626.0,134.8495260663507,506.45480768977836,1450.4014901542332,579.0,4.293674712027625,871.4014901542332,60.08001895127465,Riesgo Alto,1,2.183163840134109
583968,MEATS,A,227594.18590000007,134.83067885071094,237.31091844219856,1181.125670397175,1118.0,8.291881414005838,63.1256703971751,5.344534623140309,Riesgo Bajo,1,0.19418043070554572
1965853,GROCERY I,A,227300.0,134.6563981042654,743.1809320756767,1685.7757188055343,1359.0,10.092353717553893,326.7757188055343,19.384293839341396,Riesgo Medio,1,0.7033699692835349
1324667,GROCERY I,A,226817.0,134.3702606635071,445.9230851030672,1386.514909747617,1879.0,13.983749013521914,0.0,0.0,Sin Riesgo,0,0.0
1038962,BREAD/BAKERY,A,226801.0,134.36078199052133,259.7146165808953,1200.2400905145446,1163.0,8.655799577603274,37.24009051454459,3.1027200981580036,Riesgo Bajo,1,0.11233677858903643
1971436,DAIRY,A,226781.0,134.3489336492891,879.0402197673526,1819.4827553123764,1706.0,12.698277192533766,113.48275531237641,6.237088808950719,Riesgo Bajo,1,0.2257995102915062
358519,GROCERY I,A,226632.0,134.260663507109,390.59667637303136,1330.4213209227944,1991.0,14.829362137738713,0.0,0.0,Sin Riesgo,0,0.0
1239798,DAIRY,A,226326.0,134.07938388625593,310.91201330486064,1249.4677005086521,1858.0,13.857462244726634,0.0,0.0,Sin Riesgo,0,0.0
457727,DAIRY,A,226269.0,134.04561611374407,230.02517716643106,1168.3444899626397,1147.0,8.556788601178244,21.344489962639727,1.8269003830644386,Riesgo Bajo,1,0.06598942225717924
1463772,BEVERAGES,A,226074.0,133.93009478672985,599.6656390580835,1537.1763025651926,1868.0,13.94757468793404,0.0,0.0,Sin Riesgo,0,0.0
1306196,CLEANING,A,226008.0,133.89099526066352,372.5121038974932,1309.7490707221377,882.0,6.587448231920994,427.74907072213773,32.65885659199558,Riesgo Alto,1,1.1783089857639368
583925,MEATS,A,225825.5280000002,133.78289573459728,216.5399506989874,1153.0202208411683,1076.0,8.042881671021703,77.02022084116834,6.679867312732765,Riesgo Bajo,1,0.2408104182053391
1489895,PRODUCE,A,225761.0,133.74466824644549,506.1711166005836,1442.383794325702,2071.0,15.484729426251658,0.0,0.0,Sin Riesgo,0,0.0
1336459,BEVERAGES,A,225733.0,133.72808056872037,1038.4140249017971,1974.5105888828398,2907.0,21.738141964178922,0.0,0.0,Sin Riesgo,0,0.0
1148018,"LIQUOR,WINE,BEER",A,225637.0,133.6712085308057,838.9470956268129,1774.645555342453,2634.0,19.705066101747494,0.0,0.0,Sin Riesgo,0,0.0
1463770,BEVERAGES,A,225552.0,133.6208530805687,393.5998914680119,1328.9458630319928,1214.0,9.085408242888558,114.94586303199276,8.649401471459758,Riesgo Bajo,1,0.31143480042229754
568133,BEVERAGES,A,225521.0,133.60248815165878,436.3568672453115,1371.574284306923,1787.0,13.375499399169035,0.0,0.0,Sin Riesgo,0,0.0
1138053,PERSONAL CARE,A,225419.0,133.5420616113744,791.0463062470807,1725.8407375267016,1774.0,13.28420408217586,0.0,0.0,Sin Riesgo,0,0.0
1089845,BREAD/BAKERY,A,225274.0,133.45616113744074,216.22120505048744,1150.4143330125726,1051.0,7.875245256887169,99.41433301257257,8.641611127378582,Riesgo Bajo,1,0.31077078973555494
939131,DAIRY,A,225259.0,133.4472748815166,282.0165187935167,1216.1474429641328,1630.0,12.214561904296831,0.0,0.0,Sin Riesgo,0,0.0
305345,GROCERY I,A,225144.0,133.3791469194313,721.7013814185839,1655.3554098546028,1338.0,10.031553139324165,317.35540985460284,19.17143641572885,Riesgo Medio,1,0.689047930906767
679604,BREAD/BAKERY,A,224741.0,133.1404028436019,239.89019642359142,1171.8730163288046,603.0,4.529053443741907,568.8730163288046,48.543912898596005,Riesgo Alto,1,1.7416123294903445
1239862,POULTRY,A,224575.7320000001,133.04249526066357,347.0271022563586,1278.3245690810036,1227.0,9.222617161501667,51.324569081003574,4.014987298405847,Riesgo Bajo,1,0.14393996786327448
829389,GROCERY I,A,224356.0,132.91232227488152,334.46602275011884,1264.8522786742894,1209.0,9.096222075629802,55.85227867428944,4.415715543701992,Riesgo Bajo,1,0.15815145033284675
1464081,BEVERAGES,A,224255.0,132.85248815165878,306.1988457210142,1236.1662627826256,1723.0,12.969271588147421,0.0,0.0,Sin Riesgo,0,0.0
456870,GROCERY I,A,224028.0,132.718009478673,377.5862031031216,1306.6122694538326,1133.0,8.536897173567588,173.6122694538326,13.287206427841289,Riesgo Medio,1,0.47519338427152563
363889,GROCERY I,A,223955.0,132.67476303317537,275.3790652405178,1204.1024064727453,988.0,7.446781719541872,216.10240647274532,17.947178355517785,Riesgo Medio,1,0.6416398718793732
1288843,MEATS,A,223659.8003,132.4998816943128,428.1663033752943,1355.6654752354839,1713.0,12.928313430135885,0.0,0.0,Sin Riesgo,0,0.0
1161555,BEVERAGES,A,223520.0,132.4170616113744,291.28968624395276,1218.2091175235737,577.0,4.357444523979957,641.2091175235737,52.63538979473823,Riesgo Alto,1,1.8781429050697638
1412575,POULTRY,A,223328.67349999995,132.30371652843598,327.67448353128435,1253.8004992303363,1810.0,13.680643654564136,0.0,0.0,Sin Riesgo,0,0.0
363049,PERSONAL CARE,A,223133.0,132.1877962085308,229.83963670549494,1155.1542101652105,960.0,7.262395073790071,195.15421016521054,16.89421277677718,Riesgo Medio,1,0.6017778050820723
660503,DAIRY,A,223077.0,132.15462085308056,232.0638476598143,1157.146193631378,1227.0,9.284578867386598,0.0,0.0,Sin Riesgo,0,0.0
886067,BEVERAGES,A,223027.0,132.125,323.744588465499,1248.619588465499,1658.0,12.54872280037843,0.0,0.0,Sin Riesgo,0,0.0
577745,GROCERY I,A,222554.0,131.84478672985782,220.67290226217926,1143.586409371184,1676.0,12.711917107758117,0.0,0.0,Sin Riesgo,0,0.0
1457339,HOME CARE,A,222471.0,131.79561611374407,489.9280447580511,1412.4973575542597,1483.0,11.252271082523116,0.0,0.0,Sin Riesgo,0,0.0
750856,GROCERY I,A,222454.0,131.78554502369667,326.6648820045084,1249.1636971703851,1219.0,9.24987637893677,30.16369717038515,2.4147113175568724,Riesgo Bajo,1,0.085751127421438
1345070,GROCERY I,A,222277.0,131.68068720379148,512.4703262934015,1434.235136719942,1507.0,11.444350967486514,0.0,0.0,Sin Riesgo,0,0.0
1179579,BREAD/BAKERY,A,222097.0,131.5740521327014,275.77090063317974,1196.7892655620897,1159.0,8.808727718069132,37.78926556208967,3.1575538525858504,Riesgo Bajo,1,0.11195096985386427
1024976,CLEANING,A,222082.0,131.56516587677726,383.8061532843151,1304.762314421756,1414.0,10.747525688709576,0.0,0.0,Sin Riesgo,0,0.0
374464,GROCERY I,A,222065.0,131.55509478672985,221.55411204364194,1142.439775550751,690.0,5.244950802692905,452.43977555075094,39.602943212707856,Riesgo Alto,1,1.4039187649895781
1230417,PERSONAL CARE,A,221841.0,131.42239336492892,326.0305434392492,1245.9872969937517,1131.0,8.605839317348911,114.98729699375167,9.228609093462396,Riesgo Bajo,1,0.32682289035763634
1239842,DAIRY,A,221563.0,131.25770142180096,281.4864736252493,1200.2903835778561,486.0,3.702639881207602,714.2903835778561,59.50979807475264,Riesgo Alto,1,2.1048449770538182
1239986,POULTRY,A,221190.23899999997,131.0368714454976,6111.090106291871,7028.348206410355,7012.0,53.511656090755444,16.348206410354578,0.23260381999064658,Riesgo Bajo,1,0.008213290850128088
1695959,PRODUCE,A,221067.22909999994,130.96399828199048,499.64955443266973,1416.3975424066032,1710.0,13.05702347539851,0.0,0.0,Sin Riesgo,0,0.0
315473,BREAD/BAKERY,A,220892.0,130.8601895734597,353.71221570586795,1269.733542720086,1531.0,11.699509262444996,0.0,0.0,Sin Riesgo,0,0.0
936994,GROCERY I,A,220648.0,130.71563981042655,285.91669137570796,1200.9261700486938,1599.0,12.232660164606068,0.0,0.0,Sin Riesgo,0,0.0
1346626,CLEANING,A,220563.0,130.66528436018956,441.1825917217122,1355.839582243039,1316.0,10.071535116950713,39.839582243039104,2.9383699048769705,Riesgo Bajo,1,0.10346025136730383
742735,PERSONAL CARE,A,220545.0,130.65462085308056,301.7990642806638,1216.3814102522276,1779.0,13.616051146024622,0.0,0.0,Sin Riesgo,0,0.0
554047,GROCERY I,A,220420.0,130.58056872037915,337.84040101208245,1251.9043820547365,1369.0,10.483948824970511,0.0,0.0,Sin Riesgo,0,0.0
1673295,PRODUCE,A,220401.0,130.56931279620852,433.60605562658213,1347.5912452000416,1527.0,11.694937863258335,0.0,0.0,Sin Riesgo,0,0.0
1239794,DAIRY,A,220396.0,130.56635071090048,298.7556745284846,1212.720129504788,1144.0,8.761828708325014,68.72012950478802,5.6666107729942405,Riesgo Bajo,1,0.1993707730677589
122418,GROCERY I,A,220237.0,130.47215639810426,354.26238327449795,1267.5674780612278,1179.0,9.036410775664399,88.5674780612278,6.987200255144893,Riesgo Bajo,1,0.2456562821478786
413986,CLEANING,A,220110.0,130.39691943127963,255.12674671263227,1167.9051827315895,1633.0,12.523301985370951,0.0,0.0,Sin Riesgo,0,0.0
1456922,HOME CARE,A,220067.0,130.37144549763033,375.49970338817565,1288.099821871588,1178.0,9.035720939532052,110.09982187158789,8.547460375517687,Riesgo Bajo,1,0.30028000955389117
862213,DAIRY,A,219989.0,130.32523696682463,216.3209463553098,1128.5976051230823,976.0,7.488956265995118,152.5976051230823,13.520993171560058,Riesgo Medio,1,0.4748363530647696
319094,DELI,A,219984.0,130.3222748815166,229.26956502295002,1141.525489193566,1240.0,9.51487380900429,0.0,0.0,Sin Riesgo,0,0.0
1457178,HOME CARE,A,219782.0,130.20260663507108,578.7862336162805,1490.204480061778,2064.0,15.852217197040705,0.0,0.0,Sin Riesgo,0,0.0
1110679,SEAFOOD,A,219680.0,130.14218009478674,241.53147463551818,1152.5267352990254,1482.0,11.387545520757465,0.0,0.0,Sin Riesgo,0,0.0
103665,BREAD/BAKERY,A,219669.0,130.135663507109,211.24583543738325,1122.1954799871462,1412.0,10.850215551579877,0.0,0.0,Sin Riesgo,0,0.0
743497,FROZEN FOODS,A,219481.0,130.02428909952607,253.0884800300048,1163.2585037266872,1251.0,9.62127929069031,0.0,0.0,Sin Riesgo,0,0.0
457425,EGGS,A,219308.0,129.9218009478673,206.88122994595972,1116.333836581031,1114.0,8.574388531198132,2.333836581030937,0.20906260336770965,Riesgo Bajo,1,0.007319227229045178
1179580,BREAD/BAKERY,A,219128.0,129.81516587677726,253.00684060988942,1161.7130017473303,960.0,7.395129787156365,201.71300174733028,17.363410880650743,Riesgo Medio,1,0.6073895545961564
996122,BEVERAGES,A,218967.0,129.71978672985782,264.1886541073219,1172.2271612163267,890.0,6.860942516452251,282.22716121632675,24.07614927839431,Riesgo Medio,1,0.8415890911411736
996613,MEATS,A,218928.96859999988,129.69725627962077,204.14369325286617,1112.0244872102116,612.0,4.718681162233368,500.02448721021165,44.96524069039583,Riesgo Alto,1,1.5715006148069754
1489662,PRODUCE,A,218911.0,129.6866113744076,331.32803860852624,1239.1343182293795,1039.0,8.011621161111137,200.13431822937946,16.15113997612098,Riesgo Medio,1,0.5644236041725597
1417697,GROCERY I,A,218776.0,129.60663507109004,504.46977912823604,1411.7162246258663,1353.0,10.43928035982009,58.71622462586629,4.159208741928802,Riesgo Bajo,1,0.1452595841808464
229368,GROCERY I,A,218660.0,129.53791469194312,244.1684086587695,1150.9338115023713,1166.0,9.00122564712339,0.0,0.0,Sin Riesgo,0,0.0
1148972,GROCERY I,A,218632.0,129.521327014218,274.3473660654681,1180.996655164994,1063.0,8.20714259577738,117.99665516499408,9.991277676269885,Riesgo Bajo,1,0.3487138191858329
1072167,DELI,A,218615.0,129.51125592417063,266.17730911520664,1172.7561005844009,1732.0,13.373354984790613,0.0,0.0,Sin Riesgo,0,0.0
765519,GROCERY I,A,218585.0,129.49348341232226,341.5605310501026,1248.0149149363585,1289.0,9.95416885879635,0.0,0.0,Sin Riesgo,0,0.0
1726956,PRODUCE,A,218450.0,129.41350710900474,379.06470461953984,1284.959254382573,1791.0,13.839359121080339,0.0,0.0,Sin Riesgo,0,0.0
938657,BEVERAGES,A,218288.0,129.3175355450237,267.585039222557,1172.807788037723,1187.0,9.178956241295902,0.0,0.0,Sin Riesgo,0,0.0
699693,MEATS,A,217910.44069999948,129.09386297393334,257.9001824403955,1161.5572232579289,1509.0,11.689169145900433,0.0,0.0,Sin Riesgo,0,0.0
1394348,CLEANING,A,217768.0,129.00947867298578,506.1200568520865,1409.186407562987,1306.0,10.123287167995297,103.18640756298691,7.322410080681591,Riesgo Bajo,1,0.25455551557473205
1132005,BEVERAGES,A,217651.0,128.94016587677726,263.0763911361631,1165.6575522736039,1668.0,12.9362327763254,0.0,0.0,Sin Riesgo,0,0.0
1152350,FROZEN FOODS,A,217525.0,128.86552132701422,315.9968470684656,1218.055496357565,1814.0,14.076690035628088,0.0,0.0,Sin Riesgo,0,0.0
1350565,BEVERAGES,A,217296.0,128.72985781990522,483.2324301805254,1384.341434919862,1488.0,11.559089905014357,0.0,0.0,Sin Riesgo,0,0.0
1210038,BREAD/BAKERY,A,217248.0,128.70142180094786,323.85808951604827,1224.7680421226833,1547.0,12.020069229636178,0.0,0.0,Sin Riesgo,0,0.0
1937662,GROCERY I,A,217215.0,128.6818720379147,758.5115927055377,1659.2846969709408,1040.0,8.081946458577907,619.2846969709408,37.32238946706723,Riesgo Alto,1,1.2941769331097106
637016,GROCERY I,A,217019.0,128.56575829383885,221.81346201598163,1121.7737700728537,1029.0,8.003686313179953,92.77377007285372,8.27027450167858,Riesgo Bajo,1,0.2865181143808963
1457177,HOME CARE,A,216957.0,128.52902843601896,406.0934125424089,1305.7966115945417,1578.0,12.277382154067395,0.0,0.0,Sin Riesgo,0,0.0
819195,GROCERY I,A,216890.0,128.489336492891,238.82467869588382,1138.250034146121,944.0,7.346913181797224,194.25003414612092,17.065673474092282,Riesgo Medio,1,0.590877376872754
314879,CLEANING,A,216812.0,128.4431279620853,247.0200003228869,1146.121896057484,1169.0,9.101304355847462,0.0,0.0,Sin Riesgo,0,0.0
1121514,CLEANING,A,216621.0,128.32997630331752,354.4954846264955,1252.8053187497183,1307.0,10.18468200220662,0.0,0.0,Sin Riesgo,0,0.0
1464043,BEVERAGES,A,216556.0,128.29146919431278,377.86326362945647,1275.903547989646,1112.0,8.667762611056725,163.90354798964609,12.846076668404733,Riesgo Medio,1,0.4440942319114468
1064018,GROCERY I,A,216544.0,128.28436018957345,225.86246364266648,1123.8529849696806,1299.0,10.125942071819123,0.0,0.0,Sin Riesgo,0,0.0
1047695,BEVERAGES,A,216505.0,128.26125592417063,270.01969121182464,1167.848482681019,1697.0,13.230807602595782,0.0,0.0,Sin Riesgo,0,0.0
793346,PERSONAL CARE,A,216093.0,128.01718009478674,458.0420644175404,1354.1623250810476,1744.0,13.623171504861332,0.0,0.0,Sin Riesgo,0,0.0
968937,"LIQUOR,WINE,BEER",A,215994.0,127.9585308056872,379.55438164605624,1275.2640972858667,1432.0,11.19112567941702,0.0,0.0,Sin Riesgo,0,0.0
1463568,BEVERAGES,A,215708.0,127.78909952606635,333.5822878509456,1228.10598453341,1580.0,12.364121868451797,0.0,0.0,Sin Riesgo,0,0.0
1076335,GROCERY I,A,215585.0,127.71623222748815,266.3189337015373,1160.3325592939543,1628.0,12.747009300275993,0.0,0.0,Sin Riesgo,0,0.0
1239881,POULTRY,A,215583.30999999965,127.71523104265383,354.5287536151071,1248.535370913684,1325.0,10.374643565867894,0.0,0.0,Sin Riesgo,0,0.0
1457000,HOME CARE,A,215007.0,127.37381516587678,471.5834286199486,1363.200134781086,1321.0,10.371048384471203,42.200134781086035,3.0956668580334963,Riesgo Bajo,1,0.10625300439217172
888682,BREAD/BAKERY,A,214592.0,127.12796208530806,161.42155837084124,1051.3172929679977,1561.0,12.278966597077245,0.0,0.0,Sin Riesgo,0,0.0
1176558,GROCERY I,A,214485.0,127.06457345971565,293.5235735736018,1182.9755877916114,1527.0,12.017511714105881,0.0,0.0,Sin Riesgo,0,0.0
510052,GROCERY I,A,214453.0,127.04561611374407,314.8985836642367,1204.2178964604452,1437.0,11.310897958993346,0.0,0.0,Sin Riesgo,0,0.0
215304,GROCERY I,A,214388.0,127.00710900473933,334.89716368122237,1223.9469267143977,1404.0,11.054499318991734,0.0,0.0,Sin Riesgo,0,0.0
319272,BEVERAGES,A,214334.0,126.97511848341232,440.19967351992074,1329.025502903807,1215.0,9.568803829537078,114.02550290380691,8.579632418992032,Riesgo Bajo,1,0.2935581569295124
208659,GROCERY I,A,214260.0,126.93127962085308,379.9595286275034,1268.478485973475,1667.0,13.133090637543173,0.0,0.0,Sin Riesgo,0,0.0
870938,DAIRY,A,214209.0,126.9010663507109,224.8556085316045,1113.1630729865808,910.0,7.170940530043088,203.1630729865808,18.250971301221913,Riesgo Medio,1,0.6241056262563232
1501525,PRODUCE,A,214199.90779999975,126.89567997630317,477.4850167695183,1365.7547766036405,1104.0,8.700059767252627,261.7547766036405,19.165576506682434,Riesgo Medio,1,0.6553534179677523
407542,DELI,A,213896.0,126.71563981042654,239.30142743215896,1126.3109061051448,1666.0,13.147548341249953,0.0,0.0,Sin Riesgo,0,0.0
1464029,BEVERAGES,A,213773.0,126.64277251184834,947.7464849324907,1834.2458925154292,1769.0,13.968424450234595,65.2458925154292,3.5570962858176536,Riesgo Bajo,1,0.12138998977935103
411555,GROCERY I,A,213719.0,126.61078199052133,201.21494849867577,1087.490422432325,1492.0,11.784146472704814,0.0,0.0,Sin Riesgo,0,0.0
158875,GROCERY I,A,213710.0,126.60545023696683,190.92872281632296,1077.1668744750907,1591.0,12.566599597585512,0.0,0.0,Sin Riesgo,0,0.0
575876,EGGS,A,213538.0,126.50355450236967,193.2474383290843,1078.772319845672,650.0,5.13819554365031,428.772319845672,39.74632199563775,Riesgo Alto,1,1.354897742320089
1971317,BEVERAGES,A,213243.0,126.32879146919431,824.4181924844166,1708.7197327687768,2399.0,18.990128632592864,0.0,0.0,Sin Riesgo,0,0.0
1146783,GROCERY I,A,212917.0,126.135663507109,252.65782444368904,1135.6074689934521,1204.0,9.54527820700085,0.0,0.0,Sin Riesgo,0,0.0
357963,EGGS,A,212863.0,126.10367298578198,202.70385591481013,1085.429566815284,1170.0,9.278080267589953,0.0,0.0,Sin Riesgo,0,0.0
857332,BREAD/BAKERY,A,212605.0,125.95082938388626,205.61703712497643,1087.2728428121802,891.0,7.074189224148068,196.27284281218022,18.051848173134694,Riesgo Medio,1,0.6126741372540564
519718,DELI,A,212562.0,125.92535545023696,223.34728805680058,1104.8247762084593,1063.0,8.441508830364787,41.8247762084593,3.785647924369843,Riesgo Bajo,1,0.12845773211183745
617092,EGGS,A,212531.0,125.90699052132702,193.0913558612767,1074.440289510566,1154.0,9.165495857074967,0.0,0.0,Sin Riesgo,0,0.0
1239720,DAIRY,A,212421.0,125.84182464454976,216.191941145137,1097.0847136569853,1489.0,11.832314130900428,0.0,0.0,Sin Riesgo,0,0.0
838415,DAIRY,A,212387.0,125.82168246445498,352.9759301243636,1233.7277073755486,1265.0,10.05391102091936,0.0,0.0,Sin Riesgo,0,0.0
315320,GROCERY I,A,211955.0,125.56575829383887,288.8213694344495,1167.7816774913217,1615.0,12.861786700007077,0.0,0.0,Sin Riesgo,0,0.0
305081,GROCERY I,A,211557.0,125.32997630331754,327.93095230937047,1205.2407864325933,974.0,7.7714847535179645,231.24078643259327,19.18627290377765,Riesgo Medio,1,0.6479662997776973
224081,CLEANING,A,211548.0,125.32464454976304,226.70574476011151,1103.9782566084527,923.0,7.364872274850152,180.97825660845274,16.393280893451525,Riesgo Medio,1,0.5536167302691184
724403,BREAD/BAKERY,A,211519.0,125.3074644549763,182.71787075834385,1059.870121943178,1061.0,8.467173161749063,0.0,0.0,Sin Riesgo,0,0.0
1914277,BEVERAGES,A,211488.0,125.28909952606635,1106.7523905194969,1983.7760872019612,2077.0,16.577659252534424,0.0,0.0,Sin Riesgo,0,0.0
1964739,BEVERAGES,A,211318.0,125.18838862559242,1483.908192667585,2360.226913046732,2440.0,19.490625502796732,0.0,0.0,Sin Riesgo,0,0.0
1047396,CLEANING,A,211311.0,125.18424170616113,190.2845253170463,1066.5742172601742,1155.0,9.226400897255704,0.0,0.0,Sin Riesgo,0,0.0
1489838,PRODUCE,A,211295.0,125.17476303317535,388.86777589902243,1265.0911171312498,974.0,7.781121181286827,291.0911171312498,23.00949814518774,Riesgo Medio,1,0.7761233837157177
592801,DAIRY,A,211290.0,125.1718009478673,214.88693078513742,1091.0895374202084,1076.0,8.596185337687539,15.089537420208444,1.3829788392881501,Riesgo Bajo,1,0.04664755441299057
683723,GROCERY I,A,211156.0,125.09241706161137,202.20296790979154,1077.849887341071,1113.0,8.897421811362216,0.0,0.0,Sin Riesgo,0,0.0
841607,CLEANING,A,210811.0,124.88803317535545,293.05872504392175,1167.27495727141,612.0,4.900389448368444,555.2749572714099,47.57019362168152,Riesgo Alto,1,1.6008940453431892
849080,DAIRY,A,210733.0,124.84182464454976,237.5025828718321,1111.3953553836805,1388.0,11.118068835920335,0.0,0.0,Sin Riesgo,0,0.0
958015,DAIRY,A,210654.0,124.79502369668246,214.65865377590785,1088.223819652685,1352.0,10.833765321332612,0.0,0.0,Sin Riesgo,0,0.0
838832,GROCERY I,A,210532.0,124.72274881516587,240.4255087289595,1113.4847504351205,1095.0,8.779472954230236,18.48475043512053,1.6600811486549034,Riesgo Bajo,1,0.05579327256864243
269286,CLEANING,A,210467.0,124.68424170616113,270.6502370458262,1143.439928988954,996.0,7.988178669340087,147.43992898895408,12.894418434322349,Riesgo Medio,1,0.43323164498233385
1579070,PRODUCE,A,210436.0,124.66587677725119,539.5293370738008,1412.190474514559,1349.0,10.820924176471706,63.1904745145589,4.4746424547496435,Riesgo Bajo,1,0.15031861951175993
838412,DAIRY,A,210266.0,124.56516587677726,253.72769066151852,1125.6838517989595,1673.0,13.43072108662361,0.0,0.0,Sin Riesgo,0,0.0
1465130,BEVERAGES,A,209962.0,124.38507109004739,469.50328802253324,1340.198785652865,819.0,6.584391461312047,521.1987856528649,38.889662580836315,Riesgo Alto,1,1.3034947245253448
888689,BREAD/BAKERY,A,209736.0,124.25118483412322,208.07500705368508,1077.8333008925476,1179.0,9.48884311706145,0.0,0.0,Sin Riesgo,0,0.0
1148971,GROCERY I,A,209278.0,123.97985781990522,392.63828213749844,1260.497286876835,683.0,5.50895937461176,577.497286876835,45.815036088472205,Riesgo Alto,1,1.5306151618092703
1136979,GROCERY I,A,208949.0,123.78495260663507,381.1441151279313,1247.6387833743768,1613.0,13.030662984747474,0.0,0.0,Sin Riesgo,0,0.0
671076,DELI,A,208862.0,123.73341232227489,211.77828637383777,1077.912172629762,1124.0,9.084045925060567,0.0,0.0,Sin Riesgo,0,0.0
2026650,GROCERY I,A,208782.0,123.68601895734596,654.6745047461795,1520.4766374476012,1498.0,12.111312277878362,22.476637447601206,1.4782625983212978,Riesgo Bajo,1,0.04926960088186961
1456916,HOME CARE,A,208713.0,123.64514218009478,448.0208112192836,1313.536806479947,1309.0,10.586748309880075,4.536806479947018,0.3453886071228472,Riesgo Bajo,1,0.01150778952953842
1960944,PRODUCE,A,208509.0,123.52428909952607,546.0861171002397,1410.7561407969222,1351.0,10.937120220230302,59.75614079692218,4.235752662622934,Riesgo Bajo,1,0.14099048344384268
1089163,EGGS,A,208307.0,123.40462085308057,231.54099073662846,1095.3733367081925,1619.0,13.11944389770867,0.0,0.0,Sin Riesgo,0,0.0
1243805,BEVERAGES,A,208295.0,123.39751184834124,999.014509772804,1862.7970927111928,1591.0,12.89329076550085,271.7970927111928,14.590805073439746,Riesgo Medio,1,0.4851683952216225
312324,GROCERY I,A,208200.0,123.34123222748815,275.7149537459177,1139.1035793383348,992.0,8.042728146013449,147.10357933833484,12.913977447404926,Riesgo Medio,1,0.4292152564493334
1457948,HOME CARE,A,208171.0,123.32405213270142,605.9426543446453,1469.2110192735554,1349.0,10.938661004654827,120.2110192735554,8.182011821078852,Riesgo Bajo,1,0.27190345922208914
873687,PERSONAL CARE,A,208070.0,123.26421800947867,718.4086378521876,1581.2581639185382,1955.0,15.860239342528958,0.0,0.0,Sin Riesgo,0,0.0
108701,DELI,A,207914.0,123.1718009478673,215.24311096086768,1077.4457175959387,1064.0,8.638340852467847,13.445717595938731,1.247925290003437,Riesgo Bajo,1,0.041419678309878985
1354381,GROCERY I,A,207858.0,123.13862559241706,551.3478026793802,1413.3181818262997,1242.0,10.086193458996046,171.31818182629968,12.121699418380164,Riesgo Medio,1,0.402220921427869
1463789,BEVERAGES,A,207853.0,123.135663507109,386.8169730011149,1248.766617550878,1293.0,10.500613414287983,0.0,0.0,Sin Riesgo,0,0.0
1161557,BEVERAGES,A,207739.0,123.06812796208531,273.261958143481,1134.7388538780783,1392.0,11.310808273843621,0.0,0.0,Sin Riesgo,0,0.0
268662,GROCERY I,A,207642.0,123.010663507109,860.531508361117,1721.60615291088,1704.0,13.852457595284191,17.606152910879928,1.0226585727003568,Riesgo Bajo,1,0.03389848338773296
890214,GROCERY I,A,207545.0,122.9531990521327,363.8902045562897,1224.5625979212186,1722.0,14.005328964802814,0.0,0.0,Sin Riesgo,0,0.0
314881,CLEANING,A,206839.0,122.53495260663507,231.48888863909667,1089.2335568855422,952.0,7.769211802416372,137.23355688554216,12.599093740550524,Riesgo Medio,1,0.4160122684261562
890825,GROCERY I,A,206694.0,122.44905213270142,278.916405445745,1136.0597703746548,1237.0,10.102160681974318,0.0,0.0,Sin Riesgo,0,0.0
1156724,GROCERY I,A,206531.0,122.35248815165876,313.8326799459082,1170.3000970075195,1660.0,13.567357926897174,0.0,0.0,Sin Riesgo,0,0.0
1239847,DAIRY,A,206346.0,122.24289099526067,270.80840486084395,1126.5086418276685,1146.0,9.37477828501643,0.0,0.0,Sin Riesgo,0,0.0
1460808,DAIRY,A,206334.0,122.23578199052133,377.13364029167013,1232.7841142253194,1573.0,12.868572314790582,0.0,0.0,Sin Riesgo,0,0.0
1696008,PRODUCE,A,206305.45989999996,122.2188743483412,425.10751260379675,1280.6396330421853,1038.0,8.492959909298069,242.63963304218532,18.946753386492496,Riesgo Medio,1,0.6239932989872893
211206,GROCERY I,A,206119.0,122.10841232227489,382.7115168021995,1237.4704030581238,1209.0,9.901037750037599,28.470403058123793,2.300693656007104,Riesgo Bajo,1,0.07570267459280705
1246498,GROCERY I,A,206032.0,122.05687203791469,273.6061437771766,1128.0042480425795,1659.0,13.5920245398773,0.0,0.0,Sin Riesgo,0,0.0
946671,DELI,A,206003.0,122.03969194312796,206.84965682599386,1061.1275004278896,1473.0,12.069843643053742,0.0,0.0,Sin Riesgo,0,0.0
1464041,BEVERAGES,A,205899.0,121.97808056872037,353.6326542231006,1207.4792182041433,1249.0,10.239544631105543,0.0,0.0,Sin Riesgo,0,0.0
1239844,DAIRY,A,205896.0,121.97630331753554,300.07672780837186,1153.9108510311207,1005.0,8.239305280335705,148.91085103112073,12.9048835010136,Riesgo Medio,1,0.42416653315523073
929627,GROCERY I,A,205495.0,121.73874407582939,799.7089955690398,1651.8802040998455,925.0,7.598238399961069,726.8802040998455,44.00320327683461,Riesgo Alto,1,1.4435105217213848
1146787,GROCERY I,A,205269.0,121.60485781990522,275.88102930837283,1127.1150340477093,844.0,6.940512205934652,283.1150340477093,25.1185571565826,Riesgo Alto,1,0.8230997270425795
1971255,BEVERAGES,A,205222.0,121.57701421800948,975.6273463223672,1826.6664458484336,2016.0,16.58208184307725,0.0,0.0,Sin Riesgo,0,0.0
279157,DAIRY,A,204946.0,121.41350710900474,240.46362027811142,1090.3581700411446,1076.0,8.862275916582904,14.358170041144604,1.3168306007743125,Riesgo Bajo,1,0.04308278388872076
476261,EGGS,A,204925.0,121.4010663507109,190.66394776727228,1040.4714122222485,839.0,6.910977186775649,201.47141222224855,19.36347408065196,Riesgo Medio,1,0.6334504135871913
1695984,PRODUCE,A,204807.54579999985,121.33148447867289,375.9707759889164,1225.2911673396266,1506.0,12.412277048046157,0.0,0.0,Sin Riesgo,0,0.0
1898961,BEVERAGES,A,204775.0,121.31220379146919,872.4876565543225,1721.6730830946067,1669.0,13.757890367476499,52.67308309460668,3.059412591845247,Riesgo Bajo,1,0.10001137223235046
1038946,BREAD/BAKERY,A,204606.0,121.21208530805687,188.38673747231263,1036.8713346287107,896.0,7.392002189574108,140.87133462871066,13.58619241597172,Riesgo Medio,1,0.4437624267931813
1156722,GROCERY I,A,204572.0,121.19194312796209,369.2907890294172,1217.6343909251518,1310.0,10.80929941536476,0.0,0.0,Sin Riesgo,0,0.0
1124164,BEVERAGES,A,204414.0,121.09834123222748,330.55873573438214,1178.2471243599744,954.0,7.877894860430303,224.24712435997435,19.032265789045375,Riesgo Medio,1,0.6210628221943224
1457840,BREAD/BAKERY,A,204409.0,121.09537914691943,365.9427407122581,1213.6103947406941,1144.0,9.447098708960956,69.61039474069412,5.735810688698609,Riesgo Bajo,1,0.18716697627946152
954805,GROCERY I,A,204182.0,120.96090047393365,203.81950134110926,1050.5458046586448,998.0,8.25059995494216,52.545804658644784,5.0017623625386385,Riesgo Bajo,1,0.16303277075334013
